tree
version=v4
num_class=1
num_tree_per_iteration=1
label_index=0
max_feature_idx=8
objective=binary sigmoid:1
feature_names=Column_0 Column_1 Column_2 Column_3 Column_4 Column_5 Column_6 Column_7 Column_8
feature_infos=[20.001220703125:197.99490356445312] [-0.9719223558445047:0.96047807399772966] [0.12026049378719117:2.7967707459978124] [0:27.950220108032227] [0:1.9355031036556221] [0:2.6270582675933838] [2:2229] [4.0138305279158182e-05:0.9719223558445047] [0.49017856220278194:695.16500245055931]
tree_sizes=1668 1708 1706 1714 1716 1712 1714 1714 1714 1713 1722 1732 1707 1727 1722 1718 1725 1720 1725 1727 1725 1720 1725 1722 1718 1729 1723 1711 1733 1729 1722 1733 1729 1727 1732 1734 1739 1730 1738 1724 1727 1725 1731 1735 1729 1744 1730 1736 1732 1726 1740 1732 1744 1727 1736 1733 1727 1742 1744 1743 1732 1739 1729 1735 1750 1734 1739 1730 1750 1740 1733 1715 1737 1739 1736 1735 1751 1717 1750 1735 1741 1737 1733 1743 1733 1746 1743 1736 1734 1734 1747 1748 1753 1739 1733 1735 1748 1743 1727 1740 1746 1744 1728 1737 1746 1734 1758 1736 1746 1743 1723 1759 1738 1743 1745 1742 1725 1724 1743 1722 1734 1747 1766 1746 1756 1732 1735 1744 1744 1749 1729 1730 1750 1740 1751 1749 1736 1734 1744 1743 1726 1746 1739 1726 1741 1726 1729 1744 1744 1743 1737 1734 1746 1734 1753 1748 1740 1754 1733 1729 1749 1731 1747 1743 1738 1732 1746 1728 1743 1762 1739 1741 1739 1744 1733 1746 1750 1744 1736 1748 1760 1734 1755 1741 1736 1739 1729 1752 1731 1742 1742 1752 1738 1749 1735 1720 1749 1722 1725 1724 1739 1727 1744 1762 1727 1751 1745 1737 1741 1721 1740 1751 1744 1735 1751 1731 1737 1735 1730 1731 1726 1727 1736 1728 1736 1747 1714 1730 1743 1751 1751 1737 1732 1741 1748 1751 1740 1735 1733 1729 1749 1736 1745 1735 1721 1744 1727 1736 1738 1753 1730 1740 1722 1733 1748 1737 1741 1726 1737 1755 1749 1743 1738 1736 1734 1728 1750 1739 1755 1732 1726 1744 1730 1731 1735 1743 1747 1736 1733 1740 1754 1729 1740 1724 1750 1738 1737 1747 1741 1718 1732 1720 1743 1745 1739 1749 1738 1740 1731 1743

Tree=0
num_leaves=15
num_cat=0
split_feature=6 3 0 6 0 4 3 4 7 4 8 7 1 3
split_gain=17385.9 1944.34 1204.55 635.134 1058.26 547.875 506.198 418.622 306.586 188.278 186.811 163.686 156.006 152.416
threshold=20.500000000000004 1.3139953613281252 57.51618957519532 9.5000000000000018 79.060150146484389 0.69319358260354502 0.74956417083740245 1.4410885450712971 0.81625637818997177 0.20080345218886592 47.878592466735782 0.58786606222024462 0.70303001560600509 0.53936767578125011
decision_type=2 2 2 2 2 2 2 2 2 2 2 2 2 2
left_child=3 2 12 -1 6 10 8 11 -5 -6 -4 -7 -2 -14
right_child=1 -3 5 4 9 7 -8 -9 -10 -11 -12 -13 13 -15
leaf_value=-2.0695680317710483 -1.6197287938590337 -2.0733194783587976 -1.6308267855045102 -1.657848088865042 -1.7347326339327029 -1.6515691843511831 -2.0537813924035309 -2.0472255959965961 -2.0253588428199167 -2.0460954635721738 -1.9383982247445886 -2.0581124475781771 -1.5936067800973965 -2.0774668503898761
leaf_weight=2829.5371427834034 248.83227813243866 36.167482286691666 5.373454511165618 36.580824941396713 4.9601118564605704 59.521342277526855 14.77699990570545 8.2668530941009504 6.7168181389570227 229.50850902497768 60.761370241641998 2.5833915919065467 2.8933985829353324 3.7200838923454285
leaf_count=27382 2408 350 52 354 48 576 143 80 65 2221 588 25 28 36
internal_value=-2.02134 -1.72254 -1.69017 -2.06232 -1.99218 -1.81008 -1.8011 -1.71297 -1.71486 -2.03951 -1.91341 -1.66848 -1.6261 -1.86578
internal_weight=3550.2 428.12 391.952 3122.08 292.543 136.506 58.0746 70.3716 43.2976 234.469 66.1348 62.1047 255.446 6.61348
internal_count=34356 4143 3793 30213 2831 1321 562 681 419 2269 640 601 2472 64
is_linear=0
shrinkage=1


Tree=1
num_leaves=15
num_cat=0
split_feature=6 2 4 6 0 7 4 2 4 5 8 7 2 5
split_gain=13197.7 4154.58 422.19 404.289 757.815 209.021 185.354 253.222 134.621 124.563 117.926 103.03 77.4508 83.4962
threshold=17.500000000000004 2.2911722687442189 1.5399128625000815 8.5000000000000018 79.616172790527358 0.73440438958627585 0.18322796290463136 0.36188519508372285 0.20878228184105921 1.6970373243093493 26.838906819049658 0.64387098804796128 0.51339809196956099 0.0016853213310241701
decision_type=2 2 2 2 2 2 2 2 2 2 2 2 2 2
left_child=3 2 9 -1 5 6 -5 -8 11 -2 -3 -6 13 -10
right_child=1 10 -4 4 8 -7 7 -9 12 -11 -12 -13 -14 -15
leaf_value=-0.049289511803953558 0.29886756913983265 0.29355467975350502 -0.050931826269462722 0.32509222487998418 0.34111276456208384 -0.0085418154177399237 0.32361998635624295 0.029849771264397858 -0.03470546890822198 0.044367310507524509 -0.04104497989881787 -0.041281166566238571 -0.043462204456769973 0.18783214958782857
leaf_weight=2655.7476890981197 437.66330228000879 2.6900349855422965 8.9426934495568258 20.168913535773754 4.2525368928909293 14.461274333298205 11.243488885462282 21.104115039110184 9.2009032219648379 4.8612693920731536 124.84028173238039 3.0071081444621086 227.39509054273367 7.7783664464950553
leaf_count=26684 3253 20 88 156 34 137 90 186 91 40 1129 26 2251 77
internal_value=-0.000389617 0.218013 0.289198 -0.0429046 0.0103162 0.159781 0.206132 0.131959 -0.0294671 0.296072 -0.0339872 0.182717 -0.0357705 0.0672412
internal_weight=3553.36 578.998 451.467 2974.36 318.612 66.9778 52.5165 32.3476 251.634 442.525 127.53 7.25965 244.374 16.9793
internal_count=34262 4530 3381 29732 3048 569 432 276 2479 3293 1149 60 2419 168
is_linear=0
shrinkage=0.05


Tree=2
num_leaves=15
num_cat=0
split_feature=6 2 6 0 3 4 2 3 3 8 4 2 3 0
split_gain=10537.2 2666.44 357.751 626.826 310.702 247.916 167.466 153.923 127.499 104.408 80.1332 66.5592 92.2049 63.4557
threshold=17.500000000000004 2.2911722687442189 7.5000000000000009 79.616172790527358 0.054920196533203132 1.5399128625000815 0.29046273205502288 1.3139953613281252 0.017829895019531253 41.217889650922139 0.53574751429044165 0.3873914793651439 0.078516006469726576 123.46797943115236
decision_type=2 2 2 2 2 2 2 2 2 2 2 2 2 2
left_child=2 5 -1 4 -4 7 -6 13 10 -3 -5 12 -10 -2
right_child=1 9 3 8 6 -7 -8 -9 11 -11 -12 -13 -14 -15
leaf_value=-0.049357228944882668 0.23590501964067317 0.22683722569728221 0.26620363102020939 0.3285675313473162 0.23436332074999938 -0.04989538868153362 0.015011528111996505 -0.058369751036610566 -0.05624476379872459 -0.039410140498760286 -0.020367791492355958 -0.038779026212505369 0.22178892195974892 0.023488319282821621
leaf_weight=2473.2341185212135 519.11550024151802 3.8004154339432707 26.356780990958214 3.9887632280588141 10.804870910942553 7.9193987175822249 44.693522870540619 4.526264250278472 6.0154349133372289 118.34491676092148 2.8006243854761124 309.84757103770971 5.913208544254303 3.5398513823747626
leaf_count=25825 3193 24 176 31 73 81 402 37 61 1105 29 3167 54 24
internal_value=-0.00100471 0.179665 -0.0421831 0.00104905 0.124848 0.227781 0.0577167 0.231952 -0.0297928 -0.0311262 0.184632 -0.0343171 0.0815807 0.234466
internal_weight=3540.9 657.246 2883.65 410.421 81.8552 535.101 55.4984 527.182 328.566 122.145 6.78939 321.776 11.9286 522.655
internal_count=34282 4464 29818 3993 651 3335 475 3254 3342 1129 60 3282 115 3217
is_linear=0
shrinkage=0.05


Tree=3
num_leaves=15
num_cat=0
split_feature=6 2 6 8 3 8 3 2 5 6 8 5 2 3
split_gain=8853.04 1995.32 317.115 412.13 161.97 139.341 131.375 139.731 100.405 66.464 104.518 63.9509 100.918 78.2994
threshold=16.500000000000004 2.2582483613498594 8.5000000000000018 31.048452394820711 1.5658969879150393 41.217889650922139 0.054920196533203132 0.68962122920532132 0.0029852092266082768 22.500000000000004 58.533706605488852 0.0018313229084014895 0.37858385824058521 0.034812927246093757
decision_type=2 2 2 2 2 2 2 2 2 2 2 2 2 2
left_child=2 4 -1 6 8 -3 -4 -8 -2 10 -10 -5 -13 -14
right_child=1 5 3 11 -6 -7 7 -9 9 -11 -12 12 13 -15
leaf_value=-0.04765674538228571 -0.045351721277728518 0.19267411883195953 0.1947681829744371 -0.054986461192052784 -0.057062955108987179 -0.040657906484837476 0.13298303822912272 -0.044242504414853355 0.194359439016943 0.19854557063764772 0.038442821080598488 0.29356292551271712 0.14892496715013656 -0.019260881626015917
leaf_weight=2472.4454230740666 4.4201612025499335 6.7583038806915274 28.03400144726038 105.78543162345886 6.5933368951082221 120.14271230995655 25.984258733689785 19.444800712168217 28.694144703447819 561.35577313601971 17.186245873570442 2.8233989328145972 7.3755441084504119 112.09520937502384
leaf_count=26823 45 37 162 1116 62 1156 189 184 165 3020 128 20 56 1149
internal_value=-0.000650413 0.152363 -0.0417529 0.00665491 0.189431 -0.0282315 0.109651 0.057126 0.192088 0.193816 0.135955 -0.0265196 -0.00189547 -0.0088779
internal_weight=3519.14 745.151 2773.99 301.543 618.25 126.901 73.4631 45.4291 611.656 607.236 45.8804 228.08 122.294 119.471
internal_count=34312 4613 29699 2876 3420 1193 535 373 3358 3313 293 2341 1225 1205
is_linear=0
shrinkage=0.05


Tree=4
num_leaves=15
num_cat=0
split_feature=0 8 5 8 5 2 0 5 8 5 3 0 8 0
split_gain=5580.34 1628.58 699.197 467.698 255.241 213.738 201.418 201.375 175.084 232.719 171.519 112.903 112.647 187.489
threshold=65.865783691406264 6.9194208217021318 2.0186933130025868 152.79227525053952 0.0018313229084014895 1.3864771406297163 77.142486572265639 1.5650233253836634 16.572804173259069 1.5650233253836634 1.3139953613281252 123.46797943115236 26.838906819049658 114.373348236084
decision_type=2 2 2 2 2 2 2 2 2 2 2 2 2 2
left_child=1 5 10 4 -2 -1 8 11 -6 -10 -3 -5 -8 -14
right_child=3 2 -4 7 6 -7 12 -9 9 -11 -12 -13 13 -15
leaf_value=-0.0318691209896469 -0.051801382991237224 0.16847393374293251 -0.057218896986188476 0.1801581427751604 -0.029769384240699883 0.17083368646456124 -0.046860431770726095 -0.040457869945889569 0.14354083831017678 -0.057748683994002882 -0.056683909929897594 -0.018200445332742229 0.032559023991067033 -0.039965054418549376
leaf_weight=172.48479071259499 1687.5822509154677 578.0318041369319 37.606486916542053 40.751987591385841 52.501112960278988 14.065217331051825 394.05275993794203 20.713472753763199 53.802198477089405 19.586558640003204 8.583793640136717 8.7063094377517682 158.45404922217131 203.64683718979359
leaf_count=1895 18985 2928 353 213 590 105 4433 205 331 180 84 81 1461 2244
internal_value=-0.00169228 0.113041 0.151781 -0.0369309 -0.0404088 -0.016586 -0.0186117 0.0904255 0.0399459 0.0898191 0.165179 0.14524 -0.0283608 -0.00822878
internal_weight=3450.57 810.772 624.222 2639.8 2569.63 186.55 882.044 70.1718 125.89 73.3888 586.616 49.4583 756.154 362.101
internal_count=34088 5365 3365 28723 28224 2000 9239 499 1101 511 3012 294 8138 3705
is_linear=0
shrinkage=0.05


Tree=5
num_leaves=15
num_cat=0
split_feature=6 2 6 0 3 5 3 3 0 2 3 6 5 6
split_gain=6680.31 1311.87 301.822 457.136 193.193 223.37 115.24 100.65 99.1584 88.0647 91.1038 69.9323 69.0168 60.3748
threshold=16.500000000000004 2.3216350245501207 6.5000000000000009 79.616172790527358 0.048583984375000007 0.019786536693573002 1.5658969879150393 0.013807296752929689 99.867256164550795 0.37858385824058521 0.17055130004882815 21.500000000000004 1.5650233253836634 8.5000000000000018
decision_type=2 2 2 2 2 2 2 2 2 2 2 2 2 2
left_child=2 6 -1 4 13 -6 8 -5 -2 10 -9 -10 -3 -4
right_child=1 12 3 7 5 -7 -8 9 11 -11 -12 -13 -14 -15
leaf_value=-0.048375599385073548 0.15247165305778274 0.030567311420643152 0.37239682742869246 0.24918389113170308 0.19433919523399684 -0.012233862723546788 -0.056478876194391785 -0.039338253553092638 -0.013242771156184337 -0.037911388048757995 0.23653047978458597 0.12770514004283315 -0.055397800733343751 0.16205792634085006
leaf_weight=2145.3137946799397 685.48964704573154 31.828943625092506 3.8387412354350081 3.1842769905924788 17.571387603878975 51.269172064960003 6.9412672817707053 5.9221303164958936 15.408358000218866 338.48260369151831 6.0502721890807152 20.520463772118092 87.625399805605412 30.659238889813423
leaf_count=25131 3180 292 35 22 103 462 70 62 134 3768 45 107 880 145
internal_value=-0.000804328 0.121089 -0.0405166 -0.00362177 0.0888894 0.0404934 0.146277 -0.0306549 0.148228 -0.0331975 0.100072 0.0672585 -0.0324922 0.185463
internal_weight=3450.11 847.814 2602.29 456.978 103.339 68.8406 728.36 353.639 721.418 350.455 11.9724 35.9288 119.454 34.498
internal_count=34436 4663 29773 4642 745 565 3491 3897 3421 3875 107 241 1172 180
is_linear=0
shrinkage=0.05


Tree=6
num_leaves=15
num_cat=0
split_feature=6 2 6 0 4 5 4 2 4 2 7 7 5 4
split_gain=5862.99 1071.69 308.522 362.459 116.594 74.1929 73.0074 60.5688 57.5399 117.12 73.7068 55.1984 49.6542 41.5164
threshold=16.500000000000004 2.2911722687442189 7.5000000000000009 85.055473327636733 1.5399128625000815 1.5650233253836634 0.19685131953716958 0.37002037349725703 0.15505063905318175 0.45259741245085433 0.77134575296507712 0.64387098804796128 1.6970373243093493 1.3911351842692319
decision_type=2 2 2 2 2 2 2 2 2 2 2 2 2 2
left_child=2 4 -1 8 12 13 11 -8 10 -10 -4 -5 -2 -3
right_child=1 5 3 6 -6 -7 7 -9 9 -11 -12 -13 -14 -15
leaf_value=-0.046944433824959005 0.13609031296871621 0.068444953563770658 0.15637156927546148 0.16903085950300642 -0.056141619843687984 -0.05560124493031552 0.096566662229196701 -0.038443926819375918 0.11770428662873088 -0.017064763094804758 -0.0095148239010896668 -0.04591208291610091 0.00095935904203668762 -0.055904937672367275
leaf_weight=2124.3140841051936 740.25009320676327 23.583741255104542 34.741614513099194 7.9655488282442075 8.0771811306476575 83.056101925671101 8.5847499743103963 256.92160909622908 31.969150483608246 32.51929248124361 8.2949517294764501 4.7788553088903427 6.8610933423042288 9.3827279806137067
leaf_count=25850 3310 194 163 61 86 869 73 2948 204 284 77 49 42 100
internal_value=-0.00068569 0.11107 -0.0394743 0.00166052 0.132807 -0.0304111 -0.0284673 -0.0340786 0.0796247 0.0497449 0.124398 0.0884323 0.134849 0.0330532
internal_weight=3381.3 871.211 2510.09 385.776 755.188 116.023 278.251 265.506 107.525 64.4884 43.0366 12.7444 747.111 32.9665
internal_count=34310 4601 29709 3859 3438 1163 3131 3021 728 488 240 110 3352 294
is_linear=0
shrinkage=0.05


Tree=7
num_leaves=15
num_cat=0
split_feature=6 2 6 3 4 2 4 3 4 3 6 4 5 3
split_gain=5330.37 1044.47 231.733 309.458 222.962 198.865 135.973 277.787 94.0284 90.1785 81.3046 64.8389 58.4961 80.3954
threshold=14.500000000000002 2.0748584174577198 5.5000000000000009 0.017829895019531253 0.1672922001119945 0.35783112159426828 0.1979121975128342 0.046489715576171882 0.2183607646669368 1.5658969879150393 7.5000000000000009 1.5399128625000815 0.014765381813049318 0.068058013916015639
decision_type=2 2 2 2 2 2 2 2 2 2 2 2 2 2
left_child=2 9 -1 8 -3 12 7 -7 10 11 -4 -2 13 -5
right_child=1 4 3 5 -6 6 -8 -9 -10 -11 -12 -13 -14 -15
leaf_value=-0.048867531081747836 0.12646481314502275 0.12701361710242673 0.39478858402171646 -0.023882276067734683 -0.038790165534960154 0.19496240136588883 -0.041203121399212783 -0.032037216910618553 0.014440278423309007 -0.056829011218161335 0.15035152400334392 -0.04659635080098725 -0.024640773349332987 0.1659719947661096
leaf_weight=1843.4035897552967 773.0053246691823 23.687815420329571 4.2105407342314747 7.3603735938668278 140.77435529977083 19.453497909009457 396.51520067453384 43.870602540671825 10.349082939326761 6.8599128499627104 17.713358640670776 5.4503943696618071 9.0891724154353124 23.002123579382896
leaf_count=23367 3361 105 44 79 1454 121 4683 498 113 68 81 61 92 147
internal_value=-0.00044453 0.0996677 -0.0404806 -0.0113957 -0.0149091 -0.0210949 -0.0303377 0.0376983 0.138659 0.123663 0.197296 0.125253 0.0866367 0.119948
internal_weight=3324.75 949.778 2374.97 531.564 164.462 499.291 459.839 63.3241 32.273 785.316 21.9239 778.456 39.4517 30.3625
internal_count=34274 5049 29225 5858 1559 5620 5302 619 238 3490 125 3422 318 226
is_linear=0
shrinkage=0.05


Tree=8
num_leaves=15
num_cat=0
split_feature=0 8 5 5 4 2 2 3 3 8 4 1 2 0
split_gain=3664.67 985.224 415.682 312.223 331.45 147.338 112.499 111.133 109.11 106.562 87.0199 75.5884 71.0056 70.5884
threshold=69.215770721435561 6.5626577561481154 2.0186933130025868 0.0018313229084014895 0.62813445320404337 1.6542617490640388 2.1751333049019546 0.0066480636596679696 1.3139953613281252 82.12340950416683 0.21409891184457944 -0.73642133563778733 0.27765439029281952 77.142486572265639
decision_type=2 2 2 2 2 2 2 2 2 2 2 2 2 2
left_child=1 5 8 -2 7 10 9 -5 11 -6 -1 -3 -12 -9
right_child=3 2 -4 4 6 -7 -8 13 -10 -11 12 -13 -14 -15
leaf_value=-0.043019591970528098 -0.049852972804328911 0.025692364786776237 -0.05593398952792257 0.10243562861581597 0.023331386929617764 0.158011506721872 -0.014346459964515119 0.018419614774280429 -0.051428791697204629 0.11143003185980929 0.20528223716001859 0.11755352042852277 -0.04480191649910107 -0.037336419674083555
leaf_weight=166.0601568967104 1442.2335918545723 23.11282991617918 38.509377203881741 15.79108817130327 64.631979033350945 10.613052070140837 55.21399812400341 62.977304063737392 10.017265789210795 73.198005422949791 6.6540817841887456 720.02033317089081 4.9495546072721481 575.57955002039671
leaf_count=2117 18970 178 424 178 574 72 614 590 106 376 38 3102 62 7120
internal_value=-0.00106953 0.0798449 0.104294 -0.0357001 -0.0116123 -0.022959 0.0459599 -0.0285972 0.112487 0.0701183 -0.0337695 0.114696 0.0986083 -0.0318375
internal_weight=3269.56 979.937 791.66 2289.63 847.392 188.277 193.044 654.348 753.15 137.83 177.664 743.133 11.6036 638.557
internal_count=34521 6099 3810 28422 9452 2289 1564 7888 3386 950 2217 3280 100 7710
is_linear=0
shrinkage=0.05


Tree=9
num_leaves=15
num_cat=0
split_feature=0 8 2 8 7 0 8 0 2 2 0 3 3 4
split_gain=3351.45 793.853 321.663 275.086 160.217 197.403 129.577 313.227 122.438 103.496 124.579 86.4709 72.9213 71.5021
threshold=67.80661773681642 7.5502686592002988 2.397345846096004 127.41418200685946 0.59173610163983814 44.418308258056648 26.838906819049658 115.8661231994629 1.9305753936577277 2.0285136408607172 82.79477691650392 1.4284400939941408 0.10635375976562501 0.1991259825994956
decision_type=2 2 2 2 2 2 2 2 2 2 2 2 2 2
left_child=1 4 11 6 5 -1 -2 9 -5 10 -8 -3 -4 -12
right_child=3 2 12 8 -6 -7 7 -9 -10 -11 13 -13 -14 -15
leaf_value=0.17185822507269968 -0.046490819505246916 0.1094260584838776 0.11660268247373268 0.10068490701861184 -0.043408661272068161 -0.021036871424236565 0.11913310319362935 -0.046811992874172065 -0.012086978733595937 -0.020515699036646358 0.16801726689881955 -0.055820741687476694 -0.055940189124081385 0.0098920415895509123
leaf_weight=22.426072746515274 1500.2060741335154 718.24028581380844 7.2722667157649985 51.253441043198109 136.19711773842573 32.461965993046761 45.965803273022175 389.2398152500391 45.378691308200359 78.02902327477932 7.6904552206397048 8.0049288570880872 38.765165381133556 101.57712970674038
leaf_count=117 20385 3004 30 247 1775 414 221 5159 478 852 59 89 426 972
internal_value=-0.000973043 0.076903 0.0994802 -0.0347774 -0.014344 0.0577759 -0.0385332 -0.0193556 0.0477269 0.0264602 0.0500729 0.107605 -0.0286846 0.0210212
internal_weight=3182.71 963.368 772.283 2219.34 191.085 54.888 2122.71 622.502 96.6321 233.262 155.233 726.245 46.0374 109.268
internal_count=34228 5855 3549 28373 2306 531 27648 7263 725 2104 1252 3093 456 1031
is_linear=0
shrinkage=0.05


Tree=10
num_leaves=15
num_cat=0
split_feature=0 8 2 8 2 8 0 2 3 2 4 4 2 3
split_gain=3080.06 730.808 297.115 285.174 159.007 117.34 264.232 104.626 98.9968 93.9387 139.604 75.8389 100.766 91.0959
threshold=69.215770721435561 7.5502686592002988 2.3216350245501207 127.41418200685946 1.3864771406297163 26.838906819049658 115.8661231994629 2.1577891950681192 0.066116333007812514 0.19371974998922253 0.049640346635347894 0.1979121975128342 1.2264095273252911 0.079948425292968764
decision_type=2 2 2 2 2 2 2 2 2 2 2 2 2 2
left_child=1 4 -3 5 9 -2 11 -5 -4 10 -1 13 -13 -7
right_child=3 2 8 7 -6 6 -8 -9 -10 -11 -12 12 -14 -15
leaf_value=-0.042157556336476942 -0.046242317216787843 0.10145389106895966 0.11296955140451315 0.089540414430733684 0.12041332754112702 0.18594458064899957 -0.045955752795880836 -0.016471722750420137 -0.055588878326055448 -0.042799592730677433 0.21323968883023203 0.047597376032073153 -0.021517121157753925 -0.026359823845677002
leaf_weight=12.405645966529848 1427.4073028340936 746.52025346457958 10.973821103572844 60.523509927093983 19.74463877081871 14.149721950292589 375.94413986057043 37.815763361752033 42.241344287991524 155.50156465917826 9.4087046831846219 104.14050591737032 106.84210266917944 7.8590086102485648
leaf_count=172 20200 3155 45 296 124 77 5178 424 490 2102 57 804 1154 79
internal_value=-0.000501632 0.0720653 0.093317 -0.034387 -0.0141813 -0.038403 -0.0200268 0.0487741 -0.0208294 -0.0291688 0.0679973 0.021811 0.0125976 0.110134
internal_weight=3131.48 996.796 799.735 2134.68 197.061 2036.34 608.935 98.3393 53.2152 177.316 21.8144 232.991 210.983 22.0087
internal_count=34357 6145 3690 28212 2455 27492 7292 720 535 2331 229 2114 1958 156
is_linear=0
shrinkage=0.05


Tree=11
num_leaves=15
num_cat=0
split_feature=0 8 5 5 4 2 5 3 0 8 0 2 3 2
split_gain=2767.39 734.112 287.7 277.166 262.664 127.719 94.7809 94.1998 118.105 85.5914 106.232 84.6862 82.6711 81.0299
threshold=70.522514343261733 7.5502686592002988 2.0186933130025868 0.0016853213310241701 0.62813445320404337 1.3864771406297163 1.6364196985960009 0.014987945556640627 100.21817016601564 82.12340950416683 123.46797943115236 0.16755320791616987 1.3139953613281252 0.55206885944259676
decision_type=2 2 2 2 2 2 2 2 2 2 2 2 2 2
left_child=1 5 12 -2 7 11 9 8 -5 13 -11 -1 -3 -6
right_child=3 2 -4 4 6 -7 -8 -9 -10 10 -12 -13 -14 -15
leaf_value=0.089150362654722953 -0.049048247158414326 0.09565326042523635 -0.054919321169867689 0.14842355436070712 0.080199950037876888 0.098145545242262364 -0.048500057480908743 -0.033241992237462319 -0.021495510242486443 0.11709953655776627 -0.019000741341841276 -0.040895471212530954 -0.051164113663881544 -0.023810189424228797
leaf_weight=13.506977856159208 1254.8811833485961 772.11159893870354 33.916665926575661 16.535885207355022 30.464749805629253 21.219534374773502 26.226523451507092 546.92638429254293 26.801309458911419 67.845831252634525 18.179516226053238 171.09701367467642 9.7088041156530362 48.595020651817322
leaf_count=113 18564 3274 429 148 195 130 304 7276 364 320 178 2397 103 560
internal_value=-0.000802379 0.0663546 0.0876454 -0.0344908 -0.0111175 -0.0180268 0.0397964 -0.0276194 0.0433394 0.0538238 0.0883378 -0.0313804 0.0938301 0.0162689
internal_weight=3058.02 1021.56 815.737 2036.46 781.575 205.824 191.312 590.264 43.3372 165.085 86.0253 184.604 781.82 79.0598
internal_count=34355 6446 3806 27909 9345 2640 1557 7788 512 1253 498 2510 3377 755
is_linear=0
shrinkage=0.05


Tree=12
num_leaves=15
num_cat=0
split_feature=6 2 6 4 2 7 4 8 0 7 0 6 5 5
split_gain=3286.74 609.361 162.107 231.529 225.667 196.832 85.234 80.8346 47.3135 43.6082 41.6408 39.687 39.0238 62.035
threshold=13.500000000000002 2.2582483613498594 5.5000000000000009 0.1979121975128342 0.37415325588484821 0.61298649951168771 1.5236941884398585 29.492059683078121 126.9512405395508 0.14574789607466038 90.474800109863295 8.5000000000000018 0.1852887570858002 1.0110458955168726
decision_type=2 2 2 2 2 2 2 2 2 2 2 2 2 2
left_child=2 6 -1 5 9 8 10 -3 11 -5 -2 -4 -12 -14
right_child=1 7 3 4 -6 -7 -8 -9 -10 -11 12 -13 13 -15
leaf_value=-0.046276374159223539 0.093759579307395258 0.094791211356598432 0.20843048410350612 0.0048059798315715878 -0.042450637287178232 -0.022304397991836089 -0.05124960871283965 -0.037820398370126816 -0.030706722847615955 0.12626222112712313 -0.036315242394681001 0.1089878642249132 0.11011482031185071 0.0037097001258750112
leaf_weight=1522.7893093377352 777.10539121180773 12.677355878055094 15.68626783043146 10.50014381110668 330.32199293375015 38.779770545661449 10.743859365582464 122.8416498452425 4.2103052660822859 24.954004131257534 10.369211614131926 27.841066598892212 35.472642183303833 22.314680837094784
leaf_count=23328 3192 52 126 98 4478 467 128 1508 57 171 96 116 193 153
internal_value=-0.00118055 0.073098 -0.0384696 -0.0121858 -0.0295841 0.0613702 0.0886942 -0.025415 0.129343 0.0902916 0.090473 0.144825 0.0529998 0.0690263
internal_weight=2966.61 991.525 1975.08 452.294 365.776 86.5174 856.006 135.519 47.7376 35.4541 845.262 43.5273 68.1565 57.7873
internal_count=34163 5322 28841 5513 4747 766 3762 1560 299 269 3634 242 442 346
is_linear=0
shrinkage=0.05


Tree=13
num_leaves=15
num_cat=0
split_feature=6 2 6 3 2 4 4 3 3 5 0 3 5 4
split_gain=3027.48 512.707 191.242 213.646 136.899 127.018 96.6241 157.217 52.5728 41.8099 40.661 33.7688 45.1525 32.3554
threshold=14.500000000000002 2.0748584174577198 5.5000000000000009 0.017829895019531253 0.35783112159426828 0.1672922001119945 0.1979121975128342 0.046489715576171882 1.4284400939941408 0.0029852092266082768 95.721939086914077 0.068058013916015639 0.014765381813049318 0.2183607646669368
decision_type=2 2 2 2 2 2 2 2 2 2 2 2 2 2
left_child=2 8 -1 10 11 -3 7 -6 9 -2 -4 -5 -13 -12
right_child=1 5 3 4 6 -7 -8 -9 -10 -11 13 12 -14 -15
leaf_value=-0.045811786539959598 -0.029284962688225787 0.089115364948295486 0.14240229388424114 -0.027363129246944586 0.14117750662358194 -0.035300658734731434 -0.03817145048661541 -0.028429499144388633 -0.056512853463603435 0.089799826388538867 0.13838442464518849 0.11947003050977448 -0.023506677541778889 -0.046273782782106983
leaf_weight=1466.0728272274137 7.4398357346653929 24.688833527266979 25.410735838115215 7.5534601509571067 20.949643544852734 121.31548089906573 338.43310756236315 39.283800549805164 6.2824692502617827 792.84464059770107 3.8201189339160901 26.500169917941093 6.9754253402352324 6.2586053460836411
leaf_count=23379 77 103 123 89 115 1452 4686 488 66 3284 24 153 70 89
internal_value=-0.00105264 0.0719548 -0.0368772 -0.0093117 -0.0188366 -0.0142623 -0.0277868 0.0305611 0.0875617 0.0886928 0.108697 0.0681303 0.0896775 0.0237169
internal_weight=2893.83 952.571 1941.26 475.185 439.696 146.004 398.667 60.2334 806.567 800.284 35.4895 41.0291 33.4756 10.0787
internal_count=34198 4982 29216 5837 5601 1555 5289 603 3427 3361 236 312 223 113
is_linear=0
shrinkage=0.05


Tree=14
num_leaves=15
num_cat=0
split_feature=6 2 6 4 3 2 0 8 3 5 6 5 4 4
split_gain=2836.56 477.435 162.842 213.495 215.074 164.396 63.5091 62.3324 59.4207 37.9513 28.0009 27.1145 37.4967 131.428
threshold=13.500000000000002 2.2582483613498594 5.5000000000000009 0.1979121975128342 0.046489715576171882 0.37415325588484821 123.46797943115236 31.048452394820711 1.163505554199219 0.0015473365783691408 8.5000000000000018 1.6364196985960009 1.3412381578092616 0.61266650995938854
decision_type=2 2 2 2 2 2 2 2 2 2 2 2 2 2
left_child=2 6 -1 4 10 -5 8 -3 9 -2 -4 12 13 -9
right_child=1 7 3 5 -6 -7 -8 11 -10 -11 -12 -13 -14 -15
leaf_value=-0.0458368603267158 -0.027453241144170217 0.085745112980983848 0.17356608964520076 0.069317325845528452 -0.026313494832325975 -0.040899716930848699 -0.028449844419907246 -0.032301452156354021 -0.030707910886579905 0.085543148433912239 0.096806199691816974 -0.054553482450904203 -0.054175974740679284 0.21424375388992711
leaf_weight=1410.3714469522238 7.4988741874694815 12.0944337695837 20.041749633848667 38.00165768712759 41.656562365591526 308.38631184399128 12.990650363266466 20.410307161509994 11.342262357473372 818.85614138096571 29.176629900932312 66.067444037646055 22.202775090932846 7.3527978360652915
leaf_count=23405 91 50 123 282 529 4474 124 228 101 3462 122 891 319 71
internal_value=-0.00111414 0.067704 -0.0375717 -0.0109129 0.0572976 -0.028808 0.0812563 -0.0222748 0.0829576 0.0845177 0.128063 -0.033534 -0.00574089 0.0329937
internal_weight=2826.45 978.816 1847.63 437.263 90.8749 346.388 850.688 128.128 837.697 826.355 49.2184 116.033 49.9659 27.7631
internal_count=34272 5337 28935 5530 774 4756 3778 1559 3654 3553 245 1509 618 299
is_linear=0
shrinkage=0.05


Tree=15
num_leaves=15
num_cat=0
split_feature=6 2 6 4 2 3 4 7 3 4 0 4 3 3
split_gain=2599.69 429.987 161.209 164.102 184.707 183.294 67.8538 44.9097 41.3351 40.7101 31.9336 33.2336 29.4382 29.5704
threshold=14.500000000000002 2.2911722687442189 5.5000000000000009 0.1979121975128342 0.52434743981404286 0.046489715576171882 1.5399128625000815 0.1644038563478068 1.0503387451171877 0.16972036768034279 99.518527984619155 0.54411749956076683 0.74956417083740245 0.078516006469726576
decision_type=2 2 2 2 2 2 2 2 2 2 2 2 2 2
left_child=2 6 -1 5 7 -4 8 -5 10 -3 -2 -12 13 -9
right_child=1 9 3 4 -6 -7 -8 12 -10 -11 11 -13 -14 -15
leaf_value=-0.044760899178471862 0.084355757052592406 0.076531342041491326 0.11563394367694024 0.0007211079198216646 -0.042131120701455235 -0.026621118381104397 -0.050547503815647626 0.019713638631926624 0.004598642525865883 -0.03558434567756083 -0.046714651196323197 0.062269258689738649 -0.0055322750835309492 0.13244432749487481
leaf_weight=1357.9964319095016 757.41160240769386 8.8025632277131063 48.81447334587574 27.205853227525949 298.97151791676879 42.23666188120842 10.029630213975905 7.6666914634406593 17.644397765398026 100.9741402938962 8.766527406871317 34.617207214236259 7.391502082347869 24.113722421228886
leaf_count=23462 3158 39 235 262 4507 544 128 72 110 1348 66 181 58 143
internal_value=-0.00117869 0.0663929 -0.0361207 -0.0104123 -0.0253796 0.0496449 0.0787141 0.0500708 0.0802982 -0.0265942 0.0819661 0.0402469 0.0843454 0.105249
internal_weight=2752.64 938.246 1814.4 456.4 365.349 91.0511 828.469 66.3778 818.44 109.777 800.795 43.3837 39.1719 31.7804
internal_count=34313 5030 29283 5821 5042 779 3643 535 3515 1387 3405 247 273 215
is_linear=0
shrinkage=0.05


Tree=16
num_leaves=15
num_cat=0
split_feature=6 2 6 3 8 2 3 0 3 8 7 7 0 0
split_gain=2467.53 423.879 126.237 149.168 117.632 83.599 57.5468 44.9 31.7303 66.2889 30.7869 33.9874 27.0689 22.5569
threshold=12.500000000000002 2.052781599676226 5.5000000000000009 0.017829895019531253 29.092753882938695 0.35783112159426828 1.163505554199219 126.9512405395508 0.046489715576171882 28.104780425744504 0.18201286624123428 0.60910724388582616 99.867256164550795 83.84021377563478
decision_type=2 2 2 2 2 2 2 2 2 2 2 2 2 2
left_child=2 6 -1 12 -3 10 7 13 9 -7 -5 -12 -4 -2
right_child=1 4 3 5 -6 8 -8 -9 -10 -11 11 -13 -14 -15
leaf_value=-0.044740923016588906 0.082134784489726928 0.079464025662009954 0.11348484106372636 -0.01994862910802625 -0.032343475149425586 0.081934902662984435 -0.027828154307486159 -0.028715344692783414 -0.038439504515603011 -0.029456423722339795 0.10703139146491181 -0.036992272657885371 0.013315267686682775 0.053835698842238211
leaf_weight=1306.8371736332774 728.26994647085667 28.641365543007851 25.344070237129927 11.329999953508375 131.67967691272497 18.125199239701033 13.023491382598875 9.7191354930400831 252.01879731565714 50.759680025279522 20.905601091682914 5.0945083536207667 9.1898360736668092 77.954052824527025
leaf_count=23485 3085 127 125 103 1745 133 124 100 3814 777 125 60 110 457
internal_value=-0.00072766 0.0620532 -0.0372705 -0.0124144 -0.0123691 -0.0219815 0.0764464 0.0781107 -0.0302196 -0.000146799 0.0488367 0.0788111 0.0868287 0.0793985
internal_weight=2688.89 989.288 1699.6 392.768 160.321 358.234 828.967 815.943 320.904 68.8849 37.3301 26.0001 34.5339 806.224
internal_count=34370 5638 28732 5247 1872 5012 3766 3642 4724 910 288 185 235 3542
is_linear=0
shrinkage=0.05


Tree=17
num_leaves=15
num_cat=0
split_feature=6 2 6 4 2 3 4 5 4 4 3 7 3 3
split_gain=2265.59 353.046 156.014 165.155 159.392 149.252 55.6443 48.7989 38.1303 80.777 38.2433 37.3302 36.6661 31.6598
threshold=14.500000000000002 2.2911722687442189 5.5000000000000009 0.1979121975128342 0.51339809196956099 0.046489715576171882 1.5399128625000815 1.6364196985960009 1.3911351842692319 0.7786222993939772 0.066116333007812514 0.17864943151775584 1.4284400939941408 0.74956417083740245
decision_type=2 2 2 2 2 2 2 2 2 2 2 2 2 2
left_child=2 6 -1 5 11 -4 12 8 9 10 -3 -5 -2 -13
right_child=1 7 3 4 -6 -7 -8 -9 -10 -11 -12 13 -14 -15
leaf_value=-0.044111691169375994 0.075942948130093349 0.094902973618618672 0.10595401905146971 -0.0013363770537541202 -0.041661625269747905 -0.023050664548831902 -0.050285678355731327 -0.053295431162837893 -0.053820047085670668 0.2292078467985198 -0.03089791758941068 0.096094753921228029 -0.056448783517246484 -0.01875077448182887
leaf_weight=1257.1180032417178 795.21898218989372 9.0619697347283381 51.975415043532848 26.8332584425807 281.78686013817787 39.429475460201502 8.9513061381876451 59.651817165315151 13.971608869731424 5.027137115597724 18.123522065579891 32.558020923286676 5.2643918320536605 7.3569595813751212
leaf_count=23499 3485 40 250 259 4522 536 117 889 216 41 213 217 53 58
internal_value=-0.000947498 0.0624571 -0.0351434 -0.00951658 -0.0252051 0.0503051 0.073686 -0.0234215 0.0151639 0.0450844 0.0110364 0.0442685 0.0750723 0.0749269
internal_weight=2612.33 915.271 1697.06 439.94 348.535 91.4049 809.435 105.836 46.1842 32.2126 27.1855 66.7482 800.483 39.915
internal_count=34395 5054 29341 5842 5056 786 3655 1399 510 294 253 534 3538 275
is_linear=0
shrinkage=0.05


Tree=18
num_leaves=15
num_cat=0
split_feature=6 2 6 3 8 2 4 6 3 4 4 3 3 5
split_gain=2100.21 351.961 122.72 137.196 90.4428 71.8183 66.9686 44.5765 40.1475 46.9169 36.8654 67.09 31.2634 30.6576
threshold=12.500000000000002 2.052781599676226 5.5000000000000009 0.024387359619140628 29.092753882938695 0.37002037349725703 0.21600895099141959 22.500000000000004 0.92233848571777355 1.1663479363807636 0.24826915408190428 0.046489715576171882 0.0059547424316406259 1.6364196985960009
decision_type=2 2 2 2 2 2 2 2 2 2 2 2 2 2
left_child=2 7 -1 6 -3 -5 -4 8 9 -2 11 -7 -8 -6
right_child=1 4 3 5 13 10 12 -9 -10 -11 -12 -13 -14 -15
leaf_value=-0.043980750286512389 0.065163236397229526 0.071376923929112102 0.10725620550657633 0.04138002851563366 -0.0042038303175493648 0.09139333733050381 0.18732022468313347 0.076230254764042882 -0.043621339641517994 -0.037628805027806952 -0.040802348742724662 -0.027749202057452505 -0.040351329393713248 -0.053893857257017799
leaf_weight=1212.1610725484788 91.647194538265467 26.780765578150749 33.069766446948051 38.256654489785433 59.972572777420282 15.85742876306176 1.6822127141058469 675.39425752684474 12.066865995526312 12.630557443946598 228.178457390517 46.359934035688639 14.547605533152817 64.34625207260251
leaf_count=23566 508 125 152 295 772 107 10 2987 94 133 3797 697 216 958
internal_value=-0.00116609 0.0579605 -0.0362245 -0.0113488 -0.0119686 -0.0230162 0.0664313 0.0713062 0.0427212 0.0527126 -0.0314998 0.00261683 -0.0167533 -0.0299229
internal_weight=2532.95 942.838 1590.11 377.952 151.1 328.652 49.2996 791.739 116.345 104.278 290.396 62.2174 16.2298 124.319
internal_count=34417 5577 28840 5274 1855 4896 378 3722 735 641 4601 804 226 1730
is_linear=0
shrinkage=0.05


Tree=19
num_leaves=15
num_cat=0
split_feature=6 2 6 3 2 8 6 3 5 0 3 8 3 5
split_gain=1943.87 324.821 119.452 152.793 81.275 81.2668 57.2312 36.712 39.8476 36.3493 30.6522 33.4128 29.9405 42.5448
threshold=12.500000000000002 2.0748584174577198 4.5000000000000009 0.014987945556640627 0.35783112159426828 29.092753882938695 22.500000000000004 0.026683807373046878 0.26047914475202566 98.70938873291017 0.92233848571777355 51.295824707921099 0.068058013916015639 0.014765381813049318
decision_type=2 2 2 2 2 2 2 2 2 2 2 2 2 2
left_child=2 6 -1 9 12 -3 10 8 -6 -4 11 -2 -5 -14
right_child=1 5 3 4 7 -7 -8 -9 -10 -11 -12 -13 13 -15
leaf_value=-0.044609815742729202 0.068034151998694614 0.068588197801857528 0.11983670057860243 -0.034130419058541868 -0.048287583707305154 -0.030131479696831311 0.074361735008625099 -0.034454769828205334 0.078807907172077016 4.103270747499567e-05 -0.038087233470745246 0.0087952602830083156 0.096710878034948919 -0.039133922909244834
leaf_weight=1099.2874697484076 61.300311736762524 25.267930991947651 24.822246991097927 9.6846299767494184 10.321855179965498 119.15502483770251 665.83804884552956 330.34966671466827 15.321290399879215 8.5007412768900377 12.472395163029431 38.9141098074615 25.412698991596699 7.4543568640947333
leaf_count=22292 300 121 126 120 190 1704 3005 5555 114 110 107 322 163 79
internal_value=-0.00130734 0.056009 -0.0358564 -0.0135753 -0.0221749 -0.0128597 0.0687847 -0.0299812 0.0276495 0.0892767 0.0358315 0.0450312 0.043134 0.0659008
internal_weight=2454.1 922.948 1531.15 431.867 398.544 144.423 778.525 355.993 25.6431 33.323 112.687 100.214 42.5517 32.8671
internal_count=34308 5559 28749 6457 6221 1825 3734 5859 304 236 729 622 362 242
is_linear=0
shrinkage=0.05


Tree=20
num_leaves=15
num_cat=0
split_feature=6 2 6 3 2 6 4 3 5 4 4 3 4 3
split_gain=1772.93 304.567 106.53 117.208 64.2866 58.3439 54.0119 76.4395 47.9174 49.7535 44.8404 45.1817 38.2579 46.6184
threshold=12.500000000000002 2.2582483613498594 5.5000000000000009 0.017829895019531253 0.38421324922193528 22.500000000000004 0.19685131953716958 0.055484771728515632 1.5650233253836634 1.3699448060501214 0.61266650995938854 0.10635375976562501 1.1663479363807636 0.74956417083740245
decision_type=2 2 2 2 2 2 2 2 2 2 2 2 2 2
left_child=2 5 -1 -4 -5 12 7 -6 9 10 11 -3 13 -2
right_child=1 8 3 4 6 -7 -8 -9 -10 -11 -12 -13 -14 -15
leaf_value=-0.042724481923575433 0.060640379395682953 0.082592430340754308 0.073910564735176307 0.035205666403045677 0.089186812424057779 0.071281769771573425 -0.039373636818623374 -0.038708942877270378 -0.052088675720719402 -0.053292756034337176 0.14078265758855246 -0.042509794274811538 -0.038454314555206003 -0.020986040581714549
leaf_weight=1113.2406460680068 89.030972193926573 13.217502519488336 36.109307177364826 44.079897414892912 21.351518884301186 655.2595045492053 237.77629120275378 25.799087755382061 60.221619945019484 19.551409400999546 9.2246837802231294 15.898385610431431 15.847467519342898 21.768764615058899
leaf_count=23403 489 64 235 339 132 3043 4218 401 991 343 81 205 189 153
internal_value=-0.00135472 0.0539725 -0.0350378 -0.0116012 -0.0209863 0.0652772 -0.0296795 0.0192069 -0.0208639 0.0116174 0.0447177 0.0142818 0.0342102 0.0446033
internal_weight=2378.38 900.02 1478.36 365.116 329.007 781.907 284.927 47.1506 118.114 57.892 38.3406 29.1159 126.647 110.8
internal_count=34286 5558 28728 5325 5090 3874 4751 533 1684 693 350 269 831 642
is_linear=0
shrinkage=0.05


Tree=21
num_leaves=15
num_cat=0
split_feature=6 5 4 6 4 3 6 6 0 5 0 4 0 5
split_gain=1635.79 250.36 129.336 104.555 114.651 124.776 46.8797 43.306 40.5375 39.3286 45.6326 48.5674 35.7096 65.0844
threshold=13.500000000000002 1.5650233253836634 1.4112404289410192 5.5000000000000009 0.1979121975128342 0.046489715576171882 21.500000000000004 261.50000000000006 82.30106353759767 0.75979457795619976 103.51881790161134 1.1303590988525321 79.616172790527358 0.014765381813049318
decision_type=2 2 2 2 2 2 2 2 2 2 2 2 2 2
left_child=3 2 6 -1 5 -5 8 -3 -2 10 -10 -12 13 -6
right_child=1 7 -4 4 12 -7 -8 -9 9 -11 11 -13 -14 -15
leaf_value=-0.042340770209188139 0.063084903953619306 -0.045505715208139161 -0.040103381370369506 0.091885990496979694 0.079647885685390982 -0.031981181182980246 0.071011516797766613 0.070141300639937953 -0.0066405727321918497 -0.048134391361136952 0.20636973509769732 -0.026653921175013341 -0.034405130023092971 -0.037143501807108022
leaf_weight=1073.735772524029 60.449304006993771 69.442943565547466 30.016601108014584 48.530539959669113 20.746394760906696 34.988893803209066 631.34010464698076 9.163217715919016 17.63709290325642 21.818234540522099 6.5813899561762792 3.3867238238453865 240.80610331147909 28.066326159983873
leaf_count=23461 296 1032 449 235 109 521 3034 46 107 231 45 46 4303 325
internal_value=-0.00207784 0.0529813 0.0616453 -0.0344173 -0.011617 0.0399942 0.0657658 -0.0320246 0.0356234 0.00203552 0.0416881 0.127199 -0.0265005 0.0124952
internal_weight=2296.71 849.836 771.229 1446.87 373.138 83.5194 741.213 78.6062 109.873 49.4234 27.6052 9.96811 289.619 48.8127
internal_count=34240 5286 4208 28954 5493 756 3759 1078 725 429 198 91 4737 434
is_linear=0
shrinkage=0.05


Tree=22
num_leaves=15
num_cat=0
split_feature=6 2 4 6 4 2 3 6 4 3 4 2 4 5
split_gain=1551.26 285.977 81.1305 76.5073 82.3177 92.2327 82.5811 69.5053 47.778 38.6857 29.6088 24.1386 132.816 22.9878
threshold=10.500000000000002 2.052781599676226 0.16972036768034279 5.5000000000000009 0.19685131953716958 0.3873914793651439 0.046489715576171882 22.500000000000004 1.1663479363807636 0.74956417083740245 0.18821919298683129 0.19371974998922253 0.067126532930932917 0.47790108248591429
decision_type=2 2 2 2 2 2 2 2 2 2 2 2 2 2
left_child=3 7 -3 11 6 -6 -5 8 9 13 -8 12 -1 -2
right_child=1 2 -4 4 5 -7 10 -9 -10 -11 -12 -13 -14 -15
leaf_value=-0.035944148833327909 0.073499196262016328 0.060145395355611468 -0.02887546008891867 0.089039551283974061 0.052623287771572519 -0.040007284554978581 -0.03760954962509977 0.068986382278246661 -0.047920520896996631 -0.014491125634270281 0.20140199337071485 -0.042639181073910966 0.49220503056300535 0.025929848167933717
leaf_weight=8.9729800671339017 63.162651523947716 31.828272603452206 130.67087322100997 34.988068982958794 31.281623028218746 190.67959423735738 26.75896825641394 616.53591967374086 17.043545827269554 25.274032510817051 1.3616949021816243 1026.5477578379214 1.3724175244569767 42.47627916187048
leaf_count=188 393 177 2062 167 221 3646 426 3008 226 200 16 23335 20 315
internal_value=-0.000792758 0.0487972 -0.0114392 -0.0355664 -0.0126259 -0.0269526 0.037763 0.0616009 0.0308254 0.0410774 -0.0260358 -0.0418733 0.03412 0.0543721
internal_weight=2248.95 926.992 162.499 1321.96 285.07 221.961 63.1087 764.492 147.957 130.913 28.1207 1036.89 10.3454 105.639
internal_count=34400 6381 2239 28019 4476 3867 609 4142 1134 908 442 23543 208 708
is_linear=0
shrinkage=0.05


Tree=23
num_leaves=15
num_cat=0
split_feature=6 5 4 6 4 3 3 7 0 0 5 5 4 6
split_gain=1451.6 214.861 122.849 96.6498 122.099 124.4 54.5166 44.073 40.2863 34.3387 45.824 27.8189 24.4711 21.8885
threshold=12.500000000000002 1.6970373243093493 1.4112404289410192 4.5000000000000009 0.1979121975128342 0.046489715576171882 1.4284400939941408 0.70646283086187156 123.46797943115236 74.421722412109389 0.014765381813049318 0.024745702743530277 0.18994234496533166 33.500000000000007
decision_type=2 2 2 2 2 2 2 2 2 2 2 2 2 2
left_child=3 2 6 -1 5 -5 7 8 -2 10 -6 -7 -13 -9
right_child=1 -3 -4 4 9 11 -8 13 -10 -11 -12 12 -14 -15
leaf_value=-0.041718109680687225 0.067459522693572638 -0.047289331223596992 -0.037417284282352824 0.088146024269286846 0.075460828378947908 0.20317789883330703 -0.056072896888527873 -0.011634275046277651 -0.024913463347061033 -0.034650829359720553 -0.032545021222379469 -0.041594787178403862 0.13315399212318241 0.05506916229826414
leaf_weight=938.53040517866611 692.73761839047074 52.5731156244874 32.978493094444275 52.937732692807913 17.606153275817633 1.2859896384179581 9.7922896370291692 28.320465944707394 12.007995404303072 259.74374071136117 22.208192571997643 40.188314124941826 2.1084978654980651 21.739584274590015
leaf_count=22226 3573 908 525 330 101 13 118 212 138 5045 272 704 26 123
internal_value=-0.000448786 0.0506159 0.0570694 -0.0329771 -0.0122649 0.0366416 0.0611448 0.0626655 0.0658856 -0.028023 0.0152158 -0.0259181 -0.0328836 0.017333
internal_weight=2184.76 850.15 797.576 1334.61 396.079 96.5205 764.598 754.806 704.746 299.558 39.8143 43.5828 42.2968 50.0601
internal_count=34314 5597 4689 28717 6491 1073 4164 4046 3711 5418 373 743 730 335
is_linear=0
shrinkage=0.05


Tree=24
num_leaves=15
num_cat=0
split_feature=6 2 6 4 2 7 5 4 0 4 4 5 5 0
split_gain=1370.46 215.544 100.337 91.6175 90.4266 66.1757 59.286 55.2349 45.9258 38.9495 39.8769 29.3531 40.6986 24.5818
threshold=13.500000000000002 2.052781599676226 5.5000000000000009 0.1979121975128342 0.37002037349725703 0.59445716120019487 1.5650233253836634 1.3699448060501214 90.038433074951186 0.61266650995938854 0.1672922001119945 0.1852887570858002 1.0110458955168726 128.80995941162112
decision_type=2 2 2 2 2 2 2 2 2 2 2 2 2 2
left_child=2 8 -1 5 -5 -4 7 9 -2 10 -3 -10 13 -13
right_child=1 6 3 4 -6 -7 -8 -9 11 -11 -12 12 -14 -15
leaf_value=-0.040885984498245931 0.065569760480057401 0.069062193864218746 0.075082293396549732 0.044468624685835526 -0.036033074088043474 -0.015557858776668675 -0.04970798118910217 -0.053118925080417184 -0.04241985322123968 0.12404391848473938 -0.032149322317982218 0.083781005808315254 -0.022812527075505667 -0.033477070272262613
leaf_weight=959.40636610239744 615.27442164719105 21.060884416103363 47.277623161673546 41.154779084026814 228.94075657427311 35.07800917327404 54.051764883100986 18.938599437475204 13.809570312499998 12.378864768892525 18.092128667980433 33.270815573632717 18.153442595154047 5.1632195934653273
leaf_count=23489 3185 107 296 278 4490 469 956 364 137 81 222 171 114 36
internal_value=-0.000927394 0.0502024 -0.0325048 -0.00969033 -0.0237669 0.0364756 -0.0103148 0.0199003 0.0611927 0.0467358 0.0222936 0.0229369 0.0388865 0.0680286
internal_weight=2122.05 810.194 1311.86 352.451 270.096 82.3556 124.522 70.4705 685.671 51.5319 39.153 70.397 56.5875 38.434
internal_count=34395 5373 29022 5533 4768 765 1730 774 3643 410 329 458 321 207
is_linear=0
shrinkage=0.05


Tree=25
num_leaves=15
num_cat=0
split_feature=6 5 6 0 4 3 3 7 2 4 7 3 5 7
split_gain=1270.71 193.223 118.815 91.0163 76.9028 54.5047 53.2963 39.1774 33.9275 57.1985 57.3824 29.9088 33.9908 23.3987
threshold=14.500000000000002 1.7439908087253573 5.5000000000000009 123.11297988891603 1.4583551057799591 0.012794494628906252 1.4284400939941408 0.70646283086187156 0.38421324922193528 0.1979121975128342 0.71438342150781231 0.078516006469726576 0.014765381813049318 0.05696313819101427
decision_type=2 2 2 2 2 2 2 2 2 2 2 2 2 2
left_child=2 4 -1 5 6 -4 7 -2 11 10 -10 -7 13 -13
right_child=1 -3 3 -5 -6 8 -8 -9 9 -11 -12 12 -14 -15
leaf_value=-0.040394587430629098 0.064617474202318712 -0.052140724011326557 0.091069099762174199 -0.04305338449716907 -0.03873312826609758 -0.032610914854591062 -0.056122635635448816 0.015780470772718797 0.076446875962297253 -0.02472993804541232 -0.025926947774167187 -0.030057169933787809 -0.02731843588140706 0.10251346122018104
leaf_weight=922.61468278616667 639.00829914584756 42.995762828737497 19.075791846960783 119.67260465025902 20.376704908907413 11.037799738347529 9.771938528865574 43.8859080709517 34.066949240863323 130.68192781880498 22.881971012800932 3.8113836497068432 8.5394923575222474 26.265900120139122
leaf_count=23457 3460 830 97 2638 326 111 125 281 210 2244 309 26 84 133
internal_value=-0.00073758 0.0507965 -0.0307394 -0.00704987 0.0570035 0.00975702 0.0598199 0.061479 0.0032202 -0.00650588 0.0353133 0.0399724 0.0607188 0.0857142
internal_weight=2054.69 756.039 1298.65 376.034 713.043 256.361 692.666 682.894 237.285 187.631 56.9489 49.6546 38.6168 30.0773
internal_count=34331 5022 29309 5852 4192 3214 3866 3741 3117 2763 519 354 243 159
is_linear=0
shrinkage=0.05


Tree=26
num_leaves=15
num_cat=0
split_feature=6 2 6 3 2 8 0 3 0 0 7 7 3 2
split_gain=1162.7 183.64 88.7128 99.4095 60.0472 51.3939 46.7369 40.5628 27.9745 25.7918 26.9851 37.5952 23.5446 26.1378
threshold=13.500000000000002 2.052781599676226 4.5000000000000009 0.012794494628906252 0.2567652771426101 29.492059683078121 83.84021377563478 1.1972255706787112 87.570789337158217 117.51461410522462 0.0052389700649142787 0.002598215859674569 0.046489715576171882 1.4282884291777409
decision_type=2 2 2 2 2 2 2 2 2 2 2 2 2 2
left_child=2 6 -1 -4 -5 -3 7 -2 -7 10 11 -6 13 -12
right_child=1 5 3 4 9 8 -8 -9 -10 -11 12 -13 -14 -15
leaf_value=-0.040286453963677901 0.06538841087952868 0.064500387923948521 0.088196037478529457 0.067095275243955352 -0.024183933283926744 -0.053193967180605123 0.022765068039849786 -0.03697903171213663 0.0002109732912495034 -0.039275322923647146 -0.020160476701924536 0.36845705695908132 -0.023636275248655327 0.050128436740531301
leaf_weight=841.4786000624299 544.53983248770237 19.634035244584084 23.569461259990931 19.695210445672274 1.3490539155900469 44.950249839574099 80.34690373763442 9.8521695584058744 53.953721471130848 138.96041433513165 26.236368279904127 1.1123188510537148 146.62239841371775 26.672100719064474
leaf_count=22307 2969 106 175 146 23 780 500 91 849 3219 393 21 2470 239
internal_value=-0.00115208 0.0477355 -0.031197 -0.01129 -0.0177918 -0.00939189 0.0584041 0.0635692 -0.0240607 -0.0226953 -0.011289 0.153254 -0.0133188 0.0152734
internal_weight=1978.97 753.277 1225.7 384.217 360.648 118.538 634.739 554.392 98.904 340.953 201.992 2.46137 199.531 52.9085
internal_count=34288 5295 28993 6686 6511 1735 3560 3060 1629 6365 3146 44 3102 632
is_linear=0
shrinkage=0.05


Tree=27
num_leaves=15
num_cat=0
split_feature=6 5 6 3 4 6 5 8 3 4 6 5 6 3
split_gain=1077.51 171.759 119.04 95.0182 57.7047 58.786 74.4976 71.3274 72.19 53.5 51.5423 59.8289 34.0667 27.7779
threshold=16.500000000000004 1.5650233253836634 4.5000000000000009 0.014987945556640627 1.0173889721534193 9.5000000000000018 1.0302486419677737 54.564784865677915 0.074943542480468764 1.5128308182275276 12.500000000000002 0.37300592660903936 193.50000000000003 1.4284400939941408
decision_type=2 2 2 2 2 2 2 2 2 2 2 2 2 2
left_child=2 9 -1 -4 5 -5 7 -7 -9 13 11 -10 -3 -2
right_child=1 12 3 4 -6 6 -8 8 10 -11 -12 -13 -14 -15
leaf_value=-0.039685515869886744 0.061626680693261493 -0.045401895217238579 0.071903710591061251 -0.020055336202610019 -0.048188000714008895 0.030804868450188934 -0.039209337860067368 -0.026410871962384883 0.62467392467046601 -0.047936202125476363 0.14710774985612332 0.19037439851696225 0.056691623599118335 -0.057317745676921321
leaf_weight=805.7623374350369 588.83002822473645 51.631319537758827 34.766353152692318 201.15372657030821 95.677912153303623 68.594967536628246 32.282395914196968 3.5957610458135596 1.5356229171156868 11.567584231495855 5.4650639668107033 1.6397894360125063 9.7071891166269761 4.9497840404510489
leaf_count=22163 3342 932 255 3831 2046 588 524 61 23 181 41 33 71 49
internal_value=-0.000854757 0.0504819 -0.0282247 -0.0074592 -0.0141898 -0.00383907 0.0249989 0.0506424 0.161849 0.0585605 0.240194 0.400401 -0.029245 0.0606352
internal_weight=1917.16 666.686 1250.47 444.712 409.945 314.267 113.114 80.8312 12.2362 605.347 8.64048 3.17541 61.3385 593.78
internal_count=34140 4575 29565 7402 7147 5101 1270 746 158 3572 97 56 1003 3391
is_linear=0
shrinkage=0.05


Tree=28
num_leaves=15
num_cat=0
split_feature=6 5 6 0 0 7 6 5 2 0 5 1 5 5
split_gain=1018.75 160.294 126.576 97.2524 38.8509 32.8668 32.5806 33.2345 22.5898 22.2415 22.8029 23.836 19.5064 22.6174
threshold=17.500000000000004 1.7439908087253573 4.5000000000000009 118.75304031372072 73.604766845703139 0.68589486925213239 29.500000000000004 1.348593848757446 0.30360405253889383 140.41076660156253 0.0029852092266082768 -0.6664099767863666 1.0680216401815417 0.0016853213310241701
decision_type=2 2 2 2 2 2 2 2 2 2 2 2 2 2
left_child=2 6 8 4 5 -4 7 9 -1 10 -2 -12 13 -6
right_child=1 -3 3 -5 12 -7 -8 -9 -10 -11 11 -13 -14 -15
leaf_value=-0.015627234101927626 -0.049175052913799783 -0.051648128866374911 0.049613479928961056 -0.039169318430475004 -0.033117499961804756 -0.01552860247387927 0.061849645986844906 -0.057132188730558975 -0.042329820299976423 -0.079792995871019734 -0.039403337595692846 0.058543130899254406 -0.04806009261072753 0.011279590251949358
leaf_weight=89.466501951217651 6.0335160642862311 36.32615427672863 81.98772881925106 149.80957009270787 35.900367133319378 25.350015264004469 501.68882801756263 9.5991133563220483 690.47711894661188 3.7131099402904502 6.7123393192887297 83.24576435610652 21.492115776985884 142.75333861261606
leaf_count=2509 104 789 620 3551 609 317 3022 87 19744 33 45 458 379 2099
internal_value=-0.000430204 0.0503935 -0.027021 -0.0061351 0.00995956 0.0342288 0.0564603 0.0317242 -0.0392668 0.0402789 0.0449235 0.0512347 -0.00305599 0.00235802
internal_weight=1884.56 647.319 1237.24 457.293 307.484 107.338 610.993 109.304 779.944 99.7047 95.9916 89.9581 200.146 178.654
internal_count=34366 4538 29828 7575 4024 937 3749 727 22253 640 607 503 3087 2708
is_linear=0
shrinkage=0.05


Tree=29
num_leaves=15
num_cat=0
split_feature=6 5 6 4 5 6 4 3 5 3 3 7 5 8
split_gain=941.27 149.601 143.795 82.9938 71.7139 69.0089 44.4111 41.192 28.7769 31.0142 26.5816 24.0226 23.3294 23.1243
threshold=19.500000000000004 1.6635233759880068 5.5000000000000009 1.0297382742193013 1.0847180122509601 9.5000000000000018 1.5236941884398585 0.011845588684082033 0.0015473365783691408 0.59323120117187511 1.5658969879150393 0.0052389700649142787 0.34344747662544256 66.700901428593724
decision_type=2 2 2 2 2 2 2 2 2 2 2 2 2 2
left_child=2 6 -1 4 5 7 10 -4 -7 13 -2 12 -9 -10
right_child=1 -3 3 -5 -6 8 -8 11 9 -11 -12 -13 -14 -15
leaf_value=-0.038488720883779137 0.060550672498805393 -0.040297644662500257 0.072356321438310861 -0.045049712626517149 -0.043673255071491335 -0.029547443710351048 -0.054876086821469577 0.28719708924557075 0.062309794685324583 0.011775096409308126 -0.057007527046167433 -0.013592706736141796 -0.016123763876843715 0.15173231934688147
leaf_weight=796.57911632210016 538.10272188857198 41.891617458313704 16.536091737449169 90.857541762292385 54.697114508599043 11.064160339534281 8.6218847595155221 1.3200778216123574 72.392939530313015 30.145971775054932 4.8519284874200812 143.74918666854501 1.219607390463352 8.0316945686936361
leaf_count=23358 3253 836 104 2016 949 146 138 21 540 242 56 2440 19 83
internal_value=-0.000899466 0.050794 -0.0259105 -0.00261012 0.00875913 0.018841 0.0577123 -0.00244429 0.0473344 0.0550275 0.0595002 -0.0108995 0.141536 0.0712401
internal_weight=1820.06 593.468 1226.59 430.014 339.157 284.46 551.577 162.825 121.635 110.571 542.955 146.289 2.53969 80.4246
internal_count=34201 4283 29918 6560 4544 3595 3447 2584 1011 865 3309 2480 40 623
is_linear=0
shrinkage=0.05


Tree=30
num_leaves=15
num_cat=0
split_feature=6 2 6 0 5 0 4 7 4 2 4 7 2 7
split_gain=899.147 147.208 82.7772 79.359 45.3144 43.3948 42.6655 41.6849 42.5793 57.1445 34.6678 33.8633 25.3137 27.5519
threshold=12.500000000000002 2.052781599676226 3.5000000000000004 78.427822113037124 1.5650233253836634 83.84021377563478 1.3699448060501214 0.72732589652529767 0.18437424762592333 0.36188519508372285 0.0076776677948313674 0.72035619724157318 0.19371974998922253 0.67512553285863264
decision_type=2 2 2 2 2 2 2 2 2 2 2 2 2 2
left_child=2 5 -1 7 6 -2 11 8 12 -10 -5 -3 -4 -14
right_child=1 4 3 10 -6 -7 -8 -9 9 -11 -12 -13 13 -15
leaf_value=-0.041580193634239357 0.059682925616392324 0.05942386350118594 0.32891289651646205 0.2891617048748194 -0.045634726510723055 0.020910375983179873 -0.052510227439163816 -0.030777950439926358 0.071010559648668911 -0.044221618073776933 -0.025163216443656978 -0.040933704973118087 0.065823227663317094 0.25633466438268698
leaf_weight=600.1470386274159 495.17027419432998 42.788184318691492 1.0308103263378132 0.87932151556014915 46.784888166934252 84.477038696408272 16.406657610088587 25.047522470355034 20.429000813513994 22.729108091443777 367.28582420572639 10.460532471537588 31.384579181671143 2.0199430063366881
leaf_count=18475 3129 355 10 24 1003 568 389 512 134 367 8793 103 361 33
internal_value=-0.000513386 0.0437266 -0.0292681 -0.0135736 -0.0075754 0.0540323 0.0179876 0.0253048 0.0434086 0.0103238 -0.0244125 0.039709 0.0848739 0.0773433
internal_weight=1767.04 696.088 1070.95 470.806 116.44 579.647 69.6554 102.641 77.5934 43.1581 368.165 53.2487 34.4353 33.4045
internal_count=34256 5547 28709 10234 1850 3697 847 1417 905 501 8817 458 404 394
is_linear=0
shrinkage=0.05


Tree=31
num_leaves=15
num_cat=0
split_feature=0 7 5 3 4 5 4 4 3 2 5 5 3 4
split_gain=697.932 179.03 128.24 73.6887 80.7569 58.9506 58.7847 47.5704 45.6236 34.4272 25.8651 31.8153 31.206 23.1924
threshold=73.604766845703139 0.71132173835903734 0.0018313229084014895 0.0066480636596679696 0.61266650995938854 1.8133262246847155 0.0076776677948313674 0.041568514312030687 1.3139953613281252 1.8695805009870912 1.7439908087253573 0.17872929573059085 0.079948425292968764 0.17766688458526081
decision_type=2 2 2 2 2 2 2 2 2 2 2 2 2 2
left_child=1 5 -2 7 -5 6 -1 9 -8 -4 11 -6 -13 -3
right_child=2 13 3 4 10 -7 8 -9 -10 -11 -12 12 -14 -15
leaf_value=-0.025306257678496702 -0.041653772469724321 -0.03578938303058006 0.45616615624733736 -0.023546287556222546 -0.0083811170365616933 -0.049010000238947471 0.05896238243202321 0.063902073311357346 -0.051659966114330103 0.080312980003416606 -0.052236386018067418 -0.049911037810226933 0.054288667878956101 0.01474912956523582
leaf_weight=22.687293283641338 589.56991999596357 73.174718052148819 1.5639556832611554 321.87178628519177 40.783435482531786 14.409441780298947 506.71564211882651 8.4820160418748838 9.4952490851283056 0.99808450788259495 10.844823371618984 7.8887110389769068 80.583194479346275 32.910599198192358
leaf_count=697 18239 1844 30 7219 488 354 3708 127 114 16 271 91 699 394
internal_value=-0.0010195 0.039389 -0.0260952 -0.00670288 -0.00975421 0.0507969 0.0534656 0.120934 0.0569276 0.309746 0.0219323 0.0281552 0.0449976 -0.0201109
internal_weight=1721.98 659.393 1062.59 473.016 461.972 553.308 538.898 11.0441 516.211 2.56204 140.1 129.255 88.4719 106.085
internal_count=34291 7111 27180 8941 8768 4873 4519 173 3822 46 1549 1278 790 2238
is_linear=0
shrinkage=0.05


Tree=32
num_leaves=15
num_cat=0
split_feature=6 5 6 3 2 4 5 3 4 0 6 2 6 5
split_gain=765.802 127.583 116.334 127.84 72.4949 61.5898 48.7195 56.0914 47.1916 42.9703 50.6578 43.923 38.4695 65.3966
threshold=19.500000000000004 1.6635233759880068 3.5000000000000004 0.013401031494140627 0.29430479520076241 0.02127608374897794 0.0016853213310241701 0.046489715576171882 0.19685131953716958 96.008090972900405 5.5000000000000009 1.5097778431775311 9.5000000000000018 0.89039462804794323
decision_type=2 2 2 2 2 2 2 2 2 2 2 2 2 2
left_child=2 -2 -1 5 -5 -4 -6 8 -8 10 11 -7 -9 -14
right_child=1 -3 3 4 6 9 7 12 -10 -11 -12 -13 13 -15
leaf_value=-0.040902965903675245 0.054659954218497876 -0.039686496544434798 0.3552639355443592 0.045117411350161139 -0.046962358031288294 0.15166146393633442 0.057929225651461629 -0.035773742724308187 -0.038016502602000679 -0.00094505931238179561 0.075739707517229388 0.52787923907987344 0.026035277027940812 -0.050954136068123983
leaf_weight=555.24027281068265 499.25474016740918 38.603535875678062 1.8930590972304333 45.44207514449954 131.35539135709405 2.1880364920944007 45.949541389942169 173.08592950925231 17.773256592452526 15.585457030683754 19.618228636682034 1.2019946873188017 83.636324342340231 41.155030906200409
leaf_count=18368 3431 843 22 532 3779 49 502 4337 433 363 115 18 780 674
internal_value=-0.00124856 0.0478885 -0.0245518 -0.00886845 -0.0153118 0.076816 -0.0208824 -0.0114085 0.0311685 0.0631579 0.10658 0.285056 -0.0205167 0.000644883
internal_weight=1671.98 537.858 1134.12 578.884 538.398 40.4868 492.955 361.6 63.7228 38.5937 23.0083 3.39003 297.877 124.791
internal_count=34246 4274 29972 11604 11037 567 10505 6726 935 545 182 67 5791 1454
is_linear=0
shrinkage=0.05


Tree=33
num_leaves=15
num_cat=0
split_feature=6 5 6 5 3 5 8 3 3 3 5 1 2 8
split_gain=717.507 117.721 112.156 58.0605 70.1236 65.246 45.3581 34.5067 28.4925 27.3295 51.8954 29.3646 29.0429 28.4403
threshold=19.500000000000004 1.7439908087253573 5.5000000000000009 0.0015473365783691408 0.046489715576171882 0.31364518404006964 25.569829984036414 1.5658969879150393 0.74956417083740245 0.18356323242187503 0.0045885443687438974 0.29531803101175247 0.36607828057708808 30.453594547410276
decision_type=2 2 2 2 2 2 2 2 2 2 2 2 2 2
left_child=2 7 -1 6 -5 8 -4 -2 9 11 12 -6 -11 -13
right_child=1 -3 3 4 5 -7 -8 -9 -10 10 -12 13 -14 -15
leaf_value=-0.035879509166265637 0.054614741518996118 -0.050699101346503676 0.063993337762139876 0.054349065118908059 -0.031447417893402864 -0.030651494724419377 -0.047696895730988911 -0.056606750678554044 -0.022264117872193193 0.09989346019383756 0.034127476758332859 0.027113405001510511 0.28343860098156842 0.2417629813188652
leaf_weight=700.47060302644968 487.4835638999939 28.957353349775076 10.131157420575617 64.216239914298058 23.740409225225449 119.85863528586924 88.453539818525314 7.0749556086957446 28.843100849539042 6.6354625076055509 51.50150353088975 6.9069279879331571 3.1920114159584045 1.9871477633714674
leaf_count=23441 3438 756 82 504 418 2148 2396 86 375 31 529 78 45 23
internal_value=-0.000937491 0.0472864 -0.0237652 -0.00283684 0.00788705 -0.00440814 -0.0362189 0.0530237 0.0212052 0.0345486 0.054219 -0.00241724 0.15951 0.0750712
internal_weight=1629.45 523.516 1105.94 405.466 306.881 242.665 98.5847 494.559 122.807 93.9635 61.329 32.6345 9.82747 8.89408
internal_count=34350 4280 30070 6629 4151 3647 2478 3524 1499 1124 605 519 76 101
is_linear=0
shrinkage=0.05


Tree=34
num_leaves=15
num_cat=0
split_feature=6 5 5 3 6 5 3 2 2 1 3 3 6 6
split_gain=675.449 117.16 113.45 109.571 90.5147 58.4556 44.4146 42.8405 33.377 32.3127 27.334 26.5959 22.5203 42.3703
threshold=22.500000000000004 0.0018313229084014895 1.7439908087253573 0.0066480636596679696 7.5000000000000009 1.2346005830913784 0.99798965454101574 0.19371974998922253 0.30360405253889383 -0.67636733793247883 2.0137367248535161 0.1368217468261719 2.5000000000000004 5.5000000000000009
decision_type=2 2 2 2 2 2 2 2 2 2 2 2 2 2
left_child=1 8 10 12 7 6 9 -5 11 -6 -2 -1 -3 -14
right_child=2 3 -4 4 5 -7 -8 -9 -10 -11 -12 -13 13 -15
leaf_value=-0.011496675511436995 0.056395942905356336 0.010515831591276286 -0.050237176059362024 0.13952859889251776 -0.038354769865136078 -0.047429166210181652 -0.0454418474798945 -0.031763593493551755 -0.042357189790637212 0.037804366189877189 -0.056075652933556035 0.17851586159812746 0.26080417526356231 0.080529742008974781
leaf_weight=73.718958236277103 441.43392223119736 3.9901276919990805 27.155763033777475 3.7014593034982672 15.209913201630114 34.090432511642575 21.004152394831181 263.68151414208114 508.02113917842507 165.16871677711606 5.4689680114388457 1.8887625187635411 5.0725079607218495 9.1184930950403196
leaf_count=2234 3203 107 750 33 220 649 279 7400 17672 1547 70 11 89 51
internal_value=-0.000934269 -0.0223589 0.0489901 -0.00512523 -0.00948509 0.0131199 0.0233697 -0.0293923 -0.0377444 0.0313825 0.0550196 -0.00674996 0.11546 0.144968
internal_weight=1578.72 1104.67 474.059 521.037 502.856 235.473 201.383 267.383 583.629 180.379 446.903 75.6077 18.1811 14.191
internal_count=34315 30292 4023 10375 10128 2695 2046 7433 19917 1767 3273 2245 247 140
is_linear=0
shrinkage=0.05


Tree=35
num_leaves=15
num_cat=0
split_feature=6 5 5 3 6 5 0 3 0 0 7 3 0 1
split_gain=632.745 107.721 98.0841 98.4059 74.1625 53.2902 47.6243 29.0815 28.2786 43.1461 84.4515 27.9835 27.256 28.1478
threshold=19.500000000000004 1.6635233759880068 0.0018313229084014895 0.014987945556640627 7.5000000000000009 1.0110458955168726 100.21817016601564 2.0137367248535161 63.323648452758796 61.501644134521491 0.65840436297452476 0.87518501281738292 139.406364440918 -0.6664099767863666
decision_type=2 2 2 2 2 2 2 2 2 2 2 2 2 2
left_child=2 7 8 6 -5 11 -4 12 9 -1 -11 -6 13 -2
right_child=1 -3 3 4 5 -7 -8 -9 -10 10 -12 -13 -14 -15
leaf_value=-0.0079177297931827591 -0.00071771113014334597 -0.038193871838246907 0.098121465095600352 -0.032474949667557422 0.031430657681547458 -0.039367119576200253 -0.0073616882969274912 -0.056079910236934587 -0.039925693499871316 0.52618087880952757 -0.051902741403886947 -0.034831226815990872 -0.060681218820071839 0.057404111958206196
leaf_weight=24.548599461093549 21.895645119249821 35.829428574070334 31.045658927410841 243.11321443319321 130.58166235685349 43.866060888394713 16.328293289989233 6.1631461903452864 534.63156735338271 1.1480472460389131 1.4049203637987373 18.148089051246643 5.1883687973022452 428.32660910114646
leaf_count=677 156 872 329 7034 1337 802 375 80 19128 29 46 265 43 3191
internal_value=-0.00109547 0.0453215 -0.0231931 -0.00667335 -0.0141145 0.00906181 0.0617648 0.0518043 -0.0373999 0.012427 0.208056 0.0233453 0.0532644 0.0545775
internal_weight=1542.22 497.403 1044.82 483.083 435.709 192.596 47.374 461.574 561.733 27.1016 2.55297 148.73 455.411 450.222
internal_count=34364 4342 30022 10142 9438 2404 704 3470 19880 752 75 1602 3390 3347
is_linear=0
shrinkage=0.05


Tree=36
num_leaves=15
num_cat=0
split_feature=6 5 3 5 6 3 5 4 3 2 2 2 5 5
split_gain=578.008 108 111.6 102.847 77.1919 54.2376 56.8314 35.7812 32.5074 31.2199 30.8871 29.6264 28.9555 39.418
threshold=22.500000000000004 0.0016853213310241701 0.0066480636596679696 1.5650233253836634 5.5000000000000009 0.046489715576171882 0.31364518404006964 0.02127608374897794 0.99798965454101574 1.9305753936577277 0.19371974998922253 0.3074474419886038 1.0000000180025095e-35 0.00013427436351776126
decision_type=2 2 2 2 2 2 2 2 2 2 2 2 2 2
left_child=1 11 7 -2 10 -6 8 -3 -7 -5 -4 12 -1 -14
right_child=3 2 4 9 5 6 -8 -9 -10 -11 -12 -13 13 -15
leaf_value=-0.024906382547401178 0.055132303853623998 0.24661844379258496 0.15495495316897648 0.050216923707074035 0.048652945596974674 0.027807073570056635 -0.028287721516931499 0.078308066931338322 -0.052041333530591927 -0.048882281794967092 -0.038128209225470583 -0.041470784970641959 0.2030085094388793 0.012345104312019212
leaf_weight=57.200935320928693 397.22322031483054 3.9498150870203999 2.0961892753839484 10.410869859158991 59.169765952974558 114.37328054383397 126.44140946678817 15.745942331850527 14.3451831638813 33.588559301570058 173.97297868132591 463.01094458810985 3.3380513153970268 14.426435710862277
leaf_count=2047 3089 52 23 69 497 1299 2251 197 240 866 5937 17397 56 246
internal_value=-0.000909856 -0.0211205 -0.00463727 0.0470981 -0.0093242 0.00552251 -0.00447914 0.112061 0.0189083 -0.025434 -0.0358295 -0.0367495 -0.00758909 0.0481719
internal_weight=1489.29 1048.07 510.095 441.223 490.399 314.33 255.16 19.6958 128.718 43.9994 176.069 537.976 74.9654 17.7645
internal_count=34266 30242 10496 4024 10247 4287 3790 249 1539 935 5960 19746 2349 302
is_linear=0
shrinkage=0.05


Tree=37
num_leaves=15
num_cat=0
split_feature=6 6 5 3 0 0 7 3 7 1 0 5 8 5
split_gain=553.068 97.5952 92.0818 69.229 40.1333 35.2675 33.3551 28.6163 26.2852 24.3605 22.0347 21.5578 38.2264 22.0698
threshold=21.500000000000004 4.5000000000000009 1.7439908087253573 0.026683807373046878 120.80342483520509 98.70938873291017 0.68353612758861249 2.0137367248535161 0.23838350569042316 -0.72979105064943084 51.798835754394538 1.0847180122509601 54.564784865677915 0.014765381813049318
decision_type=2 2 2 2 2 2 2 2 2 2 2 2 2 2
left_child=1 -1 7 5 6 -3 8 9 -5 10 -2 12 13 -10
right_child=2 3 -4 4 -6 -7 -8 -9 11 -11 -12 -13 -14 -15
leaf_value=-0.035304146642630811 0.061044804516748243 0.071911385715576634 -0.04968929392936218 -0.011745962676680183 -0.037880545593130997 -0.011220379848341197 -0.035537799576776503 -0.055790514299630202 0.05437439075954649 0.05511873956991481 -0.058323896986507973 -0.036843452696658202 0.10984434079112315 0.0018656672816058024
leaf_weight=573.5996228326112 6.6754483282566062 41.12765122577548 24.002008067443967 97.425627429038286 106.37515445426106 18.49524924531579 57.268400406464934 6.1746157053858033 30.021842781454325 391.99468661472201 9.1860732138156873 13.157071644440292 13.41574916988611 60.014546001330018
leaf_count=22181 46 322 744 1456 3282 351 976 85 366 3148 86 213 103 868
internal_value=-0.00140475 -0.0217393 0.0455237 -0.00394647 -0.0118509 0.0461236 -0.00164492 0.0510433 0.00742366 0.0526607 -0.00808662 0.0234396 0.0311065 0.0193742
internal_weight=1448.93 1010.9 438.033 437.301 377.678 59.6229 271.303 414.031 214.035 407.856 15.8615 116.609 103.452 90.0364
internal_count=34227 30118 4109 7937 7264 673 3982 3365 3006 3280 132 1550 1337 1234
is_linear=0
shrinkage=0.05


Tree=38
num_leaves=15
num_cat=0
split_feature=6 2 0 7 5 3 6 5 3 6 1 0 7 6
split_gain=519.911 90.515 85.4897 68.6511 43.2026 50.2092 46.5448 49.4745 36.509 39.2783 36.5089 31.4728 27.3723 25.4933
threshold=21.500000000000004 2.3833954530675023 73.604766845703139 0.70646283086187156 0.0016853213310241701 0.0066480636596679696 7.5000000000000009 0.99343475699424755 0.66872596740722667 2.5000000000000004 -0.60344498646362454 103.51881790161134 0.15678759701002401 3.5000000000000004
decision_type=2 2 2 2 2 2 2 2 2 2 2 2 2 2
left_child=2 -2 3 8 -4 13 -7 10 9 -1 -8 -3 -12 -6
right_child=1 11 4 -5 5 6 7 -9 -10 -11 12 -13 -14 -15
leaf_value=-0.016269339209841343 0.053179793560159519 -0.050998219997004414 -0.037876642519389138 -0.031285582022180881 7.2014696623674536e-05 -0.035082461504913752 -0.053523720680117064 -0.047168082464854544 -0.033405661611135944 0.060168599800466266 -0.0010637635306239245 0.046478379200769138 0.053428350325412634 0.14005842636503718
leaf_weight=21.272380005568266 380.93524884991348 30.336600394919515 458.0534956716001 65.285889681428671 5.6428026929497701 183.10238358192146 14.786597829312084 37.173515813425183 17.862950233742595 80.0523133110255 39.249307742342353 11.389884022995828 55.820772496983409 7.6772113107144833
leaf_count=772 3200 775 18250 1920 114 5970 223 756 253 824 459 136 587 55
internal_value=-0.000873237 0.0455218 -0.0207615 0.00992726 -0.0278248 -0.0144189 -0.0182589 0.00269212 0.0325019 0.044121 0.0195639 -0.0243905 0.0309315 0.0807555
internal_weight=1408.64 422.662 985.98 184.474 801.506 343.453 330.133 147.03 119.188 101.325 109.857 41.7265 95.0701 13.32
internal_count=34294 4111 30183 3769 26414 8164 7995 2025 1849 1596 1269 911 1046 169
is_linear=0
shrinkage=0.05


Tree=39
num_leaves=15
num_cat=0
split_feature=6 2 6 6 4 2 7 7 4 4 2 0 6 7
split_gain=497.445 101.874 63.0013 41.5834 58.9062 64.8174 62.1038 39.0376 35.3087 35.0604 24.7684 26.8607 24.7173 23.1319
threshold=9.5000000000000018 2.052781599676226 29.500000000000004 3.5000000000000004 0.13694427797210265 0.36188519508372285 0.71732811606383207 0.70373550220132286 0.16972036768034279 1.1135798475795351 0.81450777868163937 99.009967803955092 5.5000000000000009 0.18201286624123428
decision_type=2 2 2 2 2 2 2 2 2 2 2 2 2 2
left_child=3 2 9 -1 6 13 7 10 -3 -2 -5 12 -12 -6
right_child=1 8 -4 4 5 -7 -8 -9 -10 -11 11 -13 -14 -15
leaf_value=-0.038108198808913252 0.027213509756735872 0.051201984740758967 0.055889425101841417 -0.018764220131151799 -0.030313464487836575 -0.036288745850557358 -0.033877273793469047 0.33485863801708038 -0.020975464159317423 -0.039181414522587901 0.19355652346164309 0.012933759783972347 0.074407827310552385 0.061377252071270608
leaf_weight=440.33076056092978 158.50190061889589 20.378166891634464 314.81100233271718 8.8359544090926629 9.3706203792244178 210.06668587215245 26.257261676713824 1.289105501025914 100.54774069041014 22.735253216698766 6.110925871878865 11.178269825875757 15.128792572766541 25.865204127505422
leaf_count=18474 1377 186 2765 233 161 6823 730 35 2309 379 78 267 101 334
internal_value=-0.000961634 0.0323378 0.0423693 -0.0281938 -0.0142951 -0.0257624 0.0265904 0.0639107 -0.00881228 0.0188846 0.0554441 0.0756706 0.108688 0.036993
internal_weight=1371.41 616.974 496.048 754.434 314.103 245.303 68.8003 42.543 120.926 181.237 41.2539 32.418 21.2397 35.2358
internal_count=34252 7016 4521 27236 8762 7318 1444 714 2495 1756 679 446 179 495
is_linear=0
shrinkage=0.05


Tree=40
num_leaves=15
num_cat=0
split_feature=6 2 0 0 7 7 4 6 4 7 5 5 2 7
split_gain=455.311 111.12 50.1595 42.0355 42.1851 39.9348 30.1936 24.7157 43.5401 29.7933 23.7295 45.9819 22.8593 22.1081
threshold=10.500000000000002 2.052781599676226 82.79477691650392 64.911369323730483 0.70646283086187156 0.70373550220132286 0.1672922001119945 5.5000000000000009 0.19685131953716958 0.61591659010208988 0.17872929573059085 0.37300592660903936 0.44638658218184296 0.18201286624123428
decision_type=2 2 2 2 2 2 2 2 2 2 2 2 2 2
left_child=3 2 -2 4 5 -1 -3 -5 9 -9 -4 -12 13 -10
right_child=1 6 10 7 -6 -7 -8 8 12 -11 11 -13 -14 -15
leaf_value=0.034517273012192019 0.052464505297746544 0.046304522998496314 -0.029052127481254589 -0.03545083466814157 -0.030704536934327217 0.3300970170461715 -0.023753151482082041 0.069633951862425242 -0.031558278636925279 -0.022195705431295218 0.10511224531521945 0.0059234722446950168 -0.036525740672945471 0.058637496586304343
leaf_weight=41.090858139097691 364.47888334840536 18.491777647286654 25.916897376999259 506.89667054079473 36.385290455073118 1.1754144076257933 91.38041372038424 22.923687279224396 13.28478140756488 14.369260862469671 14.829552620649336 55.090000208467245 112.32459081336856 13.905000353232024
leaf_count=710 3236 177 355 21656 1270 29 2087 177 161 289 98 470 3417 123
internal_value=-0.000577859 0.0332172 0.044001 -0.0258542 0.00876208 0.0427373 -0.0119623 -0.0298363 -0.0137398 0.0342513 0.0118134 0.0269609 -0.0265681 0.0145683
internal_weight=1332.54 570.188 460.315 762.356 78.6516 42.2663 109.872 683.704 176.807 37.2929 95.8365 69.9196 139.514 27.1898
internal_count=34255 6423 4159 27832 2009 739 2264 25823 4167 466 923 568 3701 284
is_linear=0
shrinkage=0.05


Tree=41
num_leaves=15
num_cat=0
split_feature=6 2 0 2 3 4 0 7 7 6 4 3 2 6
split_gain=410.587 98.0523 58.0219 46.1055 40.368 32.3737 41.5749 38.2765 139.342 31.0129 51.3838 35.2873 29.8169 29.1083
threshold=10.500000000000002 2.052781599676226 83.84021377563478 0.30360405253889383 1.163505554199219 0.10874431361307575 65.865783691406264 0.15316735622871527 0.13161064758398058 5.5000000000000009 0.19685131953716958 0.055484771728515632 0.52434743981404286 5.5000000000000009
decision_type=2 2 2 2 2 2 2 2 2 2 2 2 2 2
left_child=3 2 4 5 -2 7 13 8 -1 -5 11 -11 -12 -7
right_child=1 -3 -4 9 -6 6 -8 -9 -10 10 12 -13 -14 -15
leaf_value=-0.0070267067059444788 0.054166302029852502 -0.011982212934897492 0.0076944819130068554 -0.036600927238544287 -0.044574066027614836 0.22226051338472233 0.0052038564139976554 -0.024943468698547026 0.89718929935049185 0.062047377697299733 0.028552239520526736 -0.025507643270209712 -0.038704287773089943 0.06257144178121786
leaf_weight=2.2208936400711532 340.98276716843247 104.99099314771593 98.173640159890056 474.72646814398468 10.675196897238491 4.4152373336255542 22.424044476822019 52.936797305941582 0.52720854245126236 32.217796109616756 19.336842980235815 17.902513099834323 111.50671469978988 8.0687038227915746
leaf_count=81 3112 2216 903 20875 116 59 403 2123 23 226 260 388 3456 45
internal_value=-0.00104953 0.031526 0.0416808 -0.0252677 0.0511689 0.00816695 0.0459177 -0.0154984 0.166442 -0.0298872 -0.0122748 0.0307735 -0.0287647 0.119049
internal_weight=1301.11 554.823 449.832 746.283 351.658 90.5929 34.908 55.6849 2.7481 655.69 180.964 50.1203 130.844 12.4839
internal_count=34286 6347 4131 27939 3228 2734 507 2227 104 25205 4330 614 3716 104
is_linear=0
shrinkage=0.05


Tree=42
num_leaves=15
num_cat=0
split_feature=6 5 6 3 2 5 5 3 2 3 6 5 4 2
split_gain=394.733 78.7568 70.136 87.5751 34.9884 40.4512 65.2439 64.5312 45.0205 41.3364 37.64 43.4601 32.9235 37.6892
threshold=21.500000000000004 1.5650233253836634 3.5000000000000004 0.013401031494140627 0.37002037349725703 0.0031913518905639653 0.0045885443687438974 0.57177162170410167 2.2214049802389479 0.046489715576171882 9.5000000000000018 0.99343475699424755 0.87836268068522572 1.5495308751358006
decision_type=2 2 2 2 2 2 2 2 2 2 2 2 2 2
left_child=2 -2 -1 -4 -5 -6 7 8 -7 -8 -11 12 13 -12
right_child=1 -3 3 4 5 6 9 -9 -10 10 11 -13 -14 -15
leaf_value=-0.035167151666415146 0.049607252205946362 -0.027121342642954904 0.067481245142866006 0.018842166712108789 -0.046501677639214638 -0.024483137199790918 0.026842724226654048 0.51684114227770162 0.34832572096362374 -0.042631548335103867 0.02279951867093917 -0.050565334778605447 -0.027688371057358743 0.14027099313493391
leaf_weight=400.08217887021601 331.68471470847726 37.193897591903806 36.550780456513166 72.728914296254516 99.054175635799766 2.9653735011816016 53.563677622005343 1.0501274913549421 1.114022374153137 111.77983996085823 46.627890203148127 32.617714235559106 26.765472130849957 7.9993785619735709
leaf_count=18526 3181 936 578 999 3952 80 913 26 13 3652 367 668 270 90
internal_value=-0.00163932 0.0418707 -0.0196144 -0.00698825 -0.0129539 -0.0189833 -0.00940162 0.167304 0.0773254 -0.0126463 -0.0220142 -0.00180022 0.0177421 0.0400015
internal_weight=1261.78 368.879 892.9 492.817 456.267 383.538 284.483 5.12952 4.0794 279.354 225.79 114.01 81.3927 54.6273
internal_count=34251 4117 30134 11608 11030 10031 6079 119 93 5960 5047 1395 727 457
is_linear=0
shrinkage=0.05


Tree=43
num_leaves=15
num_cat=0
split_feature=6 5 5 3 6 5 3 3 2 2 6 8 6 7
split_gain=379.883 78.856 76.7578 59.8314 54.5825 40.6643 33.5739 27.1782 26.627 26.5661 23.7915 26.4429 25.7502 23.5233
threshold=22.500000000000004 0.0018313229084014895 1.6635233759880068 0.012794494628906252 5.5000000000000009 1.2346005830913784 0.99798965454101574 1.5658969879150393 0.19371974998922253 0.30360405253889383 2.5000000000000004 9.154668951679513 5.5000000000000009 0.62156902787236945
decision_type=2 2 2 2 2 2 2 2 2 2 2 2 2 2
left_child=1 9 7 10 8 6 13 -2 -5 -1 -3 12 -12 -6
right_child=2 3 -4 4 5 -7 -8 -9 -10 -11 11 -13 -14 -15
leaf_value=-0.0032322562556864401 0.051603283763401224 -0.027520587460153206 -0.038679422246844702 0.12398366816671787 0.026508746388374665 -0.048070189647125929 -0.0479334682770996 -0.056673804900316038 -0.037810947910309811 -0.038465009933959474 0.25852128792079482 0.052906939828441447 0.061962508547810081 -0.010202449373078874
leaf_weight=62.512734487652779 322.79273108392954 6.1787019968032828 26.578494323417544 2.5925976783037177 164.57794005796313 33.070783749222755 22.015992898494005 5.9014032296836367 132.73165746405721 371.20182991027832 3.5936774890869883 20.409161327406764 3.1066475622355938 59.379260163754225
leaf_count=2205 3185 208 821 21 1918 845 366 74 5557 17655 45 289 28 1010
internal_value=-0.000598182 -0.0181926 0.0430505 -0.00347156 -0.00865257 0.00398475 0.0109835 0.0496593 -0.0347112 -0.0333868 0.0610211 0.0812012 0.167386 0.0167753
internal_weight=1236.64 881.371 355.273 447.656 414.368 279.044 245.973 328.694 135.324 433.715 33.2882 27.1095 6.70033 223.957
internal_count=34227 30147 4080 10287 9717 4139 3294 3259 5578 19860 570 362 73 2928
is_linear=0
shrinkage=0.05


Tree=44
num_leaves=15
num_cat=0
split_feature=0 7 5 7 5 8 0 4 0 4 8 5 8 1
split_gain=316.204 95.7721 89.0503 54.1335 32.871 53.4198 36.7771 35.1449 33.5958 35.2499 32.2447 27.7303 27.5957 26.1922
threshold=68.516372680664077 0.71132173835903734 0.0016853213310241701 0.62461557614892682 1.1608470007777216 34.135115611666954 137.78449249267581 1.4747630413363322 130.71761322021487 0.94999823969599617 188.56136466038348 2.0186933130025868 60.114349591507853 0.097748504460807642
decision_type=2 2 2 2 2 2 2 2 2 2 2 2 2 2
left_child=1 11 -2 4 5 -4 7 8 -7 12 -6 -1 13 -10
right_child=2 -3 3 -5 10 6 -8 -9 9 -11 -12 -13 -14 -15
leaf_value=0.049549102373462633 -0.035440743306155501 -0.018383256674642572 -0.0088139793400506226 -0.032136065932063688 -0.054992700786468868 0.049260934796443348 -0.024406409569144569 -0.056085607046300792 0.38781326307711556 0.0069683458378233532 0.039066261234123045 -0.051382723602065687 0.50671866749455441 -0.051444714074434662
leaf_weight=320.73348971456289 391.43535638973117 66.549741573631763 121.25502274930477 111.40909393131733 34.370606938377023 106.97218387387693 21.016348127275705 7.67900083400309 0.67414593696594216 1.4884229097515342 12.398506959900258 6.9526898376643649 1.0646289885044096 0.68339284509420395
leaf_count=3824 18847 1897 3475 3264 951 989 542 104 14 24 182 278 12 26
internal_value=-0.000426711 0.0363016 -0.0182929 -0.00227368 0.00854204 0.0154632 0.0365534 0.0473592 0.0545231 0.198467 -0.0300576 0.0474076 0.316144 0.166688
internal_weight=1204.68 394.236 810.447 419.011 307.602 260.833 139.578 118.562 110.883 3.91059 46.7691 327.686 2.42217 1.35754
internal_count=34429 5999 28430 9583 6319 5186 1711 1169 1065 76 1133 4102 52 40
is_linear=0
shrinkage=0.05


Tree=45
num_leaves=15
num_cat=0
split_feature=6 5 5 3 6 3 5 6 5 0 3 3 3 5
split_gain=322.11 67.637 60.2084 66.3266 55.4618 43.9605 36.5411 26.946 26.9976 25.2777 30.3907 25.9287 24.6606 22.5151
threshold=22.500000000000004 1.7439908087253573 0.0016853213310241701 0.0066480636596679696 5.5000000000000009 0.046489715576171882 0.87442480772733699 9.5000000000000018 0.0045885443687438974 104.7907066345215 0.87518501281738292 0.078516006469726576 0.18356323242187503 0.20632726699113849
decision_type=2 2 2 2 2 2 2 2 2 2 2 2 2 2
left_child=2 -2 -1 -4 -5 -6 7 8 12 10 -9 -11 -7 -13
right_child=1 -3 3 4 5 6 -8 9 -10 11 -12 13 -14 -15
leaf_value=-0.030715882838016559 0.047719412700364901 -0.048996312426829641 0.090858262790446773 -0.034086713764029074 0.045705987119650598 -0.030815068669611218 -0.043719814501610353 0.018869255156308527 -0.029292994132778284 -0.046593802125111869 -0.061703648864275533 0.00057743946396966879 0.14677120501273419 0.10267844972694767
leaf_weight=407.41770126111805 301.85369908995926 19.228710783645511 17.647280627861619 138.52662157826126 52.636339191347361 3.4988168515264979 48.094559513032436 69.855091817677021 65.321219455450773 5.1065200529992572 14.058430284261702 7.3152338508516577 4.430207122117281 20.618013996630907
leaf_count=19839 3228 735 234 5944 504 70 1209 479 1464 71 154 114 40 155
internal_value=-0.000769409 0.0419274 -0.0168124 -0.00414323 -0.00804701 0.00435164 -0.00478289 0.00506264 -0.0187173 0.0199565 0.00537049 0.0570015 0.0684082 0.07594
internal_weight=1175.61 321.082 854.526 447.108 429.461 290.934 238.298 190.204 73.2502 116.953 83.9135 33.0398 7.92902 27.9332
internal_count=34240 3963 30277 10438 10204 4260 3756 2547 1574 973 633 340 110 269
is_linear=0
shrinkage=0.05


Tree=46
num_leaves=15
num_cat=0
split_feature=0 5 7 7 3 8 0 3 8 3 3 5 5 8
split_gain=274.441 80.0378 71.5677 49.246 39.6067 34.6233 41.6256 29.4468 28.4508 51.0269 28.0155 22.3113 20.6111 20.2766
threshold=64.911369323730483 0.0016853213310241701 0.73440438958627585 0.62461557614892682 0.0066480636596679696 17.901527187606089 137.78449249267581 0.99798965454101574 18.281919066376986 0.50626754760742199 1.4284400939941408 1.8133262246847155 0.21972051262855533 29.904249450070783
decision_type=2 2 2 2 2 2 2 2 2 2 2 2 2 2
left_child=2 -2 10 4 12 -6 7 8 9 -7 11 -1 -3 -10
right_child=1 3 -4 -5 5 6 -8 -9 13 -11 -12 -13 -14 -15
leaf_value=0.051649441241693905 -0.032982106949891114 0.19628746875553491 -0.01687625304455178 -0.029510440476760009 -0.032030457319039987 0.03428268301605774 -0.041748999044064046 -0.037998733343015421 -0.0058134498279714397 0.56441348161493232 -0.05528796933792253 -0.045506223554345762 0.052893742741692951 0.032236969932001654
leaf_weight=277.29099170677364 370.81570947170258 3.7612304985523206 51.247773930430412 114.57163986936212 51.672953478991985 1.3568448536097997 30.784175030887127 19.830549253150821 44.787718331441283 0.6821002960205077 6.5153119135648003 6.0378584042191497 7.50904481112957 160.40803940221667
leaf_count=3465 18994 31 1451 3413 1909 38 1019 477 1078 20 118 218 98 1845
internal_value=-4.75464e-06 -0.0159115 0.0375913 -0.00137183 0.00867792 0.00532546 0.0128116 0.0202086 0.0257785 0.21163 0.0472217 0.049579 0.100749 0.0239318
internal_weight=1147.27 806.18 341.092 435.364 320.793 309.522 257.849 227.065 207.235 2.03895 289.844 283.329 11.2703 205.196
internal_count=34174 28922 5252 9928 6515 6386 4477 3458 2981 58 3801 3683 129 2923
is_linear=0
shrinkage=0.05


Tree=47
num_leaves=15
num_cat=0
split_feature=6 6 3 0 3 7 4 1 3 6 8 4 3 4
split_gain=288.664 70.3256 72.2564 45.2352 36.0414 29.2465 30.295 26.9688 25.3827 24.4139 27.4464 25.7537 24.0004 22.7766
threshold=29.500000000000004 3.5000000000000004 0.013807296752929689 123.11297988891603 1.3139953613281252 0.72323800865803134 0.13694427797210265 -0.68503397978870284 0.061363220214843757 6.5000000000000009 3.502933931761445 1.1663479363807636 0.85028076171875011 0.14766485377223357
decision_type=2 2 2 2 2 2 2 2 2 2 2 2 2 2
left_child=1 -1 13 5 -2 6 7 -4 -9 10 -8 12 -11 -3
right_child=4 2 3 -5 -6 -7 9 8 -10 11 -12 -13 -14 -15
leaf_value=-0.033015544910036117 0.047374661608725471 0.094239986296977912 0.28572088908251814 -0.037979151241051855 -0.049499809625033489 -0.032794648525335535 0.13356685701866214 0.074210920378858805 -0.017473726189960754 0.023425147629229148 -0.03032298894434628 -0.03938431939851076 -0.032448776471063888 0.013385271577829731
leaf_weight=344.23826758563519 259.71226102672517 22.965759189799428 1.1720236744731654 104.57844104990363 9.9697151314467174 59.104182228446007 2.649612918496131 21.254909990355372 11.706654323264955 147.80801418609917 71.229364128783345 23.791379304602742 22.092074519023299 14.031651059165595
leaf_count=18470 3355 228 19 4386 306 1465 12 219 298 1610 2580 525 385 408
internal_value=-0.00125655 -0.0156067 -0.00367799 -0.00902448 0.0437934 -0.000632114 0.00566857 0.0500287 0.0416481 9.60395e-06 -0.0244452 0.00933731 0.0161599 0.063575
internal_weight=1116.3 846.622 502.384 465.387 269.682 360.808 301.704 34.1336 32.9616 267.57 73.879 193.691 169.9 36.9974
internal_count=34266 30605 12135 11499 3661 7113 5648 536 517 5112 2592 2520 1995 636
is_linear=0
shrinkage=0.05


Tree=48
num_leaves=15
num_cat=0
split_feature=6 2 6 3 2 0 1 7 4 6 0 3 6 3
split_gain=272.602 72.0536 57.9083 48.2257 41.8601 29.5439 26.1141 28.3189 25.7828 46.0817 24.0497 22.9096 19.1917 18.4192
threshold=21.500000000000004 1.8695805009870912 3.5000000000000004 0.014987945556640627 0.35783112159426828 102.55465316772462 0.60973134048940414 0.29239699722992546 0.86957297275920087 9.5000000000000018 103.51881790161134 0.071144104003906264 6.5000000000000009 1.0503387451171877
decision_type=2 2 2 2 2 2 2 2 2 2 2 2 2 2
left_child=2 13 -1 5 6 -4 7 12 9 -6 11 -3 -5 -2
right_child=1 10 3 4 8 -7 -8 -9 -10 -11 -12 -13 -14 -15
leaf_value=-0.03271421445427377 0.052829364472745027 0.053402268255530405 0.080175839209241026 -0.054831609488286484 -0.026143004920791798 -0.0096005601052497093 -0.050628855244657149 0.074141873678654588 -0.0424201326392687 0.015999098749017306 0.037513180775233149 -0.048585301115529687 0.034680241151419842 -0.026040352866318534
leaf_weight=333.60938778333366 240.8012781701982 6.5558458790183058 25.145281193777919 9.4201501067727822 167.74815735034645 14.418738966807721 9.2862694561481458 28.820913417264819 78.093373438343406 105.77071597054601 17.683968229219317 34.396183723583817 16.436129339039326 7.637491710484027
leaf_count=18467 2918 86 280 217 6277 411 180 352 2524 1336 195 851 132 73
internal_value=-0.00132968 0.0386382 -0.0168899 -0.00529101 -0.0103128 0.0474577 0.026893 0.0400592 -0.0170811 -0.0098465 -0.0112161 -0.0322585 0.00206862 0.0504048
internal_weight=1095.82 307.075 788.749 455.14 415.576 39.564 63.9635 54.6772 351.612 273.519 58.636 40.952 25.8563 248.439
internal_count=34299 4123 30176 11709 11018 691 881 701 10137 7613 1132 937 349 2991
is_linear=0
shrinkage=0.05


Tree=49
num_leaves=15
num_cat=0
split_feature=0 7 6 5 5 5 4 7 0 7 6 5 8 2
split_gain=249.92 67.9364 55.6388 36.4345 40.57 22.782 21.8892 30.4734 20.5149 21.7393 19.4958 18.4341 14.9222 24.4734
threshold=69.215770721435561 0.71132173835903734 7.5000000000000009 0.0016853213310241701 1.2346005830913784 2.0186933130025868 1.0753764184544095 0.70063888696442167 103.82958221435548 0.15316735622871527 55.500000000000007 0.81122995913028728 7.9219120855532834 2.3582740800248057
decision_type=2 2 2 2 2 2 2 2 2 2 2 2 2 2
left_child=1 5 -2 -4 6 -1 7 8 9 -5 -6 -10 -3 -14
right_child=2 12 3 4 10 -7 -8 -9 11 -11 -12 -13 13 -15
leaf_value=0.04632227738514804 -0.028375449136192693 -0.032916627897325926 -0.042856368780787454 -0.017184850666760735 -0.05066856651382088 -0.051177561623958402 -0.017314828141033294 -0.031289864851047226 0.082695203709720361 0.038900502468688015 0.032691084771094087 0.0081950579844064959 0.050341511556505895 -0.055663605099441363
leaf_weight=279.58021636493504 452.81671294756234 37.910001514479518 40.849230812862515 24.944632519036531 35.620641853660345 6.1225326647981992 33.342492805793881 19.048527842387557 33.095403015613556 56.214170921593904 8.7338337432593089 11.08407950401306 17.18402500264347 7.9701313432306042
leaf_count=3944 23372 1531 1655 247 923 287 397 306 352 491 177 162 175 188
internal_value=-0.000841166 0.0338651 -0.0177526 0.000541705 0.00852418 0.0442329 0.0192 0.0276322 0.036587 0.0216623 -0.0342542 0.064004 -0.0131048 0.0167536
internal_weight=1064.52 348.767 715.75 262.933 222.084 285.703 177.729 144.387 125.338 81.1588 44.3545 44.1795 63.0642 25.1542
internal_count=34207 6125 28082 4710 3055 4231 1955 1558 1252 738 1100 514 1894 363
is_linear=0
shrinkage=0.05


Tree=50
num_leaves=15
num_cat=0
split_feature=6 5 6 3 2 5 3 5 6 5 3 4 1 5
split_gain=240.985 58.8834 57.0263 49.5035 43.0127 35.4681 31.0506 34.226 38.5493 35.9846 46.2923 28.7195 24.9292 30.265
threshold=29.500000000000004 1.8133262246847155 3.5000000000000004 0.014987945556640627 0.3392916555733711 0.0018313229084014895 0.046489715576171882 0.87442480772733699 9.5000000000000018 0.0045885443687438974 0.18356323242187503 0.24437328053083926 -0.21979145204873288 0.0031913518905639653
decision_type=2 2 2 2 2 2 2 2 2 2 2 2 2 2
left_child=2 -2 -1 -4 -5 -6 11 8 9 10 -8 -7 -12 -14
right_child=1 -3 3 4 5 6 7 -9 -10 -11 12 -13 13 -15
leaf_value=-0.03054727096311562 0.04892766595594502 -0.0516673326903139 0.050428147989044186 0.032210483664292987 -0.046039378552805627 0.048460249154209788 -0.051947248623594455 -0.047983404106600763 0.01500494032289227 -0.03973647223412359 -0.00039257709796765435 -0.043386346013805137 0.027137687823339841 0.3244906872266769
leaf_weight=316.22758473269641 230.2477008793503 15.528301678597925 39.464164508506656 57.813134538009763 70.706366963684559 40.028278883546591 5.0576373245567066 57.17768507450819 115.09133508428931 81.355301233008504 1.7470922674983738 10.809667017310856 1.2729743830859663 2.6107483264058828
leaf_count=18499 2985 693 708 815 3754 620 185 1597 1013 2985 53 316 62 36
internal_value=-0.000727205 0.042572 -0.0140402 -0.00323578 -0.00800915 -0.0140353 -0.00685492 -0.013738 -0.00428484 -0.0284047 0.0578468 0.0289309 0.156465 0.227027
internal_weight=1045.14 245.776 799.362 483.134 443.67 385.857 315.151 264.313 207.135 92.0438 10.6885 50.8379 5.63081 3.88372
internal_count=34321 3678 30643 12144 11436 10621 6867 5931 4334 3321 336 936 151 98
is_linear=0
shrinkage=0.05


Tree=51
num_leaves=15
num_cat=0
split_feature=0 5 7 1 5 8 0 2 0 7 5 4 7 7
split_gain=207.46 64.1125 55.5049 42.336 29.4603 29.1888 30.0737 23.5429 29.9386 21.1056 19.0266 18.5582 17.7288 35.4263
threshold=64.911369323730483 0.0016853213310241701 0.73440438958627585 -0.55947840069571653 1.5650233253836634 16.805830564662134 137.78449249267581 1.4641134310242023 94.322814941406264 0.15678759701002401 2.0186933130025868 0.14378331782468637 0.19367531319232198 0.18614546210861346
decision_type=2 2 2 2 2 2 2 2 2 2 2 2 2 2
left_child=2 -2 10 -3 5 7 9 -5 11 -7 -1 -9 13 -11
right_child=1 3 -4 4 -6 6 -8 8 -10 12 -12 -13 -14 -15
leaf_value=0.046241781795342281 -0.031720146204490096 -0.038599429962041992 -0.015108057378454963 -0.037658255894150922 -0.046079118681322508 0.00017800718257271746 -0.032582402456644573 0.13284224038542067 -0.051130834895679982 0.052949313622771457 -0.051082658473434121 -0.053194842583195824 0.028954944833627778 0.30101756360104992
leaf_weight=242.44743061438203 319.84103233087808 65.634533839300275 46.87856519035995 48.576030969619751 25.851376672275364 70.01076846383512 27.285553403198719 6.740809837356208 5.8903326224535695 7.6181157696992141 5.1279848879203191 1.6732986792922018 146.67943384312093 1.774431027472019
leaf_count=3582 18968 2138 1466 2054 898 976 987 94 307 101 260 63 2408 26
internal_value=-0.000631134 -0.0149621 0.0347796 -0.00181647 0.00524062 0.00943569 0.0170031 -0.021056 0.035323 0.0229875 0.0442259 0.0958454 0.0332193 0.0998141
internal_weight=1022.03 727.576 294.454 407.735 342.1 316.249 253.368 62.8805 14.3044 226.083 247.575 8.41411 156.072 9.39255
internal_count=34328 29020 5308 10052 7914 7016 4498 2518 464 3511 3842 157 2535 127
is_linear=0
shrinkage=0.05


Tree=52
num_leaves=15
num_cat=0
split_feature=0 5 1 8 2 2 8 5 3 8 2 0 4 3
split_gain=190.272 56.3761 36.2737 33.3275 38.8261 27.1444 26.1255 37.6101 29.3032 27.1389 25.2736 25.212 24.3005 24.2028
threshold=64.911369323730483 0.0016853213310241701 -0.61325440903696427 11.440530974064025 2.3216350245501207 1.6192699882955111 28.584292017283058 1.1975133121013644 0.0066480636596679696 188.56136466038348 0.16755320791616987 137.78449249267581 1.3549693412510968 1.4284400939941408
decision_type=2 2 2 2 2 2 2 2 2 2 2 2 2 2
left_child=3 -2 -3 5 13 10 8 11 -4 -9 -1 12 -8 -5
right_child=1 2 6 4 -6 -7 7 9 -10 -11 -12 -13 -14 -15
leaf_value=0.082318078866476074 -0.030629410630450028 -0.039696470941345284 0.064563417749185698 0.053135108106482226 -0.041432776396312647 0.072370135420871382 0.035736846331829546 -0.049258102721720286 -0.022563153120566535 0.041028725544097921 -0.01567362828136535 -0.027500557913300375 -0.045170086043884838 -0.055416852071198446
leaf_weight=7.3495565671473733 311.75465223379433 55.90240555908531 10.569613125175236 184.93572459369898 12.330717207863925 13.349156551063059 149.81238796375692 33.973925632424653 110.98945626243949 11.023684769868849 62.84460137411952 21.041383122093976 9.8936662673950178 5.2815348431468001
leaf_count=122 19017 1880 143 2648 386 173 1679 1077 4188 187 1874 701 144 67
internal_value=-0.000872785 -0.014662 -0.00231623 0.0335874 0.0445475 0.00701527 0.00370053 0.0137636 -0.0149875 -0.0271393 -0.00541358 0.0239465 0.0307247 0.0501211
internal_weight=1001.05 714.961 403.207 286.091 202.548 83.5433 347.304 225.745 121.559 44.9976 70.1942 180.747 159.706 190.217
internal_count=34286 29016 9999 5270 3101 2169 8119 3788 4331 1264 1996 2524 1823 2715
is_linear=0
shrinkage=0.05


Tree=53
num_leaves=15
num_cat=0
split_feature=6 2 0 2 4 2 4 1 1 1 2 6 1 1
split_gain=200.901 54.5624 42.0227 59.5807 60.6022 42.5773 54.4245 115.316 349.615 79.0087 37.2283 30.6991 25.2153 57.133
threshold=22.500000000000004 1.8918229766667884 119.13986587524415 1.4282884291777409 0.1979121975128342 1.7404248782936989 0.03940997292280269 0.67889036312768758 0.75502971369350647 0.81830359667481178 0.31220139853749657 6.5000000000000009 -0.13990839614604006 -0.38133794409409988
decision_type=2 2 2 2 2 2 2 2 2 2 2 2 2 2
left_child=2 -2 3 10 5 6 7 12 -9 -10 -1 -12 13 -5
right_child=1 -3 -4 4 -6 -7 -8 8 9 -11 11 -13 -14 -15
leaf_value=0.011384769954513796 0.049584890294634074 -0.0086418725819633786 -0.035020767941343393 0.12831743651045496 -0.014695579175422758 0.031259387775866967 0.049504526129547005 2.0442266250569254 0.86665358168052231 -0.050818673581995093 -0.036214215017684792 -0.0037278970774103368 0.0032350677593191088 0.74748546972730467
leaf_weight=92.150065421126783 200.43788897618651 50.337785343639553 179.36077675782144 2.4800415579229602 61.840371233411133 55.623799927532673 10.498942723497747 0.33413287810981263 0.32700358610600211 0.83089941553771496 205.33029663562775 112.6018130928278 2.4276022436097282 0.43843735195696387
leaf_count=3042 2921 1062 10019 112 1653 1749 206 23 22 54 11869 1336 128 29
internal_value=-0.000673269 0.0378971 -0.0140286 -0.00711854 0.0217191 0.0525835 0.120999 0.230769 0.619433 0.208285 -0.016598 -0.0247086 0.122297 0.221334
internal_weight=975.02 250.776 724.244 544.883 134.801 72.9609 17.3371 6.83812 1.49204 1.1579 410.082 317.932 5.34608 2.91848
internal_count=34225 3983 30242 20223 3976 2323 574 368 99 76 16247 13205 269 141
is_linear=0
shrinkage=0.05


Tree=54
num_leaves=15
num_cat=0
split_feature=0 7 5 7 5 8 4 4 5 4 0 2 5 0
split_gain=172.45 55.1091 43.7966 33.461 20.7021 23.4148 26.6125 23.0226 45.9825 22.1759 22.0356 20.2604 17.7838 17.3077
threshold=69.215770721435561 0.71132173835903734 0.0016853213310241701 0.62461557614892682 1.5650233253836634 34.135115611666954 0.18019673540416506 0.17766688458526081 0.019786536693573002 1.4747630413363322 137.78449249267581 0.45259741245085433 2.0186933130025868 99.867256164550795
decision_type=2 2 2 2 2 2 2 2 2 2 2 2 2 2
left_child=1 12 -2 4 5 6 7 13 -9 10 -7 -8 -1 -4
right_child=2 -3 3 -5 -6 9 11 8 -10 -11 -12 -13 -14 -15
leaf_value=0.0427699652248303 -0.029638689479692532 -0.013962645498967016 0.039925653218702783 -0.0304414550259361 -0.044646770158164414 0.033521544618891549 0.016052094038777314 0.50271061545254947 -0.051094795196236102 -0.055981768150506483 -0.025373475379253954 -0.047335195424931968 -0.050981194966255007 -0.026180535943723743
leaf_weight=239.82231565006077 290.76212639641017 56.562292034737766 25.293964887037873 88.348362387157977 19.601864316500723 124.57618474215269 17.37142616789788 0.71720317937433609 0.78513406589627266 8.7515431344509107 18.202774561941624 45.954829429276288 5.1673561045899978 16.270402238704264
leaf_count=3929 18650 1898 635 3164 737 1326 273 10 40 130 619 1816 291 733
internal_value=-0.000778895 0.0305221 -0.0151535 -0.00364201 0.00488942 0.00865411 -0.0093248 0.0209986 0.213287 0.0212775 0.0260131 -0.029947 0.0407926 0.0140483
internal_weight=958.188 301.552 656.636 365.874 277.525 257.923 106.393 43.0667 1.50234 151.531 142.779 63.3263 244.99 41.5644
internal_count=34251 6118 28133 9483 6319 5582 3507 1418 50 2075 1945 2089 4220 1368
is_linear=0
shrinkage=0.05


Tree=55
num_leaves=15
num_cat=0
split_feature=6 6 5 0 5 1 4 2 1 2 8 2 6 5
split_gain=173.646 53.2626 43.1424 36.6425 34.2585 25.928 33.5529 33.1299 46.9281 24.0611 47.2191 23.4816 31.7772 25.6812
threshold=41.500000000000007 3.5000000000000004 1.8133262246847155 123.11297988891603 1.348593848757446 -0.70811975769026769 0.13694427797210265 0.78529448478260744 -0.68503397978870284 0.62479550896420599 33.533892524313934 0.3392916555733711 9.5000000000000018 0.17872929573059085
decision_type=2 2 2 2 2 2 2 2 2 2 2 2 2 2
left_child=1 -1 -2 4 5 -3 7 8 -7 10 -5 -8 -13 -14
right_child=2 3 -4 9 -6 6 11 -9 -10 -11 -12 12 13 -15
leaf_value=-0.027957201328857258 0.05155307567860562 -0.031113886382796576 -0.051345794513977076 0.4800323174110277 -0.051380038874943551 0.26122230996433993 0.036839051317225216 0.069993050293152601 -0.043212984777620478 -0.034041839801886895 0.01244575078445748 -0.024605256497381156 -0.016954214021140859 0.028747771721899358
leaf_weight=280.96603883057833 160.61064546369016 35.209407423622906 10.876271604560314 0.65918338857591097 24.448007486760616 1.3929379284381873 52.409966986626387 44.207003563642502 13.874645715579387 89.357420052401721 2.9843822252005339 84.329966908320785 45.136584471911192 96.363926911726594
leaf_count=18492 2580 953 584 38 685 9 656 588 389 4480 104 3232 657 883
internal_value=-0.000481755 -0.0105994 0.0450269 -0.00065401 0.00595816 0.00971711 0.0139741 0.0480623 -0.0154378 -0.0289063 0.0970402 0.00668762 -0.000309824 0.0141695
internal_weight=942.826 771.339 171.487 490.373 397.372 372.924 337.715 59.4746 15.2676 93.001 3.64357 278.24 225.83 141.501
internal_count=34330 31166 3164 12674 8052 7367 6414 986 398 4622 142 5428 4772 1540
is_linear=0
shrinkage=0.05


Tree=56
num_leaves=15
num_cat=0
split_feature=6 6 5 4 5 1 4 6 2 0 5 5 6 2
split_gain=167.767 50.2597 41.7546 38.2597 36.6304 24.9626 24.4562 25.3861 36.1819 30.4171 24.1142 26.3707 21.7625 20.1279
threshold=36.500000000000007 4.5000000000000009 1.8133262246847155 1.1135798475795351 1.348593848757446 -0.61988572866120628 0.15748908996885019 9.5000000000000018 0.36188519508372285 106.53853225708009 0.89039462804794323 0.23088824748992923 14.500000000000002 0.51339809196956099
decision_type=2 2 2 2 2 2 2 2 2 2 2 2 2 2
left_child=1 -1 -2 4 5 -3 13 8 -8 -9 11 -11 -13 -7
right_child=2 3 -4 -5 -6 6 7 9 -10 10 -12 12 -14 -15
leaf_value=-0.024924929683470737 0.049343278142231183 -0.024501432285396058 -0.051340116157761941 -0.038698536760756637 -0.047309162134593928 -0.041637872012578819 0.039809829748178004 0.011240581603063085 -0.029050616910701474 -0.0051413694464257703 -0.018721194822438447 0.18385137312350042 0.074011442539831718 0.059174166057311628
leaf_weight=347.67423936072737 166.13351728953421 41.134924105368555 10.977873454801736 52.628290800377727 28.478093255311251 5.5485681891441336 26.546613002195954 103.05314329639077 67.788757564499974 5.510219060815877 6.3304386530071488 7.6845343708992031 10.914279595017431 45.991525897756219
leaf_count=22250 2734 998 612 2027 923 95 227 934 2541 151 140 64 63 580
internal_value=-0.000662188 -0.0110071 0.0431026 0.00104166 0.0070347 0.0118634 0.0172179 0.0101815 -0.00967282 0.024212 0.068127 0.0909312 0.119394 0.0483212
internal_weight=926.395 749.284 177.111 401.609 348.981 320.503 279.368 227.828 94.3354 133.493 30.4395 24.109 18.5988 51.5401
internal_count=34339 30993 3346 8743 6716 5793 4795 4120 2768 1352 418 278 127 675
is_linear=0
shrinkage=0.05


Tree=57
num_leaves=15
num_cat=0
split_feature=6 6 3 5 4 5 6 3 3 2 7 1 5 2
split_gain=151.031 47.4361 42.9972 39.5966 30.159 31.4782 37.4949 26.2229 21.4594 21.3028 16.1005 23.1621 18.5453 14.9469
threshold=39.500000000000007 3.5000000000000004 0.014987945556640627 1.7439908087253573 1.1303590988525321 1.0680216401815417 9.5000000000000018 0.99798965454101574 0.066116333007812514 0.29430479520076241 0.15316735622871527 -0.70811975769026769 0.58309912681579601 1.3210992505805428
decision_type=2 2 2 2 2 2 2 2 2 2 2 2 2 2
left_child=1 13 -3 -2 5 6 9 10 -7 -4 -8 12 -12 -1
right_child=3 2 4 -5 -6 8 7 -9 -10 -11 11 -13 -14 -15
leaf_value=-0.03441295093084084 0.049717228364673099 0.051181596242143385 0.029900100850141966 -0.051295345673372454 -0.042602891265123642 0.057400577520458421 0.0018359984022966094 -0.040457974537036215 -0.051979171194153441 -0.018219533451702408 0.1010567412312508 0.047754156757835876 -0.054308744612107919 -0.0078322160037439543
leaf_weight=192.02485163323581 151.08568020910025 36.900011682882905 27.111544163897634 10.367404398508368 47.57516354508698 5.0513972640037528 39.853953334502876 15.03930273465812 39.934214753098786 151.67047503963113 2.371173031628131 92.772290378808975 10.110808387398718 72.991243961267173
leaf_count=13292 2608 714 413 597 1956 96 436 172 1351 6374 20 887 126 5081
internal_value=-0.000549059 -0.0101868 -0.000621848 0.0432309 -0.00505195 -0.000398602 0.00481742 0.0223887 -0.039697 -0.0109224 0.0289022 0.0391507 -0.0247943 -0.027092
internal_weight=894.86 733.406 468.39 161.453 431.49 383.915 338.93 160.148 44.9856 178.782 145.108 105.254 12.482 265.016
internal_count=34123 30918 12545 3205 11831 9875 8428 1641 1447 6787 1469 1033 146 18373
is_linear=0
shrinkage=0.05


Tree=58
num_leaves=15
num_cat=0
split_feature=0 7 5 1 2 5 8 0 4 4 1 5 8 2
split_gain=140.567 52.4657 38.8066 20.2102 17.0216 16.4106 21.5685 19.6428 18.2869 17.2051 15.352 15.1636 16.9545 24.3817
threshold=72.898834228515639 0.73440438958627585 0.0016853213310241701 -0.55947840069571653 0.32601028748614719 1.5650233253836634 29.092753882938695 137.78449249267581 0.062472461335653824 1.4747630413363322 -0.28702372576172597 2.0186933130025868 16.805830564662134 1.1619075608079616
decision_type=2 2 2 2 2 2 2 2 2 2 2 2 2 2
left_child=1 11 4 -4 -2 6 8 9 10 -8 -5 12 13 -1
right_child=2 -3 3 5 -6 -7 7 -9 -10 -11 -12 -13 -14 -15
leaf_value=0.0033872919468150124 0.0022482408547549104 -0.017730289404388307 -0.033785100447555984 0.099923209405743896 -0.035295275370648742 -0.04367303800363069 0.02515226311728529 -0.031036529797608528 -0.026376084888400243 -0.055996017172746729 0.00015113512822390686 -0.050803232340304483 0.047814218145682208 0.066174371831865794
leaf_weight=59.796871527098119 34.925735886208713 54.685102543793619 49.29310976434499 5.4134176261723068 222.68092515785247 19.187421790324152 139.80717782024294 20.370746827684343 73.612499326467514 6.8520273063331834 13.397764664143322 4.8764962116256347 157.43523390591145 20.85429987218231
leaf_count=1443 1807 2048 1926 95 16452 791 1679 803 3249 104 469 332 2800 299
internal_value=-0.0014602 0.0265175 -0.0156821 -0.0042736 -0.0302052 0.000947139 0.00424694 0.0149706 -0.0151331 0.021361 0.0288632 0.0364766 0.0382643 0.0196224
internal_weight=883.189 297.648 585.541 327.934 257.607 278.641 259.454 167.03 92.4237 146.659 18.8112 242.963 238.086 80.6512
internal_count=34297 6922 27375 9116 18259 7190 6399 2586 3813 1783 564 4874 4542 1742
is_linear=0
shrinkage=0.05


Tree=59
num_leaves=15
num_cat=0
split_feature=6 0 5 6 3 3 5 6 4 3 7 7 7 0
split_gain=140.198 37.9631 35.1707 32.5373 33.8974 25.3175 18.5628 20.3441 24.6388 15.407 14.4463 15.5084 13.5201 12.5032
threshold=39.500000000000007 126.9512405395508 1.8133262246847155 3.5000000000000004 0.012794494628906252 0.97805213928222667 1.348593848757446 6.5000000000000009 1.1663479363807636 3.2831230163574223 0.72323800865803134 0.15316735622871527 0.0052389700649142787 125.70325851440431
decision_type=2 2 2 2 2 2 2 2 2 2 2 2 2 2
left_child=1 3 9 13 -5 6 7 -6 10 -2 11 12 -9 -1
right_child=2 -3 -4 4 5 -7 -8 8 -10 -11 -12 -13 -14 -15
leaf_value=-0.021555241176384372 0.051480857142986641 -0.034677175543646396 -0.051124398859067589 0.062801965980310612 -0.011606752259052701 -0.044070027838976039 -0.046556979017552659 0.10913332694203247 -0.038566312971355605 -0.057486990714219005 -0.012815096961242745 0.035849029946342079 -0.0042536532930520961 0.10735219013889336
leaf_weight=202.81946490425617 142.08933649398386 124.12560662906617 9.3352103810757381 23.272823804989457 98.73793872538954 29.225148680619895 16.916238470934331 2.7911258563399306 19.02879286184907 3.3196320831775656 27.230368616059422 122.46686264500022 45.264065417461097 1.8986792908981431
leaf_count=14386 2646 8054 604 373 3909 705 446 30 597 39 440 1387 540 150
internal_value=-0.000191068 -0.00954463 0.0429534 -0.00425405 0.00431136 0.000547492 0.00446992 0.00720567 0.0157742 0.0489932 0.0210032 0.0264035 0.00233205 -0.0203597
internal_weight=868.521 713.777 154.744 589.652 384.933 361.661 332.435 315.519 216.781 145.409 197.752 170.522 48.0552 204.718
internal_count=34306 31017 3289 22963 8427 8054 7349 6903 2994 2685 2397 1957 570 14536
is_linear=0
shrinkage=0.05


Tree=60
num_leaves=15
num_cat=0
split_feature=5 7 3 2 8 3 5 3 2 4 5 5 8 2
split_gain=79.6102 47.2081 44.8054 44.6717 21.604 24.9124 24.9377 29.9316 27.9912 21.0515 19.0418 18.3691 18.0227 17.8072
threshold=0.0031913518905639653 0.72035619724157318 1.0503387451171877 0.3074474419886038 66.700901428593724 0.030406951904296878 0.0045885443687438974 0.57177162170410167 0.68962122920532132 0.15505063905318175 1.7439908087253573 0.1852887570858002 32.15774729465813 0.29430479520076241
decision_type=2 2 2 2 2 2 2 2 2 2 2 2 2 2
left_child=3 2 4 -1 5 9 7 -7 12 -2 11 -6 13 -8
right_child=1 -3 -4 -5 10 6 8 -9 -10 -11 -12 -13 -14 -15
leaf_value=0.019334192096920316 0.061784616324656184 -0.022534351895048627 -0.041107938155851169 -0.030538002207903009 -0.047242037860878605 0.020878709202142701 0.040867342698348429 0.19102611289069307 -0.015064348020182665 -0.01776222579703874 -0.04751745922526468 0.043136957960757782 0.052289890960301434 -0.014236858545010021
leaf_weight=55.044526096433401 39.002919530496001 89.286759309470654 30.742109977640212 243.65579955372959 5.847402596846222 7.9103253735229355 23.277615404687822 3.839251633733511 114.15559066738933 10.571531104855238 6.534559682942926 145.86860045790672 31.923229951411486 39.607108939439058
leaf_count=2416 688 3198 850 17955 53 173 324 32 3861 382 426 2517 485 945
internal_value=-0.000577324 0.0107323 0.0171995 -0.0213475 0.0213823 0.0127921 0.00559799 0.0764755 0.0016127 0.0448216 0.0360541 0.0396536 0.0216931 0.00616069
internal_weight=847.267 548.567 459.28 298.7 428.538 270.288 220.713 11.7496 208.964 49.5745 158.251 151.716 94.808 62.8847
internal_count=34305 13934 10736 20371 9886 6890 5820 205 5615 1070 2996 2570 1754 1269
is_linear=0
shrinkage=0.05


Tree=61
num_leaves=15
num_cat=0
split_feature=6 5 0 2 3 0 2 6 0 5 6 0 5 7
split_gain=131.706 31.6902 31.1582 30.107 50.3456 39.4285 31.4071 30.6307 24.8487 24.7029 28.5332 22.2385 21.6406 21.4759
threshold=39.500000000000007 1.8133262246847155 126.9512405395508 1.4282884291777409 0.056503295898437507 103.51881790161134 0.30360405253889383 14.500000000000002 103.07922744750978 1.0302486419677737 7.5000000000000009 126.34774017333986 0.0031913518905639653 0.28818372319597996
decision_type=2 2 2 2 2 2 2 2 2 2 2 2 2 2
left_child=2 -2 3 6 8 -6 -1 11 -5 10 -7 -8 -12 -10
right_child=1 -3 -4 4 5 9 7 -9 13 -11 12 -13 -14 -15
leaf_value=0.013980979994717625 0.048330412495667475 -0.05110561718516065 -0.033479176207131443 0.069479188841792647 -0.047193231160137197 -0.028397297140883699 -0.027905267711626089 0.012802480170849076 -0.047134841785134239 -0.047569494511398198 -0.051574076675486913 0.21644693307642365 0.08584517030192769 0.039647689443559252
leaf_weight=87.54122463054955 134.89390080794692 8.5186905087903124 119.1941331056878 40.923655516467988 42.508827179670334 10.997430872172115 263.6066942801699 58.990299025550485 10.697433991357682 10.694001022726296 3.2918692398816374 0.93443601578473945 22.089534390717745 21.371005170047283
leaf_count=2913 2679 590 8085 1044 1187 648 14124 570 585 365 194 54 206 1104
internal_value=-0.00119009 0.0424239 -0.0102179 -0.00538454 0.0128299 -0.0122863 -0.0125881 -0.0197772 0.0436545 0.0192361 0.0388745 -0.0270421 0.0680224 0.0106987
internal_weight=836.253 143.413 692.841 573.646 162.574 89.5817 411.073 323.531 72.9921 47.0728 36.3788 264.541 25.3814 32.0684
internal_count=34348 3269 31079 22994 5333 2600 17661 14748 2733 1413 1048 14178 400 1689
is_linear=0
shrinkage=0.05


Tree=62
num_leaves=15
num_cat=0
split_feature=6 6 4 2 0 2 7 7 1 0 5 5 2 7
split_gain=115.164 33.5133 32.4785 26.1358 51.9693 54.3052 41.8471 225.401 30.7389 42.4736 25.4428 24.3503 22.7234 22.3703
threshold=50.500000000000007 3.5000000000000004 1.1303590988525321 1.3210992505805428 113.4473342895508 1.7691873304478558 0.37688152748827813 0.41973420907714548 0.72817505094306567 100.21817016601564 1.348593848757446 1.9520129859447481 0.31220139853749657 0.15316735622871527
decision_type=2 2 2 2 2 2 2 2 2 2 2 2 2 2
left_child=1 3 10 12 5 6 -5 -8 -9 -10 -3 -2 13 -1
right_child=11 2 -4 4 -6 -7 7 8 9 -11 -12 -13 -14 -15
leaf_value=0.1287293119573826 0.051074511765453613 0.0078070264576437154 -0.039601237601085956 -0.0027284358924143798 -0.031571178747518157 -0.013441946054264117 1.2034507937294991 0.053131963326246923 -0.051313440625116946 0.35382482206369453 -0.040798855650526461 -0.050761984604594704 -0.043736976706642235 -0.011722349209391173
leaf_weight=3.0546427862718692 110.7812960036099 386.58180806972086 46.594073878601193 4.1143495142459896 41.820317060686648 13.30221310071647 0.51689708605408569 5.2613678211346251 0.87811312917619977 2.4571555620059371 28.938665062189102 6.1984399016946545 130.17967714183033 39.432371298782527
leaf_count=155 2386 9804 2007 290 3454 949 24 335 54 83 1127 496 10925 2268
internal_value=-0.000257795 -0.00790019 -1.68638e-05 -0.0230153 0.00315434 0.0578934 0.12963 0.189383 0.12841 0.24716 0.0044219 0.0456785 -0.0333746 -0.00162445
internal_weight=820.111 703.132 462.115 241.017 68.3504 26.5301 13.2279 9.11353 8.59664 3.33527 415.52 116.98 172.667 42.487
internal_count=34357 31475 12938 18537 5189 1735 786 496 472 137 10931 2882 13348 2423
is_linear=0
shrinkage=0.05


Tree=63
num_leaves=15
num_cat=0
split_feature=6 0 5 6 0 1 1 4 5 6 7 4 5 5
split_gain=109.59 37.1575 28.0269 25.3201 28.705 29.9542 65.8193 21.8951 24.3555 24.5994 23.9441 24.6537 21.2225 21.2709
threshold=41.500000000000007 126.9512405395508 1.8133262246847155 3.5000000000000004 125.70325851440431 0.30371643648849384 0.41855684098848628 0.19685131953716958 1.0110458955168726 6.5000000000000009 0.57761342592864984 0.18821919298683129 0.0041579008102417001 0.0045885443687438974
decision_type=2 2 2 2 2 2 2 2 2 2 2 2 2 2
left_child=1 3 -2 4 -1 -6 -7 10 9 -9 12 -12 -5 -14
right_child=2 -3 -4 7 5 6 -8 8 -10 -11 11 -13 13 -15
leaf_value=-0.019581036155088775 0.048156199933208507 -0.034081675129490466 -0.051019816215760495 -0.022702270384697805 -0.050712228242534768 0.99070170286878667 0.11986349076131741 -0.028640381491979689 -0.048475107632993591 0.010362004850971438 -0.011413277679356477 0.13683427055672642 0.26290407125024362 0.053580646053629902
leaf_weight=189.92083605192602 120.88626941293478 114.02487344387919 7.5697155026718965 9.5174174318090063 0.88693195581436102 0.28806030564010121 0.87932377960532904 51.244300886057317 26.358204462565482 191.53617550712079 44.942622166126966 2.9910977045074096 1.2455652970820654 47.353393249213696
leaf_count=14399 2622 8059 573 527 65 20 63 2146 768 2705 1379 46 15 850
internal_value=-4.90276e-05 -0.00803729 0.0423119 -0.00280123 -0.0175702 0.16833 0.334749 0.00475571 -0.00282633 0.00212967 0.0239978 -0.00216253 0.0455745 0.0589455
internal_weight=809.645 681.189 128.456 567.164 191.975 2.05432 1.16738 375.189 269.139 242.78 106.05 47.9337 58.1164 48.599
internal_count=34237 31042 3195 22983 14547 148 83 8436 5619 4851 2817 1425 1392 865
is_linear=0
shrinkage=0.05


Tree=64
num_leaves=15
num_cat=0
split_feature=6 6 3 2 4 5 4 7 2 5 5 5 6 1
split_gain=104.429 32.8882 35.6442 32.4224 30.4791 26.6175 22.4186 33.9454 21.2905 38.0947 20.8008 42.711 20.3019 22.9009
threshold=46.500000000000007 3.5000000000000004 0.026683807373046878 0.54032979905655842 0.14766485377223357 1.8133262246847155 0.17766688458526081 0.15678759701002401 0.61994085473480876 0.00013427436351776126 0.0031913518905639653 0.0045885443687438974 9.5000000000000018 -0.47673248846111344
decision_type=2 2 2 2 2 2 2 2 2 2 2 2 2 2
left_child=1 -1 4 6 -3 -2 -4 -8 9 -6 -5 -12 -13 -14
right_child=5 2 3 10 8 -7 7 -9 -10 -11 11 12 13 -15
leaf_value=-0.023690160218813545 0.049845143571416756 0.066300101350492177 -0.026697530008164577 -0.046527076462950394 0.21650313991616577 -0.050878666166545433 -0.014292053427059612 0.051672171320496264 -0.029403153446783473 -0.036329929483028309 0.12412393482806877 -0.032523783691618229 -0.042253661465085218 0.0085532301359131559
leaf_weight=231.77405475173146 105.59234330430627 34.231178969144821 23.16329924762249 44.55119361449033 2.711072018370035 6.9934953972697249 29.907505755312741 56.061948361806571 20.48962592985481 3.3073219740763307 5.85424746479839 81.83612216822803 27.493151674047112 114.75316157983616
leaf_count=18527 2446 483 720 3341 39 567 414 754 883 103 81 3774 450 1659
internal_value=-0.000997094 -0.00842122 -0.000457083 -0.00609191 0.0351317 0.0435885 0.016961 0.0287242 -0.00511765 0.0775624 -0.0152574 -0.00919881 -0.0126819 -0.00126665
internal_weight=788.72 676.134 444.36 383.621 60.7392 112.586 109.133 85.9695 26.508 6.01839 274.488 229.937 224.082 142.246
internal_count=34241 31228 12701 11193 1508 3013 1888 1168 1025 142 9305 5964 5883 2109
is_linear=0
shrinkage=0.05


Tree=65
num_leaves=15
num_cat=0
split_feature=6 0 2 3 0 8 2 5 5 2 7 6 2 7
split_gain=96.6292 30.8704 31.815 56.0806 45.6216 31.819 43.9398 26.1154 25.1844 23.0186 31.963 21.84 19.309 100.936
threshold=41.500000000000007 119.13986587524415 1.4282884291777409 0.056503295898437507 103.51881790161134 16.805830564662134 0.30360405253889383 0.99343475699424755 1.8133262246847155 0.68962122920532132 0.29239699722992546 9.5000000000000018 0.30003901004445038 0.25443913954007441
decision_type=2 2 2 2 2 2 2 2 2 2 2 2 2 2
left_child=1 2 5 -4 -5 6 12 11 -2 10 -7 -6 -1 -14
right_child=8 -3 3 4 7 9 -8 -9 -10 -11 -12 -13 13 -15
leaf_value=0.0081302261618413484 0.04709627338155533 -0.029088725588897399 0.05140529740246759 -0.047268917129214806 -0.0093266243526103562 -0.0014615100906036848 -0.036274281540435292 -0.053582025458036753 -0.050948309952294858 -0.014040573349621055 0.060313069814766918 0.086248767260730594 0.80748019042235686 -0.05099867189887989
leaf_weight=62.353196850046515 109.40730688907206 139.37172779813409 65.779280483722687 41.088500741869211 9.038152436725797 49.706200232729316 159.41820046398789 7.1731077441945663 6.9668304836377493 70.165644713677466 36.181838699616492 17.649448295123875 0.4655211241915812 1.2945485068485139
leaf_count=2527 2588 10022 2243 1194 451 664 11328 270 580 1554 560 191 17 80
internal_value=-0.00077978 -0.00819009 -0.00259216 0.0177135 -0.0118562 -0.0101203 -0.0222159 0.0311157 0.0412268 0.00720538 0.0245621 0.0538807 0.0127403 0.176061
internal_weight=776.06 659.685 520.314 140.728 74.9492 379.585 223.531 33.8607 116.374 156.054 85.888 26.6876 64.1133 1.76007
internal_count=34269 31101 21079 4349 2106 16730 13952 912 3168 2778 1224 642 2624 97
is_linear=0
shrinkage=0.05


Tree=66
num_leaves=15
num_cat=0
split_feature=0 7 1 5 5 0 3 2 2 7 3 1 2 7
split_gain=78.7351 30.9729 24.8012 25.7237 35.582 27.0048 22.8664 18.159 21.7216 44.3981 18.1268 16.0202 45.2842 14.2114
threshold=64.911369323730483 0.73440438958627585 -0.55947840069571653 0.0031913518905639653 0.0045885443687438974 103.51881790161134 1.0503387451171877 0.3074474419886038 0.30003901004445038 0.15316735622871527 0.99798965454101574 0.91995608969137332 0.41371398353154126 0.3687563887296656
decision_type=2 2 2 2 2 2 2 2 2 2 2 2 2 2
left_child=1 6 -2 7 5 -5 -1 8 -4 -10 -6 -3 -13 -9
right_child=2 11 3 4 10 -7 -8 13 9 -11 -12 12 -14 -15
leaf_value=0.041630715528719039 -0.03387164983059892 -0.021133369527282449 0.0023182811309391165 0.017670892957952263 0.0051045481857302406 0.16769181060091312 -0.037585894287876689 -0.03817547901609411 0.3497532124294242 -0.023611019836380455 -0.042198483123047165 -0.050732673892213136 0.44914456210678777 -0.0096285141114271031
leaf_weight=148.02322358265519 89.977971704676747 36.047159308567643 28.766732672229409 6.3080248506739718 234.57030167896301 5.7195549691095948 9.707127283792941 93.178035219199955 1.4098480977118009 1.8294183826074002 22.166627814993262 1.2915900470688928 0.69786089379340399 81.932118826545775
leaf_count=3625 5675 1350 1290 131 6351 57 192 7363 26 123 751 93 11 7156
internal_value=-0.000342639 0.0269891 -0.00979846 -0.00524677 0.00495813 0.0890113 0.0367555 -0.0184892 0.0161405 0.138891 0.00102041 -0.0135102 0.124615 -0.0248187
internal_weight=761.626 195.767 565.859 475.881 268.765 12.0276 157.73 207.116 32.006 3.23927 256.737 38.0366 1.98945 175.11
internal_count=34194 5271 28923 23248 7290 188 3817 15958 1439 149 7102 1454 104 14519
is_linear=0
shrinkage=0.05


Tree=67
num_leaves=15
num_cat=0
split_feature=6 6 4 4 7 2 0 4 0 6 0 1 7 4
split_gain=92.5345 29.9863 28.6173 19.3661 30.1524 23.719 36.7797 71.6157 22.1496 24.5161 54.5211 19.7445 16.2003 16.6986
threshold=51.500000000000007 3.5000000000000004 1.1135798475795351 0.15505063905318175 0.70646283086187156 0.68962122920532132 131.692741394043 0.2596613603224236 103.82958221435548 9.5000000000000018 106.53853225708009 -0.70217173271201228 0.20545735589082303 0.21409891184457944
decision_type=2 2 2 2 2 2 2 2 2 2 2 2 2 2
left_child=1 -1 3 4 11 6 12 -8 -7 10 -10 -3 -5 -14
right_child=-2 2 -4 5 -6 8 7 -9 9 -11 -12 -13 13 -15
leaf_value=-0.023611568650827426 0.043939904968906707 0.19562958907589778 -0.038014444813301636 -0.012875228739857809 -0.020454438461291889 -0.03100412027145549 0.83965164918983692 0.063677693142697153 0.09040524670843833 0.030429615175561961 -0.040179242162568816 0.039794509783963983 -0.026096596627533514 0.036599092708130158
leaf_weight=218.26941281929612 96.619121699593961 2.1125846514478317 46.552275276277214 41.682700350880623 24.920305499807 90.655984035693109 0.3928420701995482 1.2230943683534858 9.5710715577006322 45.290674541145563 48.485870250500739 53.699029090814292 12.78942121658474 62.625062251463532
leaf_count=18399 2868 21 2059 761 945 2260 18 56 217 861 3261 1242 371 926
internal_value=-0.00175322 -0.00845993 -0.000943727 0.00344243 0.0252748 -0.00219388 0.0154096 0.252321 -0.0129656 0.00285761 -0.0186515 0.0456932 0.0121402 0.0259666
internal_weight=754.889 658.27 440.001 393.449 80.7319 312.717 118.713 1.61594 194.004 103.348 58.0569 55.8116 117.097 75.4145
internal_count=34265 31397 12998 10939 2208 8731 2132 74 6599 4339 3478 1263 2058 1297
is_linear=0
shrinkage=0.05


Tree=68
num_leaves=15
num_cat=0
split_feature=6 6 3 4 2 5 5 6 4 0 5 5 6 4
split_gain=83.5126 30.4674 30.6193 28.9003 22.4618 20.5459 23.518 22.5864 26.7637 21.5691 19.4188 18.9958 23.2961 29.5858
threshold=51.500000000000007 3.5000000000000004 0.026683807373046878 0.14766485377223357 0.55206885944259676 0.0031913518905639653 0.0045885443687438974 5.5000000000000009 0.25135020826680415 104.7907066345215 1.9520129859447481 1.0110458955168726 9.5000000000000018 1.0297382742193013
decision_type=2 2 2 2 2 2 2 2 2 2 2 2 2 2
left_child=1 -1 3 -3 -4 -6 -7 -8 -9 -10 -2 12 -11 -14
right_child=10 2 4 -5 5 6 7 8 9 11 -12 -13 13 -15
leaf_value=-0.022231446652239306 0.049036207016875971 0.065444332133867494 0.014453142628663516 -0.0064773433529621352 -0.045823339813476013 0.088060919328076692 -0.050847567498273454 0.03164474139939117 -0.03107040131788736 -0.038735170061971656 -0.050652813486966181 -0.038530229614786901 0.071632932808107244 -0.023323255780761085
leaf_weight=214.90359962172806 88.944140363484621 32.887212104164064 110.95349630806595 24.279444414190948 39.092543077655137 6.3838082486763588 28.430675627663732 42.935444516129792 78.398183991201222 11.671432183124123 5.1689392933621994 16.695459560491145 26.267476225271821 11.928106908686457
leaf_count=18545 2403 492 1964 1010 3288 77 1983 978 1477 501 484 667 211 185
internal_value=-0.000437484 -0.00685911 0.000824988 0.0348982 -0.00440055 -0.0123908 -0.00652241 -0.00931356 -0.00302903 -0.0132989 0.043561 0.00763252 0.0230878 0.041979
internal_weight=738.94 644.827 429.923 57.1667 372.757 261.803 222.711 216.327 187.896 144.961 94.1131 66.5625 49.867 38.1956
internal_count=34265 31378 12833 1502 11331 9367 6079 6002 4019 3041 2887 1564 897 396
is_linear=0
shrinkage=0.05


Tree=69
num_leaves=15
num_cat=0
split_feature=6 6 4 5 3 5 6 0 5 0 3 0 5 0
split_gain=73.9545 26.9511 28.5216 25.7291 22.5288 18.5762 13.6651 15.6072 16.8199 16.3127 14.1966 13.1557 13.0737 12.7726
threshold=50.500000000000007 4.5000000000000009 1.1135798475795351 1.348593848757446 0.99798965454101574 1.9520129859447481 9.5000000000000018 106.53853225708009 0.82515384256839763 80.021316528320327 0.0059547424316406259 111.18776702880861 0.23088824748992923 64.911369323730483
decision_type=2 2 2 2 2 2 2 2 2 2 2 2 2 2
left_child=1 13 3 4 6 -2 10 9 12 -8 -3 -10 -9 -1
right_child=5 2 -4 -5 -6 -7 7 8 11 -11 -12 -13 -14 -15
leaf_value=0.010715396706944113 0.047669824425646226 0.076159802463915779 -0.035575665840919569 -0.041224039111778597 -0.039144013228562757 -0.050618960920248479 0.032642677672784733 0.0079714690266806665 0.11279502501727211 -0.0040565575276416627 -0.00094170353385363752 -0.034802198290537829 0.095946601284942715 -0.022070222559097092
leaf_weight=33.898581394925714 85.395493593066931 6.2906468026339999 43.040372346527874 24.799457144923508 20.27381703350693 5.0939185833558431 70.985152411274612 5.4066381026059416 1.9205634202808122 52.804213980212808 117.25895753502846 7.0574512621387839 19.289065059274435 240.22377699054778
leaf_count=1633 2398 50 2040 1064 402 501 1004 147 15 486 3629 149 150 20628
internal_value=-0.000185749 -0.00613951 0.00268018 0.0077296 0.0117591 0.0421369 0.0154315 0.0251981 0.0553795 0.0169881 0.00298399 -0.00322842 0.0766862 -0.0180159
internal_weight=733.738 643.249 369.126 326.086 301.287 90.4894 281.013 157.463 33.6737 123.789 123.55 8.97801 24.6957 274.122
internal_count=34296 31397 9136 7096 6032 2899 5630 1951 461 1490 3679 164 297 22261
is_linear=0
shrinkage=0.05


Tree=70
num_leaves=15
num_cat=0
split_feature=0 7 3 0 2 3 0 8 8 7 8 5 2 7
split_gain=61.6538 33.5145 28.948 17.8189 26.2567 32.992 26.6028 24.6695 68.8532 69.6931 21.9791 18.1878 18.1341 37.6675
threshold=73.604766845703139 0.70646283086187156 1.3139953613281252 117.51461410522462 1.1743433289130525 0.012794494628906252 105.20701217651369 7.9219120855532834 8.0937926399559732 0.81323131255736103 16.805830564662134 0.14522809907794001 0.45259741245085433 0.29239699722992546
decision_type=2 2 2 2 2 2 2 2 2 2 2 2 2 2
left_child=1 2 -1 4 10 7 -7 11 9 -9 -2 -6 13 -12
right_child=3 -3 -4 -5 5 6 -8 8 -10 -11 12 -13 -14 -15
leaf_value=0.0353060412761231 -0.031590331108926763 -0.014818957815384974 -0.056321476496312674 -0.025514972118261599 -0.043368732114195521 -0.021864988970065627 0.028216878388648621 0.08156116704897648 0.06681926895992929 1.0520936698977332 -0.00036941009430511117 0.29258786472936632 -0.014299322938359081 0.11797555373833167
leaf_weight=175.03874349920079 105.52794521674514 51.547461667098105 9.0664811977185291 138.4425911763683 6.7994942339137223 62.493785230908543 46.058287397958338 0.37790845613926904 23.427034856751561 0.36231464520096779 26.255250591784716 0.42823210917413224 67.426519029773772 9.0382839981466514
leaf_count=4683 9401 2240 191 10609 565 2004 1336 33 1291 12 308 6 1504 113
internal_value=-0.000176073 0.0208163 0.0307937 -0.0103415 -0.00430857 0.0124404 -0.000615417 0.0575824 0.081821 0.556605 -0.0155642 -0.0234638 0.000899961 0.0299374
internal_weight=722.29 235.653 184.105 486.638 348.195 139.947 108.552 31.395 24.1673 0.740223 208.248 7.22773 102.72 35.2935
internal_count=34296 7114 4874 27182 16573 5247 3340 1907 1336 45 11326 571 1925 421
is_linear=0
shrinkage=0.05


Tree=71
num_leaves=15
num_cat=0
split_feature=6 2 6 2 8 2 0 1 1 7 0 7 1 7
split_gain=70.5916 29.3899 18.1873 17.352 40.14 36.9009 25.9951 46.1704 19.6152 19.0742 17.2461 17.1887 24.7077 17.1047
threshold=25.500000000000004 1.9305753936577277 3.5000000000000004 1.3210992505805428 10.349055520824182 1.7404248782936989 109.26585006713869 0.41855684098848628 -0.27048806205475157 0.6645770981568021 110.82780075073244 0.81323131255736103 0.82580215771214249 0.18201286624123428
decision_type=2 2 2 2 2 2 2 2 2 2 2 2 2 2
left_child=2 -2 3 -1 5 6 8 -8 9 -5 -9 -10 -13 -4
right_child=1 -3 13 4 -6 -7 7 10 11 -11 -12 12 -14 -15
leaf_value=-0.029403117960555648 0.045204161729924731 -0.01052816459180452 -0.01845206890058743 0.25454923213857839 -0.030208207186849679 -0.0089655633078968757 -0.050651788114053409 0.52501638827342201 -0.028526062172543637 -0.0033854175372754953 0.22504921130773467 0.3873179203882966 -0.050698596988796821 0.0052794851483811724
leaf_weight=143.29038092773408 103.0079680737108 30.706613505724818 105.54740116605535 2.2319208001717921 36.654029724188149 11.858910924755035 0.8834179369732732 1.0330870524048803 4.4157460043206838 1.055808240547776 0.89365227334201325 0.67659389227628686 0.61422961577773094 270.56661491235718
leaf_count=13342 2842 972 3837 95 3563 891 72 15 303 80 27 7 48 8207
internal_value=-0.000342708 0.0324056 -0.00789621 -0.0199329 0.00256467 0.0533291 0.115911 0.248654 0.0744374 0.171717 0.385887 0.0183915 0.178891 -0.00138021
internal_weight=713.436 133.715 579.722 203.608 60.3174 23.6634 11.8045 2.81016 8.9943 3.28773 1.92674 5.70657 1.29082 376.114
internal_count=34301 3814 30487 18443 5101 1538 647 114 533 175 42 358 55 12044
is_linear=0
shrinkage=0.05


Tree=72
num_leaves=15
num_cat=0
split_feature=6 2 2 5 7 4 6 5 0 4 4 6 5 7
split_gain=69.3877 31.6782 19.8166 23.7282 17.6219 14.8905 19.5769 15.3931 14.8326 21.9864 18.0949 19.1726 21.6827 17.5745
threshold=29.500000000000004 1.9305753936577277 0.30360405253889383 0.0018313229084014895 0.72323800865803134 0.02893896311069 5.5000000000000009 1.2346005830913784 103.51881790161134 0.15748908996885019 1.0173889721534193 9.5000000000000018 0.0045885443687438974 0.3872965624964067
decision_type=2 2 2 2 2 2 2 2 2 2 2 2 2 2
left_child=2 -2 4 -4 -1 -5 -7 8 9 -8 11 12 -10 -13
right_child=1 -3 3 5 -6 6 7 -9 10 -11 -12 13 -14 -15
leaf_value=0.025968962123967588 0.048616095825091181 -0.013244391247169666 -0.025457542786782424 0.044061399496918938 -0.036588988024540914 -0.027848361772795295 0.036370737815185815 -0.041392591549367502 0.11179375402425391 -0.01464440926906733 -0.027441431285435327 0.10268266801414694 -0.008563917810805911 0.026927647039545834
leaf_weight=67.74306555185467 91.799554564058781 26.71891030529514 181.68582318397239 16.101771168410778 13.500544205307959 72.842982210218906 26.451541246846318 18.79444592539221 4.3290459290146854 104.78575548715889 14.307325342670081 14.654036564752461 27.595785983838141 16.031597848981619
leaf_count=2023 2748 905 17724 727 857 4880 496 910 54 1518 270 96 882 191
internal_value=-0.000185055 0.0346702 -0.00732193 -0.0110602 0.0155735 -0.00277966 -0.00529548 0.00194322 0.00585604 -0.00436205 0.0232902 0.034883 0.00775673 0.0631047
internal_weight=697.342 118.518 578.824 497.58 81.2436 315.894 299.793 226.95 208.155 131.237 76.9178 62.6105 31.9248 30.6856
internal_count=34281 3653 30628 27748 2880 10024 9297 4417 3507 2014 1493 1223 936 287
is_linear=0
shrinkage=0.05


Tree=73
num_leaves=15
num_cat=0
split_feature=6 6 3 5 4 8 5 3 6 3 3 7 5 4
split_gain=59.6684 18.8643 25.5987 19.4035 19.3512 23.3925 16.6922 16.1018 20.1077 14.3109 20.2681 13.5657 18.4171 18.7585
threshold=51.500000000000007 3.5000000000000004 0.013401031494140627 1.2346005830913784 1.1135798475795351 100.15577384350694 1.9520129859447481 0.74956417083740245 9.5000000000000018 0.59323120117187511 0.6079845428466798 0.13955238471881837 0.47790108248591429 0.29627625582525025
decision_type=2 2 2 2 2 2 2 2 2 2 2 2 2 2
left_child=1 -1 -3 4 5 7 -2 8 9 -4 -11 -10 -13 -14
right_child=6 2 3 -5 -6 -7 -8 -9 11 10 -12 12 13 -15
leaf_value=-0.018284999666013862 0.047049675142887687 0.045652638138305043 -0.010864049550878512 -0.043108987832213466 -0.032382308736528378 0.071093370072099288 -0.050581039122813587 -0.02678496381573673 -0.0078753059753090306 0.14122716030039736 0.00050346786261752663 0.054270684177796819 0.043703580469112976 -0.019816820613410259
leaf_weight=195.71587324608117 72.570270517840981 29.219085297547281 134.78713683597744 27.819708978291601 40.44531593285501 12.599112304858862 4.6591128264553836 43.045943195931613 29.96028595417738 3.8265635957941395 7.7224121615290642 43.7356545496732 21.36921957321465 25.483277923427522
leaf_count=18383 2369 620 6094 1316 2049 140 490 990 360 28 256 564 326 281
internal_value=-0.00026806 -0.00546425 0.000509901 -0.00286535 0.000219069 0.00430729 0.0411598 0.00159234 0.00616933 -0.00628711 0.04713 0.0212905 0.0309365 0.00915456
internal_weight=692.959 615.73 420.014 390.795 362.975 322.53 77.2294 309.93 266.885 146.336 11.549 120.548 90.5882 46.8525
internal_count=34266 31407 13024 12404 11088 9039 2859 8899 7909 6378 284 1531 1171 607
is_linear=0
shrinkage=0.05


Tree=74
num_leaves=15
num_cat=0
split_feature=0 7 3 1 0 8 8 1 4 8 5 8 0 1
split_gain=45.0071 23.1313 20.1238 19.093 18.7139 17.7787 93.0148 162.906 15.6148 14.5968 20.4543 19.0467 15.7805 40.5703
threshold=69.215770721435561 0.73440438958627585 1.0503387451171877 -0.55947840069571653 145.32572937011722 6.3079597006222246 6.4289122593568768 0.43947539666507252 1.3699448060501214 82.12340950416683 1.1806890890002253 236.92412209887956 144.46268463134768 0.50615085742125432
decision_type=2 2 2 2 2 2 2 2 2 2 2 2 2 2
left_child=1 2 -1 -2 5 -5 7 -7 9 12 -11 -12 -8 -14
right_child=3 -3 -4 4 -6 6 8 -9 -10 10 11 -13 13 -15
leaf_value=0.0349998791512297 -0.030753625058764101 -0.012622739013855003 -0.041184213843191875 -0.043747330905206307 -0.038365446688541027 1.4719922557948482 -0.0010381664019987935 -0.050472982333157473 -0.046207713518262153 0.054829791979110913 -0.049352753837548058 0.066107767283321558 -0.050432757421627165 0.60532842239128926
leaf_weight=139.94606930576265 74.709131907206029 39.795922048855573 9.240366892423479 21.941698741167784 34.822240062989295 0.29554974660277267 292.18201653379947 0.43330170586705208 16.38382713496685 29.614777218084782 11.71982614696026 5.1376572605222455 0.6234743152745057 0.37938179075717926
leaf_count=4103 5426 1779 210 2163 3230 27 15132 48 1033 371 430 92 74 6
internal_value=0.000528278 0.0212465 0.0302812 -0.00749103 -0.0032884 -6.30932e-05 0.00262353 0.566888 0.00146843 0.00376815 0.0298028 -0.0141638 -0.000358567 0.197643
internal_weight=677.225 188.982 149.186 488.243 413.534 378.712 356.77 0.728851 356.041 339.657 46.4723 16.8575 293.185 1.00286
internal_count=34124 6092 4313 28032 22606 19376 17213 75 17138 16105 893 522 15212 80
is_linear=0
shrinkage=0.05


Tree=75
num_leaves=15
num_cat=0
split_feature=6 0 5 0 1 1 1 6 2 3 2 3 2 0
split_gain=58.7544 24.3279 20.4226 17.4043 27.291 54.9861 24.3177 16.5863 39.4877 26.5468 24.9398 19.1502 17.7172 15.5663
threshold=39.500000000000007 126.9512405395508 1.7439908087253573 125.70325851440431 0.30371643648849384 0.33529918162101707 0.78156653670822074 3.5000000000000004 1.3210992505805428 0.0086402893066406267 1.7691873304478558 0.97805213928222667 0.31220139853749657 112.60453414916994
decision_type=2 2 2 2 2 2 2 2 2 2 2 2 2 2
left_child=1 3 -2 7 -5 -6 -7 8 12 -9 13 -11 -1 -10
right_child=2 -3 -4 4 5 6 -8 9 10 11 -12 -13 -14 -15
leaf_value=-0.0012420989221593637 0.043953573539507511 -0.0303839773588385 -0.048537380531895186 -0.014159829649310058 0.79219093509454863 0.017898256928918863 0.46344422376295358 0.068619769709653 0.096707747057584975 0.0036934744301547239 -0.013862353425265385 -0.043026528251603281 -0.042270687510389232 -0.014338059428568356
leaf_weight=38.106121066957712 82.602932358160615 89.050140175502747 6.4331470578908911 2.7116543957963577 0.35562292113900218 1.4395081857219336 0.38901159912347782 14.863203327171503 13.952430509030821 300.44193454273045 16.218912087380886 23.660862219054252 85.018028433434665 4.078356070443987
leaf_count=2438 2655 8046 620 151 18 72 30 231 734 7325 1391 687 9564 344
internal_value=-0.000590941 -0.00630184 0.0372708 -0.00202338 0.0917878 0.223324 0.112687 -0.00294871 -0.016363 0.00327921 0.0311244 0.000282718 -0.0295726 0.0715905
internal_weight=679.322 590.286 89.0361 501.236 4.8958 2.18414 1.82852 496.34 157.374 338.966 34.2497 324.103 123.124 18.0308
internal_count=34306 31031 3275 22985 271 120 102 22714 14471 8243 2469 8012 12002 1078
is_linear=0
shrinkage=0.05


Tree=76
num_leaves=15
num_cat=0
split_feature=6 2 3 2 6 4 3 2 6 0 4 4 2 8
split_gain=56.4096 24.3314 16.7611 15.4965 14.8908 20.5099 33.4234 31.5671 15.6182 15.8448 23.1647 14.1218 13.9822 33.542
threshold=25.500000000000004 1.8286695045058907 2.3872375488281254 0.16755320791616987 3.5000000000000004 0.19685131953716958 0.059900283813476569 0.48266116378838136 9.5000000000000018 104.7907066345215 1.0297382742193013 0.17766688458526081 1.3210992505805428 11.086396794691336
decision_type=2 2 2 2 2 2 2 2 2 2 2 2 2 2
left_child=3 2 -2 -1 12 6 -6 -7 -9 -10 -11 -8 -5 -14
right_child=1 -3 -4 4 5 7 11 8 9 10 -12 -13 13 -15
leaf_value=0.074945622040366866 0.050186367682402006 -0.0052823155670674174 -0.058050725802215299 -0.028369214928669135 0.042920390756952365 0.019598557266553671 -0.025782962948982337 -0.037005667721648351 -0.026189737044932351 0.035061173837576613 -0.036835323176502864 0.046113550549290408 0.041266470846912595 -0.034491517494620198
leaf_weight=5.7402314506471148 81.336534630507231 32.766451054252684 3.7412917762994757 127.92083417437971 56.748603011481464 68.679474364034832 40.301508780568838 78.586869028396904 55.645003066398203 35.313285353127867 16.409460034687072 8.2235530046746117 27.566407281905413 31.087990301195532
leaf_count=118 2788 1041 35 13271 1300 877 1607 5445 829 685 974 286 1715 3430
internal_value=-7.72886e-05 0.0313271 0.0454266 -0.00677897 -0.0076374 -0.00169486 0.0168684 -0.00936949 -0.0200684 -0.0076713 0.0122514 -0.0135986 -0.0191007 0.00111324
internal_weight=670.067 117.844 85.0778 552.223 546.483 359.908 105.274 254.634 185.955 107.368 51.7227 48.5251 186.575 58.6544
internal_count=34401 3864 2823 30537 30419 12003 3193 8810 7933 2488 1659 1893 18416 5145
is_linear=0
shrinkage=0.05


Tree=77
num_leaves=15
num_cat=0
split_feature=6 0 5 2 0 2 3 0 0 0 2 8 2 8
split_gain=47.2885 19.3467 18.0393 16.852 38.9061 30.6829 13.7549 14.6125 14.5801 18.8987 34.3426 18.28 71.9875 18.0855
threshold=46.500000000000007 126.9512405395508 1.8133262246847155 0.61994085473480876 178.5647888183594 0.609422511128072 0.85028076171875011 106.29524230957033 64.911369323730483 61.501644134521491 0.28626934596289916 3.2768177988407499 0.2183822643881779 6.3079597006222246
decision_type=2 2 2 2 2 2 2 2 2 2 2 2 2 2
left_child=1 6 -2 4 5 -3 8 -8 9 -1 11 12 -11 -10
right_child=2 3 -4 -5 -6 -7 7 -9 13 10 -12 -13 -14 -15
leaf_value=0.0084598553878127841 0.045342438819098489 -0.022511788237884064 -0.050660592333278888 -0.032147118122748931 0.60695567084741853 0.30656588172922716 -0.049632049418941233 0.029222844075950806 -0.038279683412628919 -0.052315009757737355 0.019784094290855779 0.11016583193413572 0.60913406766603073 0.00080973761736319078
leaf_weight=69.34871469438076 67.680681634694338 4.8692511678673318 5.2745055672712615 80.478288253769279 0.3028330449014901 0.82891940465196956 25.647359220776707 7.6206417838111511 32.345371481962502 0.75217248685658222 12.118074692785738 3.7553701754659414 0.90778994187712669 347.41672564763576
leaf_count=2180 2481 451 570 7628 18 21 788 248 3296 23 326 28 35 16241
internal_value=0.000438962 -0.00428412 0.0384016 -0.02612 0.054709 0.0253595 -0.000506757 -0.0315689 0.00170773 0.0201854 0.0665629 0.171241 0.309414 -0.00251961
internal_weight=659.347 586.392 72.9552 86.4793 6.001 5.69817 499.912 33.268 466.644 86.8821 17.5334 5.41533 1.65996 379.762
internal_count=34334 31283 3051 8118 490 472 23165 1036 22129 2592 412 86 58 19537
is_linear=0
shrinkage=0.05


Tree=78
num_leaves=15
num_cat=0
split_feature=6 1 0 3 6 0 2 2 4 2 2 6 0 0
split_gain=47.4021 17.8764 16.6949 17.504 16.412 13.876 32.5026 14.899 51.0159 27.0026 26.426 19.4877 17.7812 15.4921
threshold=51.500000000000007 -0.70811975769026769 145.32572937011722 0.95970344543457042 19.500000000000004 143.58866882324222 0.98684412772771579 1.3349517413307674 0.17174486029137528 1.7404248782936989 0.32219948826251671 3.5000000000000004 70.522514343261733 112.60453414916994
decision_type=2 2 2 2 2 2 2 2 2 2 2 2 2 2
left_child=1 -1 3 4 5 7 -7 10 9 13 -3 -12 -11 -9
right_child=-2 2 -4 -5 -6 6 -8 8 -10 12 11 -13 -14 -15
leaf_value=-0.031100049527994358 0.039767208307251729 0.01549486668669155 -0.036035845996702912 -0.038799126980413517 0.028002421968706417 0.24975868939942744 -0.050485082936322416 0.10382620239917784 -0.016651385154920647 0.081964174968470194 -0.039304465911999431 -0.0062462650973218745 -0.00033746622691837344 0.0074131727226877404
leaf_weight=58.556335328612477 66.125260864384472 80.333869541995227 33.693986459169537 27.006591049488634 55.973731363657862 1.7691525514237576 1.8376932400278745 20.380412572063509 73.768519522156566 8.4147783545777184 71.589030828792602 118.16331294411793 29.817645801696926 5.2372910748235872
leaf_count=3800 2911 2865 3518 909 1090 31 218 591 4048 140 8646 3179 1856 469
internal_value=-0.000364605 -0.00488896 -0.00198202 0.0003393 0.00260129 -0.000855445 0.096784 -0.00171923 0.011671 0.0443929 -0.00854203 -0.0187183 0.0177767 0.0841155
internal_weight=652.668 586.542 527.986 494.292 467.285 411.312 3.60685 407.705 137.619 63.8501 270.086 189.752 38.2324 25.6177
internal_count=34271 31360 27560 24042 23133 22043 249 21794 7104 3056 14690 11825 1996 1060
is_linear=0
shrinkage=0.05


Tree=79
num_leaves=15
num_cat=0
split_feature=6 5 2 6 2 8 3 6 8 2 1 3 5 5
split_gain=42.6863 17.5927 17.175 18.9723 20.9759 35.6606 17.6157 19.9191 27.5102 31.6365 17.4676 14.9078 14.6952 16.1157
threshold=46.500000000000007 1.8133262246847155 0.30360405253889383 5.5000000000000009 1.2028487254557325 10.261220400148048 0.022350311279296878 2.5000000000000004 9.5432315985212348 1.3677416321867824 0.60123476423559297 3.2831230163574223 1.267515402287245 0.0016853213310241701
decision_type=2 2 2 2 2 2 2 2 2 2 2 2 2 2
left_child=2 11 -1 4 -4 6 7 8 -6 -10 -11 -2 13 -5
right_child=1 -3 3 12 5 -7 -8 -9 9 10 -12 -13 -14 -15
leaf_value=0.01608131456004798 0.049633101842548176 -0.050689926219524728 -0.034286162522239226 -0.033088029622873778 0.00063731233550710822 -0.024583537469203057 -0.051050214819041373 0.14099023612359285 0.4342136343430042 -0.01264263285795978 0.16175381589534676 -0.059116866749492084 -0.038800641038023997 0.0075023208521583645
leaf_weight=81.689083180390298 59.907914584502578 5.3284696568734935 115.91897324379534 27.33121484098956 17.204647835344083 64.902999541722238 4.6945529622025779 5.298939796164631 0.71864126808941264 2.632308017462492 3.158821752294898 3.3263230994343749 22.608827688731253 232.25701328925788
leaf_count=2925 2425 571 12543 2463 1211 6353 331 41 27 215 72 34 1070 4049
internal_value=-0.000742845 0.0365603 -0.00516459 -0.00865857 -0.019866 -0.00291473 0.0388076 0.0533471 0.0337635 0.121312 0.0824834 0.0439125 -0.000138578 0.00322869
internal_weight=646.979 68.5627 578.416 496.727 214.53 98.6109 33.7079 29.0134 23.7144 6.50977 5.79113 63.2342 282.197 259.588
internal_count=34330 3030 31300 28375 20793 8250 1897 1566 1525 314 287 2459 7582 6512
is_linear=0
shrinkage=0.05


Tree=80
num_leaves=15
num_cat=0
split_feature=6 1 0 1 0 4 6 3 0 3 7 4 7 3
split_gain=42.419 17.6797 36.0395 16.318 16.7004 13.2113 17.969 13.8809 13.6508 12.1755 10.878 9.22755 8.77469 11.8229
threshold=51.500000000000007 0.91995608969137332 54.24882888793946 -0.70811975769026769 145.32572937011722 1.4747630413363322 9.5000000000000018 1.4284400939941408 144.46268463134768 1.4284400939941408 0.50795685501488752 0.68469003535708028 0.15678759701002401 0.19938659667968753
decision_type=2 2 2 2 2 2 2 2 2 2 2 2 2 2
left_child=1 3 -3 -1 5 6 8 12 11 -2 -10 -5 13 -8
right_child=9 2 -4 4 -6 -7 7 -9 10 -11 -12 -13 -14 -15
leaf_value=-0.03089745751685917 0.044074100900447805 -0.0038631047273065544 0.48640178217187496 -0.0054059598652309781 -0.037806947957965048 -0.054228409961074177 -0.029955906873053426 -0.054575027610697838 -0.050383136975208326 -0.056492992206203442 0.2372584919556962 -0.04730088131405015 0.023673640488139566 0.019677876059517808
leaf_weight=56.781800442375243 57.90043032867834 1.1519531728699792 0.55566459987312544 283.11861281795427 31.732087506912649 11.125285763759164 20.856744999997318 7.1783714280463746 0.48663586936890979 3.1746577732264987 1.0126912556588648 13.783132710959761 120.44100653333589 28.247753371484578
leaf_count=3803 2738 78 33 19389 3482 685 465 263 69 175 27 912 1927 349
internal_value=-0.000776671 -0.00497462 0.155671 -0.0054519 -0.00266252 -0.000369043 0.000892101 0.0135273 -0.0065909 0.0388467 0.143899 -0.00735086 0.0164106 -0.00140368
internal_weight=637.547 576.472 1.70762 574.764 517.982 486.25 475.125 176.724 298.401 61.0751 1.49933 296.902 169.546 49.1045
internal_count=34395 31482 111 31371 27568 24086 23401 3004 20397 2913 96 20301 2741 814
is_linear=0
shrinkage=0.05


Tree=81
num_leaves=15
num_cat=0
split_feature=0 7 1 3 7 3 8 8 2 0 0 0 0 8
split_gain=30.4866 20.1485 17.324 16.626 15.4181 19.3966 16.3115 32.7523 72.0292 14.0752 11.4825 11.146 22.5624 19.4281
threshold=64.911369323730483 0.73440438958627585 -0.55947840069571653 1.4284400939941408 0.14574789607466038 0.18356323242187503 6.3079597006222246 6.4289122593568768 0.26209869075954478 103.51881790161134 100.85143280029298 126.9512405395508 125.70325851440431 16.805830564662134
decision_type=2 2 2 2 2 2 2 2 2 2 2 2 2 2
left_child=1 3 -2 -1 5 -4 -6 8 -8 10 -7 12 13 -9
right_child=2 -3 4 -5 6 9 7 11 -10 -11 -12 -13 -14 -15
leaf_value=0.033480149660323193 -0.029627154964350928 -0.014348116556194014 -0.038466620833827014 -0.056713509458521522 -0.039126646148788968 0.0025004931416324743 0.807940647249343 -0.010160038405185388 0.0046525542346483213 0.042838434796106085 -0.07876243415556311 -0.016581224083640701 0.13657320448216151 0.019126771480934415
leaf_weight=109.92013329034671 69.680948129389435 34.333309993613511 57.862413303926587 5.3585614040493956 21.652693984564394 17.2142195715569 0.40660861134529003 94.486149293836206 0.88966256240382791 16.171915600541979 5.8155863750725976 50.621421781834215 3.4292393811047068 141.32840061513707
leaf_count=3763 5659 1505 4152 118 2311 400 8 7463 64 403 53 4913 178 3462
internal_value=-0.00043107 0.019274 -0.00657862 0.0292876 -0.00266028 -0.0200692 0.00274159 0.00585519 0.256624 0.00708576 -0.0180204 0.00473375 0.00924377 0.00739214
internal_weight=629.171 149.612 479.559 115.279 409.878 97.0641 312.814 291.161 1.29627 39.2017 23.0298 289.865 239.244 235.815
internal_count=34452 5386 29066 3881 23407 5008 18399 16088 72 856 453 16016 11103 10925
is_linear=0
shrinkage=0.05


Tree=82
num_leaves=15
num_cat=0
split_feature=6 5 3 4 6 5 3 3 3 6 8 8 3 3
split_gain=42.6539 20.8836 16.3496 12.341 18.0962 21.5717 18.3192 14.3502 12.0899 28.8451 42.5008 11.7476 10.3305 11.3487
threshold=29.500000000000004 1.5650233253836634 2.3872375488281254 1.0753764184544095 4.5000000000000009 0.82515384256839763 0.053443908691406257 1.0503387451171877 0.013401031494140627 2.5000000000000004 9.4097008695142588 92.27030405001311 0.0029563903808593754 0.0069293975830078134
decision_type=2 2 2 2 2 2 2 2 2 2 2 2 2 2
left_child=3 2 -2 4 8 7 -7 11 9 -1 12 -6 -11 -14
right_child=1 -3 -4 -5 5 6 -8 -9 -10 10 -12 -13 13 -15
leaf_value=-0.014460272095659261 0.045965857704996484 -0.024481874814513142 -0.057102238236225837 -0.036166253105235135 0.011654645384531197 0.043267132531300538 -0.04235668151740031 -0.043232316241717639 -0.030224970392487435 0.30252510742697192 0.0073040527294070713 0.08070338967311752 0.07614687254457625 0.27789329164807913
leaf_weight=133.65931471483782 72.801105177029967 14.724143631290643 4.0623691454529753 33.708390334621072 197.37968623777851 7.5377594521269193 36.474365764763206 11.656645234674214 83.511663744226098 1.3108328250236834 13.030112199019639 6.3583672004751852 2.3211894123815004 0.996240610256791
leaf_count=14097 2821 835 43 2081 4263 166 1488 263 7388 32 590 86 45 23
internal_value=-0.00143003 0.0300687 0.0405185 -0.00689442 -0.00489799 0.00420495 -0.0276923 0.0107226 -0.0149536 -0.00652546 0.0535345 0.0138096 0.183689 0.136732
internal_weight=619.532 91.5876 76.8635 527.945 494.236 259.407 44.0121 215.395 234.829 151.318 17.6584 203.738 4.62826 3.31743
internal_count=34221 3699 2864 30522 28441 6266 1654 4612 22175 14787 690 4349 100 68
is_linear=0
shrinkage=0.05


Tree=83
num_leaves=15
num_cat=0
split_feature=6 1 2 4 6 5 1 2 6 5 3 2 2 0
split_gain=37.1552 15.3335 14.0801 13.1026 16.7905 17.2403 14.4148 62.5718 13.2983 13.0495 12.1812 15.4337 33.7526 27.3835
threshold=51.500000000000007 -0.55947840069571653 0.16755320791616987 1.0753764184544095 6.5000000000000009 1.5306082963943484 0.91995608969137332 0.41371398353154126 23.500000000000004 1.9520129859447481 0.029396057128906253 1.3441589127527138 1.3677416321867824 103.07922744750978
decision_type=2 2 2 2 2 2 2 2 2 2 2 2 2 2
left_child=1 -1 -3 4 6 8 10 -8 -6 -2 11 -4 -13 -14
right_child=9 2 3 -5 5 -7 7 -9 -10 -11 -12 12 13 -15
leaf_value=-0.024016510408292502 0.044813771137404486 0.082795602711914648 -0.012913173039730819 -0.03054038564866406 0.0095750001556653766 -0.048035900141322301 -0.050668193934694974 0.64393084659335109 0.048494359052094489 -0.050434288626681534 -0.023966708909620337 0.23987091128552726 0.068499892875382759 -0.011419860773155028
leaf_weight=89.318677874747664 50.986220218241215 4.9132883772253981 91.141318990383297 37.701284684240818 150.16220258828253 11.457623482681809 1.1844990542158473 0.44642660114914168 25.705748049542308 3.8688799999654284 91.242708372417837 1.7086178464815009 15.672743503935633 33.904761395882815
leaf_count=6294 2407 95 9137 2162 2428 675 96 11 545 483 6488 86 469 2835
internal_value=-0.00115846 -0.00504138 -0.00139846 -0.0022971 0.000222398 0.011392 -0.00866982 0.139462 0.0152637 0.038096 -0.00970372 -0.00056648 0.021375 0.0138449
internal_weight=609.415 554.56 465.241 460.328 422.627 187.326 235.301 1.63093 175.868 54.8551 233.67 142.427 51.2861 49.5775
internal_count=34211 31321 25027 24932 22770 3648 19122 107 2973 2890 19015 12527 3390 3304
is_linear=0
shrinkage=0.05


Tree=84
num_leaves=15
num_cat=0
split_feature=6 6 4 3 1 2 2 8 0 2 2 6 3 8
split_gain=33.8384 16.8915 16.467 13.8408 12.5147 12.0189 18.3485 37.1007 16.7403 15.9639 15.6472 12.6101 19.8711 11.9724
threshold=72.500000000000014 7.5000000000000009 1.3412381578092616 0.99798965454101574 -0.68503397978870284 0.31220139853749657 1.2178331624110124 10.176366365960357 110.14316940307619 1.3677416321867824 1.2264095273252911 2.5000000000000004 0.024387359619140628 19.101230505789868
decision_type=2 2 2 2 2 2 2 2 2 2 2 2 2 2
left_child=1 5 3 4 13 -1 -7 8 11 -10 -9 -8 -13 -3
right_child=-2 2 -4 -5 -6 6 7 10 9 -11 -12 12 -14 -15
leaf_value=0.0070843039949164289 0.042255155193712035 0.066353535260427698 -0.042210248755736056 -0.031487326786946997 0.017257040550794373 -0.029989586636904115 0.0062500307917072381 0.10976241837203611 0.27495581865602969 0.067016341775157043 -0.02359513865126198 0.12194964738438148 -0.034025184704274986 -0.041345769109403824
leaf_weight=68.448083401657641 42.740986077813432 3.054142568260434 16.48445355007425 18.834348359145224 187.70380593696609 126.04723133007064 21.340270890388641 2.2572614722885183 1.3585945144295681 2.8788550822064281 86.096556442324072 6.7830313611775619 2.9214805820956826 16.637557767797261
leaf_count=2963 2444 37 1126 596 3831 13179 1471 55 22 157 7847 57 155 358
internal_value=-0.000629745 -0.00389792 0.00603638 0.00955192 0.0132788 -0.0114772 -0.0165656 -0.00287984 0.0404636 0.133685 -0.0201881 0.0277393 0.0749944 -0.0246418
internal_weight=603.587 560.846 242.714 226.23 207.396 318.131 249.683 123.636 35.2822 4.23745 88.3538 31.0448 9.70451 19.6917
internal_count=34298 31854 5948 4822 4226 25906 22943 9764 1862 179 7902 1683 212 395
is_linear=0
shrinkage=0.05


Tree=85
num_leaves=15
num_cat=0
split_feature=6 2 4 3 7 4 6 4 4 5 3 2 2 8
split_gain=30.8911 14.0247 21.0005 28.6745 13.4466 11.2607 16.2448 16.1168 15.317 17.6988 15.2396 13.8683 14.1789 17.7898
threshold=72.500000000000014 0.19371974998922253 0.044826380486071744 0.072273254394531264 0.73164399655812928 1.1135798475795351 6.5000000000000009 0.19685131953716958 0.1767437812136001 0.77541843801736843 0.068058013916015639 1.1743433289130525 0.31220139853749657 18.743066631804727
decision_type=2 2 2 2 2 2 2 2 2 2 2 2 2 2
left_child=1 2 -1 -4 5 6 7 11 -8 10 -10 12 -3 -14
right_child=-2 4 3 -5 -6 -7 8 -9 9 -11 -12 -13 13 -15
leaf_value=-0.031473684970041133 0.040584723059373801 0.014745572105383782 0.29738394728221179 0.052448209052689043 -0.022209304697772398 -0.028882069716974212 0.051471868959430338 -0.029589920596618115 -0.023740923300997294 -0.024595223881727128 0.022047606830822866 0.018771210623213654 -0.034088397430089658 0.066962508146066621
leaf_weight=4.9454874731600267 41.688483329955488 32.423626265022904 1.4927220083773134 5.9890304580330849 96.140019297599792 34.842482994310558 21.13713760394603 64.5056615290232 21.643364368006587 36.3734908727929 113.29368009138852 60.736347874160856 55.908995571080595 4.723378005437552
leaf_count=186 2434 1724 24 73 6999 2108 519 5120 606 1286 1635 4189 6992 388
internal_value=-0.000922959 -0.00404553 0.048472 0.101317 -0.00525029 -0.00159121 0.000723802 -0.00861243 0.0113141 0.00635925 0.0147033 0.000186231 -0.0119439 -0.0262163
internal_weight=595.844 554.155 12.4272 7.48175 541.728 445.588 410.746 218.298 192.448 171.311 134.937 153.792 93.056 60.6324
internal_count=34283 31849 283 97 31566 24567 22459 18413 4046 3527 2241 13293 9104 7380
is_linear=0
shrinkage=0.05


Tree=86
num_leaves=15
num_cat=0
split_feature=0 1 1 0 2 0 8 2 2 4 4 3 2 5
split_gain=21.257 22.1841 16.914 15.0116 15.9901 17.7441 12.6565 20.1116 27.8713 18.0007 14.3714 22.1033 19.2184 18.2813
threshold=47.171625137329109 0.59688710674544354 -0.70811975769026769 137.78449249267581 0.98684412772771579 178.5647888183594 16.805830564662134 1.2913662468810931 0.30360405253889383 0.15505063905318175 0.1979121975128342 0.068058013916015639 0.39834694864696801 0.00094884634017944347
decision_type=2 2 2 2 2 2 2 2 2 2 2 2 2 2
left_child=1 -1 -2 6 5 -5 7 8 -4 -9 -8 -12 13 -13
right_child=2 -3 3 4 -6 -7 10 9 -10 -11 11 12 -14 -15
leaf_value=0.042103855294765402 -0.033078764375749109 -0.023276028593535683 0.014539032693493006 0.01062152917322183 -0.043236634886057487 0.26130529916670703 0.037708485917779838 0.030972173171155776 -0.034912766350145827 -0.051970159566620912 -0.029707184199850883 0.21536528296406454 0.0046619599720432205 0.040587822325978636
leaf_weight=51.244034721516073 45.780292609706521 17.373437439557165 42.07069774530828 6.820816774852573 35.881770592182875 0.78738427301868785 36.604948385618627 42.642358627635986 88.283111485652626 7.7268370087258509 40.050183638464659 1.5955153852701212 152.09320994839072 24.025296036154032
leaf_count=2303 3545 683 1874 604 4254 36 1143 2482 9823 656 2221 10 4431 240
internal_value=-0.000619608 0.0255502 -0.00404415 -0.00126675 -0.029276 0.0365652 0.00153293 -0.00858429 -0.0189526 0.0182485 0.00872097 0.00384832 0.0114105 0.0514719
internal_weight=592.98 68.6175 524.362 478.582 43.49 7.6082 435.092 180.723 130.354 50.3692 254.369 217.764 177.714 25.6208
internal_count=34305 2986 31319 27774 4894 640 22880 14835 11697 3138 8045 6902 4681 250
is_linear=0
shrinkage=0.05


Tree=87
num_leaves=15
num_cat=0
split_feature=6 5 0 2 2 0 4 6 2 4 0 5 8 2
split_gain=31.0375 15.836 14.0329 16.2692 16.501 13.6789 19.0985 16.0481 12.9099 23.6557 21.9809 22.8421 18.2547 22.8288
threshold=46.500000000000007 1.8133262246847155 137.78449249267581 0.63195765266634985 0.609422511128072 137.03838348388675 0.24826915408190428 3.5000000000000004 1.4282884291777409 0.1979121975128342 103.82958221435548 0.0037009119987487797 12.646520065838963 0.19371974998922253
decision_type=2 2 2 2 2 2 2 2 2 2 2 2 2 2
left_child=2 -2 5 4 -4 8 7 -7 12 -10 -11 -12 13 -1
right_child=1 -3 3 -5 -6 6 -8 -9 9 10 11 -13 -14 -15
leaf_value=0.044964385802783127 0.044523101531783044 -0.050583143157140437 0.0038219882026517085 -0.041969420070095881 0.24273426855635727 0.11377931719979684 0.022560318972034466 0.63343543124995372 0.029183407832377301 -0.0430625086018935 -0.05066134147597972 0.027997557028389998 0.0028732417296663602 -0.026196483887884717
leaf_weight=12.231020616367458 47.949375514872372 4.8165742761921129 2.6770233758725221 37.920051283203065 0.98999741580337275 0.30461709620430966 1.2400914425961671 0.29002031497657299 76.74756795912981 30.529340338194743 11.921316722407935 40.875435971654952 176.66627892153338 143.50648332573473
leaf_count=266 2500 561 253 4875 18 44 73 6 3659 1013 1558 1235 5197 13104
internal_value=-0.000746832 0.0358416 -0.00434942 -0.0322443 0.0683219 -0.00200259 0.134268 0.367229 -0.00251027 0.00915546 -0.0092913 0.0102367 -0.00812807 -0.0206078
internal_weight=588.665 52.7659 535.899 41.5871 3.66702 494.312 1.83473 0.594637 492.477 160.074 83.3261 52.7968 332.404 155.738
internal_count=34362 3061 31301 5146 271 26155 123 50 26032 7465 3806 2793 18567 13370
is_linear=0
shrinkage=0.05


Tree=88
num_leaves=15
num_cat=0
split_feature=1 0 8 0 2 7 5 4 8 7 8 8 2 2
split_gain=18.0436 19.0863 15.6485 21.8731 17.5691 15.0024 14.1952 16.0569 10.0075 9.54307 37.1013 11.6014 28.6932 27.3145
threshold=-0.55947840069571653 137.78449249267581 82.12340950416683 137.03838348388675 1.4641134310242023 0.14574789607466038 1.5650233253836634 1.4747630413363322 213.27957882364953 0.15316735622871527 7.3905294087186926 17.901527187606089 1.3441589127527138 0.2731276451101306
decision_type=2 2 2 2 2 2 2 2 2 2 2 2 2 2
left_child=-1 2 3 5 -5 -2 7 -4 -8 10 -7 12 13 -11
right_child=1 -3 6 4 -6 9 8 -9 -10 11 -12 -13 -14 -15
leaf_value=-0.02055949223753056 -0.017294156248229556 -0.029971609531055383 0.047110407454526798 0.43933820117639333 0.063700696082145361 0.28782510777932785 -0.055435384160966411 -0.047706938374721786 0.048292064035091876 0.023805680238172103 -0.011912252663314769 0.017069547749726865 0.03021033901684414 -0.029883364174156043
leaf_weight=86.36164910858497 76.994927503634244 37.725870645605028 52.482837302610278 0.50148796848952659 0.82069739233702421 1.4609900768846262 7.4995474989991617 4.8802547077648333 3.3702863855287433 32.35022440738976 3.5192483132705092 136.70173022942618 47.925180092919618 88.491075399331748
leaf_count=6400 3467 4514 1973 27 55 42 550 222 149 1307 157 4136 2504 8565
internal_value=0.000528381 0.00420959 0.0070313 0.00315513 0.206175 0.00246231 0.0291162 0.0390437 -0.0232738 0.00736215 0.0760179 0.00624281 -0.0025269 -0.0155104
internal_weight=581.086 494.724 456.998 388.766 1.32219 387.443 68.2329 57.3631 10.8698 310.448 4.98024 305.468 168.766 120.841
internal_count=34068 27668 23154 20260 82 20178 2894 2195 699 16711 199 16512 12376 9872
is_linear=0
shrinkage=0.05


Tree=89
num_leaves=15
num_cat=0
split_feature=6 2 3 1 2 2 1 8 1 2 4 2 5 3
split_gain=25.5575 22.8009 16.5241 11.4961 16.8095 38.9196 28.3349 22.0488 21.4424 28.3814 17.7179 17.4214 13.9979 22.3946
threshold=22.500000000000004 1.8286695045058907 1.5658969879150393 0.41855684098848628 0.2731276451101306 0.26777082357267629 0.43947539666507252 8.0118801329571898 0.91064254490871099 0.41826336648410739 0.12277933735554449 2.1751333049019546 0.0018313229084014895 0.012794494628906252
decision_type=2 2 2 2 2 2 2 2 2 2 2 2 2 2
left_child=3 2 -2 12 5 6 -5 8 -6 -10 -8 -9 -1 -14
right_child=1 -3 -4 4 7 -7 10 11 9 -11 -12 -13 13 -15
leaf_value=-0.023079443082490676 0.047365342790859237 -0.012088145236990309 -0.057341524705448024 0.19005523533779944 -0.045504422605623596 0.28385656464486769 -0.032337329752050642 0.023602658098847245 -0.050672832828905334 0.298412815375592 0.080976324964369045 -0.03361619305176583 0.05508254234088468 -0.006543125245881614
leaf_weight=123.90139050083235 59.748362096957862 30.012558337533846 4.0215772166848174 2.3717001462355318 30.877036241814494 1.6331333685666312 10.57340546697378 73.463927627075464 1.2536699334159487 1.0871752435341475 5.1203366201370946 16.244370427448303 15.921216439921407 199.05881438590586
leaf_count=13823 2892 1107 42 36 2862 54 607 4293 116 44 51 1302 384 6807
internal_value=-3.07502e-05 0.0238488 0.0407621 -0.00468175 0.00722714 0.0501072 0.028976 0.000355729 -0.0344435 0.111455 0.00463308 0.0132415 -0.00969384 -0.00197919
internal_weight=575.289 93.7825 63.7699 481.506 142.625 19.6986 18.0654 122.926 33.2179 2.34085 15.6937 89.7083 338.881 214.98
internal_count=34420 4041 2934 30379 9365 748 694 8617 3022 160 658 5595 21014 7191
is_linear=0
shrinkage=0.05


Tree=90
num_leaves=15
num_cat=0
split_feature=6 1 7 3 7 2 0 6 3 4 7 2 7 2
split_gain=23.889 14.0789 12.6032 13.0037 12.4591 42.3444 12.4437 12.3912 14.9638 14.6456 13.7232 13.011 20.5653 22.1434
threshold=72.500000000000014 -0.55947840069571653 0.15025983845301286 0.18356323242187503 0.15316735622871527 0.37415325588484821 78.052288055419936 9.5000000000000018 0.74956417083740245 0.99505568852519166 0.30403416069749889 0.2731276451101306 0.92366396713575927 0.41371398353154126
decision_type=2 2 2 2 2 2 2 2 2 2 2 2 2 2
left_child=1 -1 3 6 5 -4 -3 10 9 -9 -6 -12 -13 -14
right_child=-2 2 4 -5 7 -7 -8 8 -10 -11 11 12 13 -15
leaf_value=-0.022251280298695705 0.038995863600709134 0.029731233659978568 0.32458890393151624 0.0051647924715948652 -0.026955835982595339 -0.027537774186410947 -0.040485931244294532 0.034582841823216616 -0.015090578768941269 -0.022212298619620686 0.034407739252519227 -0.0042691325703691791 -0.050457464531223434 0.39505680418695804
leaf_weight=83.491067614406347 35.448224636958912 7.240880138706415 1.3094491176307195 42.572383338585496 48.313621236011386 2.4533635065890849 49.060723351314664 78.478776289150119 28.532925384119153 13.270056692417709 27.949715605936944 152.37224964937195 0.48008672846481093 0.6655806265771389
leaf_count=6403 2460 230 13 930 3840 102 4120 1526 708 324 1052 12610 55 9
internal_value=-0.000757177 -0.0033853 9.41393e-05 -0.0156878 0.00450427 0.0950014 -0.0314554 0.00353152 0.0165335 0.0263683 -0.00327453 0.00303033 -0.00268229 0.208366
internal_weight=571.639 536.191 452.7 98.874 353.826 3.76281 56.3016 350.063 120.282 91.7488 229.781 181.468 153.518 1.14567
internal_count=34382 31922 25519 5280 20239 115 4350 20124 2558 1850 17566 13726 12674 64
is_linear=0
shrinkage=0.05


Tree=91
num_leaves=15
num_cat=0
split_feature=6 5 5 0 1 2 8 2 7 2 0 1 8 0
split_gain=24.3662 14.367 14.1934 11.4573 10.5767 12.4925 21.1493 27.7376 19.9976 17.0817 14.9942 14.1258 13.5039 18.0772
threshold=46.500000000000007 1.8133262246847155 1.4262779727578165 145.32572937011722 -0.52273327247767065 1.0197411585145697 16.572804173259069 0.30360405253889383 0.399411994400173 0.68962122920532132 100.21817016601564 -0.13990839614604006 10.176366365960357 109.26585006713869
decision_type=2 2 2 2 2 2 2 2 2 2 2 2 2 2
left_child=2 -2 3 4 -1 6 7 -6 10 -10 11 -8 13 -7
right_child=1 -3 -4 -5 5 12 8 -9 9 -11 -12 -13 -14 -15
leaf_value=-0.016596302085366731 0.043032445113411005 -0.050580807028779498 -0.050744802049549689 -0.034716050050805088 0.0094878553074010594 0.022720612647133452 0.068120483870366413 -0.03995753437926973 0.082000503986713019 0.0015187438018299368 -0.031750410996333155 0.0013421699142990313 0.0060399941125780475 0.1130278468519435
leaf_weight=85.021104669198394 42.013487964868546 4.5416200293693683 15.660037758061661 26.001292082946748 48.360284191556275 26.729246463626623 9.9056565035134536 68.593257118482143 15.798117943573745 11.314811792224644 26.739349229261279 39.490512578748167 133.86225909460336 6.9908067672513416
leaf_count=6209 2462 546 1050 3581 2001 1608 144 7713 301 301 869 518 6630 243
internal_value=-0.000739186 0.0339001 -0.00387377 -0.00240225 -0.000625197 0.00287644 -0.00495249 -0.0195119 0.0115395 0.0484137 -0.00159195 0.0147336 0.0131636 0.041443
internal_weight=561.022 46.5551 514.467 498.807 472.805 387.784 220.202 116.954 103.248 27.1129 76.1355 49.3962 167.582 33.7201
internal_count=34176 3008 31168 30118 26537 20328 11847 9714 2133 602 1531 662 8481 1851
is_linear=0
shrinkage=0.05


Tree=92
num_leaves=15
num_cat=0
split_feature=6 3 0 8 3 1 3 5 4 8 5 8 5 8
split_gain=21.9602 12.5166 13.1172 11.7529 10.4707 9.80544 12.0175 44.7376 17.5848 11.7339 12.7552 14.4646 14.133 11.3468
threshold=72.500000000000014 0.99798965454101574 73.604766845703139 12.311319255656796 0.64322090148925792 -0.55947840069571653 0.18356323242187503 0.0045885443687438974 0.6508936173189489 36.521980790363109 0.87442480772733699 178.9403846034796 0.2363062631338835 127.41418200685946
decision_type=2 2 2 2 2 2 2 2 2 2 2 2 2 2
left_child=1 2 3 4 -1 -4 8 -8 13 -9 12 -12 -11 -7
right_child=-2 -3 5 -5 -6 6 7 9 -10 10 11 -13 -14 -15
leaf_value=0.006691294766843838 0.038992735393851605 -0.038101766294645706 -0.026050875390591411 0.032294067294776393 -0.055835659692685974 -0.0038273182817369481 0.089681944535877814 -0.027629841460583605 -0.040736379454197086 -0.0098186926224959215 -0.041459014330732721 0.081024755256027314 0.051470659891989491 0.17422799967130381
leaf_weight=71.416810701135546 33.186075062025338 24.15293244086206 52.196675257291645 47.606883282773197 7.388120435178279 181.41145405638963 15.494564177468417 30.330101998522878 37.044233194785193 15.660249100532381 16.029390298761431 2.8370049502700558 23.552105825394392 0.89919141214340825
leaf_count=3221 2439 955 5132 1173 176 15449 351 1437 2761 167 614 27 314 10
internal_value=-0.000455297 -0.00294403 -0.00125203 0.012679 0.000829267 -0.00594245 -0.00269553 0.011312 -0.00933056 -0.00242319 0.0107403 -0.0230407 0.0269935 -0.00294911
internal_weight=559.206 526.02 501.867 126.412 78.8049 375.455 323.258 103.903 219.355 88.4089 58.0788 18.8664 39.2124 182.311
internal_count=34226 31787 30832 4570 3397 26262 21130 2910 18220 2559 1122 641 481 15459
is_linear=0
shrinkage=0.05


Tree=93
num_leaves=15
num_cat=0
split_feature=0 1 3 8 3 3 5 3 4 8 8 0 0 8
split_gain=18.5529 15.7574 15.0047 12.8704 12.5256 10.7166 10.7186 13.1139 9.55048 9.30296 15.4836 19.3988 9.08723 8.94039
threshold=70.522514343261733 -0.55947840069571653 1.0503387451171877 12.017609443054537 0.64322090148925792 0.59744834899902355 0.1852887570858002 0.11820983886718751 1.3412381578092616 6.3079597006222246 6.4289122593568768 89.45114898681642 145.32572937011722 108.66697025721324
decision_type=2 2 2 2 2 2 2 2 2 2 2 2 2 2
left_child=2 -2 3 4 5 6 -1 -8 9 -3 11 -11 13 -12
right_child=1 8 -4 -5 -6 -7 7 -9 -10 10 12 -13 -14 -15
leaf_value=-0.0029597827215876015 -0.030169417479059876 -0.037439535692864616 -0.045472188190392886 0.036045109393597639 -0.057319831870360584 0.1025591370681547 0.080471928172418411 -0.032540304014674143 -0.04070326040715988 -0.052411650096139163 0.0015434129439436048 0.26226671236489857 -0.030130962362732806 0.036404828553956957
leaf_weight=48.496153620071709 53.500682507641613 15.285867434460668 9.3312995680607838 65.607504545710981 7.1674346877261987 3.1328782164491704 9.1177413631230575 3.5728693259879938 14.549887591507284 0.80418928759172481 278.73732266016304 1.2526046335697174 21.071496538585052 19.690200505079702
leaf_count=2324 5421 2047 316 3255 150 29 207 140 1400 51 15455 23 2962 544
internal_value=0.000625385 -0.00489049 0.0158777 0.0200535 0.00537707 0.0123637 0.0077455 0.0486549 -0.00104167 0.00067151 0.0024832 0.13923 0.00160289 0.00384356
internal_weight=551.318 404.892 146.426 137.095 71.4871 64.3196 61.1868 12.6906 351.392 336.842 321.556 2.05679 319.499 298.428
internal_count=34324 27903 6421 6105 2850 2700 2671 347 22482 21082 19035 74 18961 15999
is_linear=0
shrinkage=0.05


Tree=94
num_leaves=15
num_cat=0
split_feature=1 0 0 2 8 2 2 7 2 8 2 1 1 2
split_gain=12.9256 13.7967 13.593 19.3383 12.9643 15.0795 16.0715 12.8135 26.8184 12.5926 10.0319 11.0942 17.3991 12.1108
threshold=-0.70811975769026769 64.911369323730483 61.501644134521491 0.2731276451101306 12.311319255656796 0.16755320791616987 1.1051906447970563 0.91749651648606945 0.41371398353154126 5.3919028810975158 0.37002037349725703 0.30371643648849384 0.62036794011117447 0.26209869075954478
decision_type=2 2 2 2 2 2 2 2 2 2 2 2 2 2
left_child=-1 2 4 -4 5 -2 7 -7 -9 -3 11 -11 13 -13
right_child=1 9 3 -5 -6 6 -8 8 -10 10 -12 12 -14 -15
leaf_value=-0.024851294935539697 0.072406994618853179 -0.047210309123602516 0.16056884952139081 0.031564180182429555 0.029996690331757905 -0.039809424419188395 0.050994793666133478 -0.050556880359667503 0.37802942928271138 0.0058750498174428324 -0.0035257001335032472 0.15698378069880689 -0.038835212544843178 0.049123343504178643
leaf_weight=47.635516897309572 5.1403577830642453 14.750684303231536 3.6780685195699361 13.821565183112396 43.401040333788842 31.752431092318147 6.8866744777187696 0.99663203861564287 0.57592973997816443 42.049809317104518 325.92391282063909 3.9344803458079678 3.701628105249255 7.687311377376318
leaf_count=3879 109 1794 62 411 2770 1061 203 99 13 1434 21694 73 386 377
internal_value=4.47044e-05 0.00239635 0.0184033 0.0586783 0.0104622 -0.00823187 -0.0185401 -0.0329097 0.106407 -0.00187648 -0.000131863 0.0191477 0.05557 0.0856388
internal_weight=551.936 504.301 106.253 17.4996 88.7531 45.352 40.2117 33.325 1.57256 398.048 383.297 57.3732 15.3234 11.6218
internal_count=34365 30486 4728 473 4255 1485 1376 1173 112 25758 23964 2270 836 450
is_linear=0
shrinkage=0.05


Tree=95
num_leaves=15
num_cat=0
split_feature=6 0 2 8 3 0 3 5 1 1 1 2 0 8
split_gain=16.6406 12.6118 13.0653 21.8294 11.7738 27.5956 11.8958 10.9842 10.8089 13.5666 15.5202 14.8771 11.0286 20.9899
threshold=72.500000000000014 117.51461410522462 0.61994085473480876 25.569829984036414 0.74956417083740245 106.29524230957033 0.59744834899902355 1.0110458955168726 0.40070614185170089 0.82580215771214249 0.91064254490871099 0.41371398353154126 109.26585006713869 9.7503929265035563
decision_type=2 2 2 2 2 2 2 2 2 2 2 2 2 2
left_child=1 4 3 -3 6 -6 8 -7 -1 12 -11 -12 -10 -14
right_child=-2 2 -4 -5 5 7 -8 -9 9 10 11 -13 13 -15
leaf_value=-0.0033969675101500896 0.03621727569068961 -0.050392718650461889 -0.024249898837329923 0.094439070372710321 -0.038645291775561974 0.093313401650120434 0.039477104938896293 -0.052216759035712684 0.015770104539192954 -0.045462891702277859 -0.027273129860017082 0.16358411214783045 0.17139070215559016 0.030193172076675785
leaf_weight=236.59300873754546 30.63982066209428 4.4513060110621137 87.318700324278325 6.2611808972433209 39.320291281444952 6.3231000718660644 23.473570116329938 1.6310379761271177 80.466395561117679 15.501702926121654 2.1346952836029223 1.957151122856885 3.417298538144677 11.454582004807888
leaf_count=12636 2424 685 9788 165 1243 104 481 114 4441 1386 188 59 73 496
internal_value=0.000408734 -0.00169997 -0.0178564 0.0342578 0.00205076 -0.0214636 0.00501512 0.0634717 0.00271388 0.0152934 -0.0225999 0.0640149 0.023081 0.0626379
internal_weight=550.944 520.304 98.0312 10.7125 422.273 47.2744 374.998 7.95414 351.525 114.932 19.5935 4.09185 95.3383 14.8719
internal_count=34283 31859 10638 850 21221 1461 19760 218 19279 6643 1633 247 5010 569
is_linear=0
shrinkage=0.05


Tree=96
num_leaves=15
num_cat=0
split_feature=0 5 8 4 5 0 1 2 5 3 5 3 8 1
split_gain=15.0237 12.3347 17.1584 11.7807 10.9348 10.506 9.58397 12.5233 8.79288 17.1132 10.6443 14.6693 19.2392 12.9174
threshold=31.454616546630863 1.5650233253836634 100.15577384350694 1.1135798475795351 0.0003169775009155274 117.51461410522462 0.91995608969137332 0.41371398353154126 0.80175916850566875 0.049926757812500007 0.0018313229084014895 0.0066480636596679696 16.805830564662134 0.56914061684585737
decision_type=2 2 2 2 2 2 2 2 2 2 2 2 2 2
left_child=4 2 6 -4 -1 -5 8 -8 10 -10 -2 -12 -13 -14
right_child=1 -3 3 5 -6 -7 7 -9 9 -11 11 12 13 -15
leaf_value=0.22424866062054269 -0.010187926203742217 -0.039971636794995845 0.056998373839295603 0.039734919215101416 0.035699621078739925 -0.045006166879862169 -0.050510043803730212 0.1934359839538568 0.03522203981665939 -0.044277119383509839 0.057065380225643392 -0.018260311962931288 0.0077046493587698828 0.053332379111130396
leaf_weight=0.80173699650913732 174.06477144174278 19.709477938245982 21.573865390382707 7.5898908386006934 18.807347614783794 7.0595105392858386 0.8467974667437369 1.3891791496425865 8.8208137927576882 29.10618363879621 13.260477032978086 73.529565618839115 149.34831681335345 17.309456747025251
leaf_count=32 19470 1499 943 318 1182 455 90 11 273 1134 229 4056 4059 533
internal_value=0.000440576 -0.00116857 0.000349168 0.0335016 0.0434086 -0.0011016 -0.00221862 0.10105 -0.00271472 -0.0257877 -0.000667786 0.00587053 0.00304412 0.0124436
internal_weight=543.217 523.608 503.899 36.2233 19.6091 14.6494 467.676 2.23598 465.44 37.927 427.513 253.448 240.187 166.658
internal_count=34284 33070 31571 1716 1214 773 29855 101 29754 1407 28347 8877 8648 4592
is_linear=0
shrinkage=0.05


Tree=97
num_leaves=15
num_cat=0
split_feature=6 5 4 5 6 4 2 8 5 7 8 2 8 2
split_gain=16.8061 13.3864 10.8858 10.4654 11.0779 12.4492 20.5951 33.0364 19.7162 14.5956 14.3078 12.0726 25.2582 14.3019
threshold=46.500000000000007 1.8133262246847155 1.4112404289410192 1.0302486419677737 3.5000000000000004 0.25411220317122141 0.55206885944259676 71.542444808196308 0.2245348393917084 0.15678759701002401 26.838906819049658 1.2913662468810931 12.82770691463824 0.30360405253889383
decision_type=2 2 2 2 2 2 2 2 2 2 2 2 2 2
left_child=3 2 -2 4 11 10 9 -8 -9 -7 -6 13 -13 -1
right_child=1 -3 -4 -5 5 6 7 8 -10 -11 -12 12 -14 -15
leaf_value=0.0041506832576007754 0.050153633396833021 -0.050503345508039282 -0.04674458163867011 -0.028871655379725688 0.0084505078352915819 -0.0087782539323155492 -0.028822501271664937 -0.042913962426827879 0.047906038170963124 0.037414016572442026 0.050017130338287544 0.032344677045418289 -0.039616982085262181 -0.035459671014123083
leaf_weight=35.56781483720988 33.066852888092399 4.4204543184023342 3.1769565427675834 33.290232594590634 78.046289003454149 27.716384231112897 95.150761565426365 7.6508946400135747 27.295465713832527 44.65025232359767 28.176540097687393 36.143923822790384 18.402101187035441 63.426190458703786
leaf_count=2221 2417 557 47 1741 3033 437 4608 1084 342 688 891 2223 2902 10906
internal_value=0.000740423 0.0316413 0.04166 -0.00179544 0.000154633 0.00561375 -0.00165932 -0.0135529 0.0280226 0.0197224 0.0194764 -0.0108207 0.00806709 -0.021228
internal_weight=536.181 40.6643 36.2438 495.517 462.227 308.687 202.464 130.097 34.9464 72.3666 106.223 153.54 54.546 98.994
internal_count=34097 3021 2464 31076 29335 11083 7159 6034 1426 1125 3924 18252 5125 13127
is_linear=0
shrinkage=0.05


Tree=98
num_leaves=15
num_cat=0
split_feature=6 3 0 2 0 0 7 7 7 6 5 3 3 7
split_gain=14.4594 12.0379 11.729 12.7797 13.102 12.208 11.5028 30.4245 18.5036 9.76976 37.0523 27.1928 16.11 14.1621
threshold=85.500000000000014 0.99798965454101574 126.9512405395508 1.0413461526490357 178.5647888183594 125.70325851440431 0.325718190556823 0.30403416069749889 0.80598237239367665 2.5000000000000004 4.9632042646408088e-05 0.0011482238769531252 0.012794494628906252 0.40404089266953147
decision_type=2 2 2 2 2 2 2 2 2 2 2 2 2 2
left_child=1 2 5 4 -4 9 7 -7 -8 -1 11 -11 -12 -13
right_child=-2 -3 3 -5 -6 6 8 -9 -10 10 12 13 -14 -15
leaf_value=-0.010300370009271359 0.037304617161917734 -0.036496584595234166 0.0095306444260158125 -0.030530365286405708 0.18303579483214971 -0.0039998446744348359 -0.016067956253489588 0.43403998224285623 0.36414715379058299 0.49981722906814696 0.0493378635401516 0.22941440550325409 0.0022010156869749086 -0.0043279473460657546
leaf_weight=111.84539173683152 25.335564293898642 23.308812445262447 9.9124946643132699 51.184965318534523 1.2222136622294772 0.88617576309479662 2.7939415550790732 0.71723375469446182 0.36137900780886401 0.54265785776078646 19.35565829789266 1.2747772559523585 285.44803431024775 1.318042662926018
leaf_count=12573 2263 989 1169 6705 40 75 151 11 26 16 510 24 9658 81
internal_value=0.000436155 -0.00139476 0.000285753 -0.0199698 0.0285756 0.00325912 0.0828931 0.191943 0.0274781 0.00235638 0.00695339 0.177956 0.0051943 0.110593
internal_weight=535.507 510.172 486.863 62.3197 11.1347 424.543 4.75873 1.60341 3.15532 419.785 307.939 3.13548 304.804 2.59282
internal_count=34291 32028 31039 7914 1209 23125 263 86 177 22862 10289 121 10168 105
is_linear=0
shrinkage=0.05


Tree=99
num_leaves=15
num_cat=0
split_feature=6 5 2 6 5 3 5 3 5 8 7 1 5 8
split_gain=13.4914 11.3832 9.50979 9.73394 13.7968 10.235 8.86304 8.17498 7.49873 8.95319 8.20399 9.19601 11.0384 10.6231
threshold=83.500000000000014 1.348593848757446 0.16755320791616987 9.5000000000000018 0.0018313229084014895 1.4284400939941408 1.9520129859447481 0.042808532714843757 0.75979457795619976 100.15577384350694 0.15678759701002401 0.79083070077063422 0.2987667471170426 66.700901428593724
decision_type=2 2 2 2 2 2 2 2 2 2 2 2 2 2
left_child=1 2 -1 -4 -5 7 -2 -6 10 -10 -9 12 -12 -14
right_child=6 -3 3 4 5 -7 -8 8 9 -11 11 -13 13 -15
leaf_value=0.060378021442067248 0.045906646811340504 -0.03690273481772726 -0.0063026995316026293 -0.043069700968707332 0.054305521777561039 -0.054345309893038367 -0.050441773254844439 -0.0021967577315878725 -0.027330620997199819 0.040266477612527912 0.052509366811979277 -0.056542367965790041 -0.0069824957917003286 0.048159403824417524
leaf_weight=6.3674877239391199 22.405829324387017 22.242730282712728 314.22315347916447 11.956096309702842 12.242570269852875 5.4910654304549089 2.671490464359521 35.42993637220934 21.138685876969252 6.3759974008426061 32.004266059026122 3.1441640369594088 24.504663931205869 13.571733780205248
leaf_count=144 1999 1428 26783 1056 389 132 331 527 387 108 460 35 339 225
internal_value=-0.000159415 -0.00192437 -0.000324998 -0.00113012 0.00866942 0.0126888 0.0356426 0.015169 0.0116504 -0.0116663 0.0175548 0.0271117 0.0308648 0.012672
internal_weight=533.77 508.693 486.45 480.082 165.859 153.903 25.0773 148.412 136.169 27.5147 108.655 73.2248 70.0807 38.0764
internal_count=34343 32013 30585 30441 3658 2602 2330 2470 2081 495 1586 1059 1024 564
is_linear=0
shrinkage=0.05


Tree=100
num_leaves=15
num_cat=0
split_feature=4 0 7 1 1 4 0 8 5 5 4 2 8 2
split_gain=11.906 12.84 13.61 9.17765 9.85216 14.229 8.13387 8.14618 19.5886 13.8791 9.99117 21.0282 12.5977 25.7129
threshold=1.4747630413363322 31.454616546630863 0.84376341230301055 -0.55947840069571653 -0.83254836735677429 0.12532666578323684 145.32572937011722 75.235386340928315 1.2167613953351977 0.1852887570858002 0.34473167833247403 0.55206885944259676 16.805830564662134 1.243389541869347
decision_type=2 2 2 2 2 2 2 2 2 2 2 2 2 2
left_child=1 -1 3 4 5 -3 7 10 9 -9 12 -12 -5 -14
right_child=-2 2 -4 6 -6 -7 -8 8 -10 -11 11 -13 13 -15
leaf_value=0.043303825456915919 -0.052841993491357722 -0.050888376867484209 -0.036120718135003602 0.0006625496092533341 -0.021664662568635525 0.14683068567394381 -0.027947968031461809 -0.054639643926383534 -0.019519093064889748 0.053293870276995628 0.014035638270682655 -0.026664596329184134 0.066145324507257144 0.0012340345907499277
leaf_weight=16.757337519433349 10.778351039392872 1.5908272853121155 26.410489376401529 138.04392462642863 60.41812876961194 2.1260312562808394 19.504379105521366 3.2662812613416454 18.23404018743895 33.796683456748724 56.793727082200348 71.92833605222404 25.698113634251058 37.547063253354281
leaf_count=1191 909 193 2608 12098 4982 33 3101 208 1073 1146 974 3203 829 1655
internal_value=-0.000835955 0.000258602 -0.00119756 0.000769261 -0.016804 0.0622063 0.00355342 0.00514803 0.0229086 0.0437819 0.00217205 -0.00870716 0.00912918 0.0276091
internal_weight=522.894 512.115 495.358 468.948 64.135 3.71686 404.813 385.308 55.297 37.063 330.011 128.722 201.289 63.2452
internal_count=34203 33294 32103 29495 5208 226 24287 21186 2427 1354 18759 4177 14582 2484
is_linear=0
shrinkage=0.05


Tree=101
num_leaves=15
num_cat=0
split_feature=3 0 7 7 0 2 5 4 5 0 1 2 3 5
split_gain=12.5824 11.9167 10.8712 9.42019 8.35429 16.0804 10.0559 7.90751 7.24042 7.21099 6.64335 9.07672 6.31416 49.5045
threshold=1.4284400939941408 64.911369323730483 0.73440438958627585 0.84376341230301055 61.501644134521491 0.28626934596289916 0.00039336085319519048 1.4747630413363322 0.0008844137191772462 36.684608459472663 0.91064254490871099 0.41826336648410739 0.18356323242187503 0.0045885443687438974
decision_type=2 2 2 2 2 2 2 2 2 2 2 2 2 2
left_child=1 2 4 7 6 -6 -1 12 -8 -10 -4 -12 -3 -14
right_child=-2 3 10 -5 5 -7 8 -9 9 -11 11 -13 13 -15
leaf_value=-0.031555004169368787 -0.054057830295870468 -0.005591560534271154 -0.022204653919697143 -0.042366437585315955 0.12902864372957396 0.016900298895130214 0.22903668432570623 -0.052204004361175588 0.049624809220226884 0.010965451146550328 -0.022616306569414213 0.14392296008102995 0.083660514065910713 -0.0042261431828900424
leaf_weight=8.9461380057036859 10.796713435323907 248.84067826182581 22.362640988081697 14.903074390022082 5.272467676550149 8.1245666001923365 0.43408883735537429 7.6492196561302981 18.207446329295635 35.738271688111126 1.7819865592755371 1.5126522351056335 18.56900670286268 116.85262724407949
leaf_count=306 564 21519 1207 1777 55 258 4 833 1394 1726 174 25 364 3896
internal_value=-0.00064443 0.000488121 0.0157356 -0.0033491 0.0251575 0.061029 0.0175687 -0.0018654 0.0256501 0.0240135 -0.012439 0.0538461 -0.000863345 0.00782487
internal_weight=519.992 509.195 102.38 406.815 76.723 13.397 63.3259 391.912 54.3798 53.9457 25.6573 3.29464 384.262 135.422
internal_count=34102 33538 5149 28389 3743 313 3430 26612 3124 3120 1406 199 25779 4260
is_linear=0
shrinkage=0.05


Tree=102
num_leaves=15
num_cat=0
split_feature=6 5 6 5 0 6 0 2 8 0 2 2 1 5
split_gain=12.374 8.2691 11.5352 12.5505 9.53927 10.6092 9.79067 8.2783 8.18984 9.95808 11.1115 9.35659 9.19461 7.69387
threshold=83.500000000000014 1.0302486419677737 9.5000000000000018 0.0015473365783691408 106.53853225708009 10.500000000000002 113.4473342895508 0.16755320791616987 87.341783731461959 101.10170364379884 1.5282453033610219 0.74169637594303028 0.05258712561024529 1.9520129859447481
decision_type=2 2 2 2 2 2 2 2 2 2 2 2 2 2
left_child=1 2 7 -4 8 -6 -7 -1 9 11 -11 12 -5 -2
right_child=13 -3 3 4 5 6 -8 -9 -10 10 -12 -13 -14 -15
leaf_value=0.057725334920078433 0.04586660684929162 -0.02472262533930546 -0.038055531648220495 0.051507201272323583 0.093630333296259416 0.067313690283716282 0.0046531867930179214 -0.006107776253043741 0.06132831855607758 -0.06862697112775154 0.035405585454413691 -0.0078662729866483243 0.0063286806472202944 -0.050409187233939716
leaf_weight=5.1646843887865534 20.647941425442699 35.186639937572181 11.619824461638926 19.824592835269868 6.9810410030186167 9.2018607072532195 19.328267310280353 306.60766815347597 6.7979763196781269 8.5935943983495218 3.6597648127935818 37.328402373474091 26.073523564264178 2.3070158569607875
leaf_count=108 1970 2094 1051 364 83 96 271 26431 198 64 44 713 410 313
internal_value=0.000300963 -0.00135879 0.000423797 0.0118467 0.016055 0.0383819 0.0248632 -0.00505034 0.00830304 0.00452775 -0.0375551 0.0107236 0.0258425 0.0361907
internal_weight=519.323 496.368 461.181 149.409 137.789 35.5112 28.5301 311.772 102.278 95.4799 12.2534 83.2265 45.8981 22.955
internal_count=34210 31927 29833 3294 2243 450 367 26539 1793 1595 108 1487 774 2283
is_linear=0
shrinkage=0.05


Tree=103
num_leaves=15
num_cat=0
split_feature=6 5 3 7 7 3 3 0 0 7 7 0 0 8
split_gain=14.1024 15.396 12.0887 9.26906 10.7477 9.75502 13.8671 12.0822 10.2176 29.2766 9.83451 9.53238 8.69914 8.58174
threshold=22.500000000000004 1.5306082963943484 2.3872375488281254 0.15025983845301286 0.84376341230301055 0.74956417083740245 0.59323120117187511 106.29524230957033 95.721939086914077 0.15316735622871527 0.81323131255736103 27.956548690795902 113.4473342895508 8.0937926399559732
decision_type=2 2 2 2 2 2 2 2 2 2 2 2 2 2
left_child=3 2 -2 -1 5 6 8 -7 9 -5 -10 -6 -9 -12
right_child=1 -3 -4 4 11 7 -8 12 10 -11 13 -13 -14 -15
leaf_value=-0.020270826439213373 0.037058341497241215 -0.028248406156830788 -0.056404299835787292 0.24466478896454094 0.22193116731737708 -0.043469895361950464 0.045466268609171502 0.09069614247638641 -0.0097148586792877283 0.0092532526473357926 0.18777812628554119 -0.035610504024479711 -0.021047400437269676 0.028561609539333923
leaf_weight=76.126079122070223 53.46917387098074 13.560556039679794 3.6991072762757531 1.3344560540281225 0.36438072752207773 22.961515329079706 18.873512053163722 3.2937977784313253 153.90116852149367 128.12709474586882 1.0073915482498694 25.721598096191883 3.6961316321976483 5.2934835681226104
leaf_count=4987 3016 943 51 22 13 702 425 79 13727 6766 38 2619 330 549
internal_value=-0.00107587 0.0196493 0.0310108 -0.00440208 -0.00108856 0.00129467 0.00393931 -0.0259485 0.00123355 0.0116798 -0.00720822 -0.032013 0.0316084 0.0540173
internal_weight=511.429 70.7288 57.1683 440.701 364.575 338.489 308.537 29.9514 289.664 129.462 160.202 26.086 6.98993 6.30088
internal_count=34267 4010 3067 30257 25270 22638 21527 1111 21102 6788 14314 2632 409 587
is_linear=0
shrinkage=0.05


Tree=104
num_leaves=15
num_cat=0
split_feature=6 4 5 6 0 7 5 2 0 0 2 4 5 4
split_gain=12.1243 9.85179 8.73604 9.83221 7.86863 8.10601 7.61462 7.39098 22.662 11.6019 12.1263 14.8037 17.7367 11.3825
threshold=77.500000000000014 1.4583551057799591 1.5306082963943484 23.500000000000004 155.36100769042972 0.73164399655812928 1.9520129859447481 1.3349517413307674 117.78212356567384 178.5647888183594 0.42365129463763562 0.10874431361307575 2.5682151317596439e-05 0.1979121975128342
decision_type=2 2 2 2 2 2 2 2 2 2 2 2 2 2
left_child=1 2 3 7 5 -5 -2 9 13 10 11 -1 -13 -9
right_child=6 -3 -4 4 -6 -7 -8 8 -10 -11 -12 12 -14 -15
leaf_value=-0.015992441263042011 0.045290577599739777 -0.05390831925592509 -0.039978563209066648 0.043953290776336924 -0.087314113531325649 -0.017007756045830172 -0.05037498219434336 0.033161970219881404 -0.02004585988672385 0.12848497436205808 -0.016975076435903565 0.17352671175620338 0.014993538221967369 -0.0016142993913048017
leaf_weight=52.574456287547946 20.195103060919795 9.0035889372229558 14.039563306607304 25.682460472919047 1.4683361649513234 6.9230328667908898 2.3189086702186605 64.801650281995535 51.979425603756681 1.5747468783520151 153.80206847423688 1.8108511143364001 68.638115086127073 36.943613887764513
leaf_count=4653 2025 927 1180 939 6 99 341 2621 6487 83 12216 43 1487 1162
internal_value=-0.000438696 -0.00208964 -0.00111813 5.21489e-05 0.0259107 0.0310096 0.0354372 -0.00198684 0.00681309 -0.00684592 -0.00761576 0.00408512 0.0190685 0.0205347
internal_weight=511.756 489.242 480.238 466.199 34.0738 32.6055 22.514 432.125 153.725 278.4 276.825 123.023 70.449 101.745
internal_count=34269 31903 30976 29796 1044 1038 2366 28752 10270 18482 18399 6183 1530 3783
is_linear=0
shrinkage=0.05


Tree=105
num_leaves=15
num_cat=0
split_feature=6 5 4 1 0 8 4 6 5 8 4 5 8 0
split_gain=13.7828 13.2067 14.7786 8.85832 8.11998 7.46622 6.74581 7.08379 9.80417 12.6331 12.0012 17.1091 13.564 9.6437
threshold=22.500000000000004 1.5650233253836634 1.4923802725398245 -0.72979105064943084 155.36100769042972 213.27957882364953 1.1663479363807636 3.5000000000000004 0.75061712041497242 82.12340950416683 0.36643837146398434 0.31364518404006964 32.888658178307004 67.80661773681642
decision_type=2 2 2 2 2 2 2 2 2 2 2 2 2 2
left_child=6 2 3 -2 -5 -3 7 -1 9 10 12 -12 -9 -10
right_child=1 5 -4 4 -6 -7 -8 8 13 -11 11 -13 -14 -15
leaf_value=-0.013048540785818828 -0.023016265843631329 -0.051594220410438908 -0.054407630486987962 0.047264269696567593 -0.084194251964373801 0.03308121672715026 -0.039502064214295605 0.0064561972920969745 0.041640921019722776 0.062862890790917322 0.0010917402944808339 -0.04567173504928887 0.055450638991145378 -0.032458362866886074
leaf_weight=146.44005201337859 5.5425534024834624 9.0977793405763787 4.8633373565971842 45.29826590185985 1.2059470266103733 3.646846870891749 13.970318643143399 95.862372963223606 5.0525029944255939 8.9035299033857864 86.798942257417366 25.248914891853929 16.5679420765955 33.533621218521148
leaf_count=18431 106 756 74 2910 5 170 1836 3929 133 181 2565 647 739 1729
internal_value=-0.00199847 0.0186424 0.0289454 0.036734 0.0438553 -0.0273645 -0.00532365 -0.00418246 0.000591451 0.00445155 0.00213477 -0.00944596 0.0136761 -0.0227557
internal_weight=502.033 69.6547 56.9101 52.0468 46.5042 12.7446 432.378 418.408 271.968 233.382 224.478 112.048 112.43 38.5861
internal_count=34211 4021 3095 3021 2915 926 30190 28354 9923 8061 7880 3212 4668 1862
is_linear=0
shrinkage=0.05


Tree=106
num_leaves=15
num_cat=0
split_feature=3 6 4 1 6 5 7 7 8 4 3 3 5 4
split_gain=11.7093 13.3817 7.97529 8.35602 10.7048 18.5783 10.4554 13.209 8.25993 7.55414 7.90074 7.45546 41.819 14.6061
threshold=1.0503387451171877 83.500000000000014 1.4747630413363322 -0.55947840069571653 19.500000000000004 1.5650233253836634 0.40404089266953147 0.52790170781166867 1.7367281215779775 0.64028392253300315 0.30362319946289068 0.18356323242187503 0.0083237886428833025 0.14766485377223357
decision_type=2 2 2 2 2 2 2 2 2 2 2 2 2 2
left_child=1 2 3 -1 6 -6 8 -8 -5 10 -9 13 -13 -10
right_child=-2 -3 -4 4 5 -7 7 9 11 -11 -12 12 -14 -15
leaf_value=-0.015005741721910895 -0.036954035739509901 0.044986997397983272 -0.053960393463570025 0.19062515854225792 0.041271425647726359 -0.055505552542095542 0.027742559551030152 0.0025890976315993889 0.0044239087458828206 0.093094082606492781 -0.037375926057869532 0.062104075498783551 -0.02132393983727647 -0.032165881230632853
leaf_weight=70.273696184391156 20.445460406597704 17.200187887065113 6.7285501484293482 0.52472060173749824 35.577563453931361 5.7622698163613668 63.938808623468503 88.72082476480864 48.598394071450457 2.0873969704844049 14.369431385304777 21.846247807145119 48.076119696255773 62.159363785060123
leaf_count=6282 1031 2112 829 5 1131 299 3512 7254 4856 41 622 417 1237 4650
internal_value=0.00011282 0.00167262 8.29573e-05 0.000870154 0.00371868 0.0277819 0.000879091 0.00982037 -0.00746571 -0.00107475 -0.0029815 -0.00804099 0.00474196 -0.016111
internal_weight=506.309 485.864 468.663 461.935 391.661 41.3398 350.321 169.116 181.205 105.178 103.09 180.68 69.9224 110.758
internal_count=34278 33247 31135 30306 24024 1430 22594 11429 11165 7917 7876 11160 1654 9506
is_linear=0
shrinkage=0.05


Tree=107
num_leaves=15
num_cat=0
split_feature=3 0 8 2 2 2 7 4 1 2 1 8 2 2
split_gain=10.6229 11.4261 13.5722 24.9394 16.0864 11.1477 11.1852 10.7068 9.80495 9.63172 10.5763 13.2521 8.8918 8.6293
threshold=1.4284400939941408 72.898834228515639 12.311319255656796 2.2911722687442189 1.5830631155346329 0.28626934596289916 0.91749651648606945 0.10874431361307575 -0.55947840069571653 1.4141560078116353 -0.83254836735677429 26.838906819049658 0.41371398353154126 0.26777082357267629
decision_type=2 2 2 2 2 2 2 2 2 2 2 2 2 2
left_child=1 2 4 -4 5 7 -7 13 9 -3 11 -11 -8 -1
right_child=-2 8 3 -5 -6 6 12 -9 -10 10 -12 -13 -14 -15
leaf_value=-0.023122539669195877 -0.053654795653826387 -0.041965447160607183 0.047202128430436495 -0.046145848748607887 0.067000336402799551 -0.038641467032052457 -0.050374754506347152 0.048384235206405633 -0.00015113391887527244 -0.051434732425996221 -0.014498876649204184 0.157306690020524 0.13110965625397372 0.082006554160941714
leaf_weight=16.957165319472558 8.9774204741697741 29.49266636534594 46.533707746304572 8.4552122936584038 7.9274367750622323 29.144983172649518 1.0681284721940749 12.553730173036454 317.54657609621063 1.1637369773816346 13.127999436110256 2.1934714699164033 1.8333691973239181 2.2058755727484813
leaf_count=832 574 3490 2998 447 191 1787 154 159 21891 146 1542 14 74 106
internal_value=0.000243455 0.00123053 0.0141619 0.0328487 -0.00017146 -0.00852267 -0.0293211 0.012492 -0.00327575 -0.0248559 0.00575364 0.0849489 0.0642998 -0.011021
internal_weight=499.181 490.204 126.68 54.9889 71.6907 63.7633 32.0465 31.7168 363.524 45.9779 16.4852 3.35721 2.9015 19.163
internal_count=34405 33831 6748 3445 3303 3112 2015 1097 27083 5192 1702 160 228 938
is_linear=0
shrinkage=0.05


Tree=108
num_leaves=15
num_cat=0
split_feature=3 4 8 5 5 8 3 2 2 4 2 8 4 8
split_gain=9.7949 7.07327 9.07136 10.1104 13.6904 17.7325 13.3244 7.37113 9.07117 17.2195 14.5438 15.3023 12.0126 17.5007
threshold=1.4284400939941408 1.4747630413363322 73.013959809436201 0.1852887570858002 0.82515384256839763 178.9403846034796 0.074943542480468764 2.4970797515799732 1.3441589127527138 0.1979121975128342 0.54032979905655842 16.572804173259069 0.46017085579806322 12.646520065838963
decision_type=2 2 2 2 2 2 2 2 2 2 2 2 2 2
left_child=1 2 7 -4 6 -6 -5 8 10 -10 11 -1 13 -12
right_child=-2 -3 3 4 5 -7 -8 -9 9 -11 12 -13 -14 -15
leaf_value=-0.0048114056779337616 -0.053228159732582415 -0.050407170400915913 -0.041630867606179962 -0.035163078534810502 -0.023546520451030048 0.056494220456163646 0.066868423628397913 -0.0252960422380984 0.027261446232554516 -0.013408731489190098 -0.034686612118110353 0.028879875522577061 -0.043496875238334454 0.010270233658473531
leaf_weight=100.63743583066389 8.3949387904722226 6.5387010655831537 6.1022199585568151 3.724638334009799 20.487464099423963 10.448855074821038 22.706282222643495 28.464543120004237 73.77605904545635 40.211678761756048 35.826629807474092 50.672235803445801 31.205277325818315 54.695534653728828
leaf_count=7749 565 827 632 68 1213 710 931 2298 4504 3279 5737 1185 1041 3531
internal_value=0.000319267 0.00124518 0.00195033 0.0195561 0.0260646 0.00348753 0.0524902 -0.000739095 0.001067 0.0129141 -0.00387896 0.0064715 -0.0167448 -0.00752267
internal_weight=493.892 485.498 478.959 63.4695 57.3672 30.9363 26.4309 415.489 387.025 113.988 273.037 151.31 121.727 90.5222
internal_count=34270 33705 32878 3554 2922 1923 999 29324 27026 7783 19243 8934 10309 9268
is_linear=0
shrinkage=0.05


Tree=109
num_leaves=15
num_cat=0
split_feature=6 3 6 3 1 1 3 2 2 1 2 2 2 0
split_gain=9.26856 8.15389 7.81786 14.1132 8.63123 8.36781 8.4368 11.9063 7.86391 19.5307 40.4363 12.2958 13.1261 16.1039
threshold=83.500000000000014 0.99798965454101574 3.5000000000000004 0.012794494628906252 -0.84823372013512999 -0.51467027273495669 0.014400482177734377 0.19371974998922253 1.3441589127527138 -0.4523019153151398 1.5097778431775311 0.30360405253889383 0.2567652771426101 96.623603820800795
decision_type=2 2 2 2 2 2 2 2 2 2 2 2 2 2
left_child=1 2 5 4 -4 -1 8 -8 11 10 -10 12 -7 -14
right_child=-2 -3 3 -5 -6 6 7 -9 9 -11 -12 -13 13 -15
leaf_value=-0.035834164012051473 0.034838041562875781 -0.034560067369814484 0.20826651371797944 0.00032360308797765695 0.036637687436865261 -0.017217194005282748 0.28249972586885569 -0.038363174239936404 0.67512184934873631 0.012683909323205685 0.040396384842892097 -0.028412940441244917 0.08749106261130829 -0.050700198596837144
leaf_weight=27.263445671414956 17.091039740480483 19.197188471793197 0.76020444184541958 288.21277451445349 20.131231633247808 13.110341459047051 0.29322626814246433 20.64144577132538 0.34412562614306696 34.380638298112899 0.92646133154630661 36.093725936720148 9.0852469243109208 2.7452112659811965
leaf_count=4580 2275 954 6 11960 562 761 3 3072 15 2559 78 6700 423 221
internal_value=-0.00133518 -0.00264172 -0.00129203 0.00320006 0.042883 -0.0108758 -0.0050906 -0.0338689 0.00114056 0.0197983 0.212305 -0.00975771 0.0172397 0.0554243
internal_weight=490.276 473.185 453.988 309.104 20.8914 144.884 117.62 20.9347 96.6858 35.6512 1.27059 61.0345 24.9408 11.8305
internal_count=34169 31894 30940 12528 568 18412 13832 3075 10757 2652 93 8105 1405 644
is_linear=0
shrinkage=0.05


Tree=110
num_leaves=15
num_cat=0
split_feature=3 6 4 5 8 6 0 4 5 4 3 5 7 5
split_gain=9.79762 12.1853 9.52233 7.90289 17.0734 10.1563 10.0358 14.6553 15.8193 12.7397 10.5286 9.92118 10.7975 8.68404
threshold=1.4284400939941408 9.5000000000000018 1.4583551057799591 1.4262779727578165 213.27957882364953 23.500000000000004 109.5600051879883 1.0173889721534193 0.82515384256839763 0.35532629551612277 0.10779380798339845 0.28580918908119207 0.40404089266953147 0.2363062631338835
decision_type=2 2 2 2 2 2 2 2 2 2 2 2 2 2
left_child=1 -1 3 5 -5 6 9 8 -8 10 -3 12 13 -11
right_child=-2 2 -4 4 -6 -7 7 -9 -10 11 -12 -13 -14 -15
leaf_value=-0.005055357012512229 -0.053295869890253915 0.064332271256341361 -0.048484204837005662 -0.045228520858591456 0.071496984299855737 0.039631987647427307 0.078490633704969295 -0.028805770722977894 -0.020686203996054767 -0.010672974535260237 -0.0039527783529112216 -0.03610294131570365 0.070838205988016531 0.10853687983447041
leaf_weight=303.96684892009944 8.4459636815590766 12.485234741587194 6.3947264680173239 13.486285254359247 4.0806836099363855 38.21554702334106 16.968224507756538 6.8174978285096577 5.2693457123823455 33.541460019536316 10.303399484604595 23.283929889090359 5.3769349502399555 1.6005999539047469
leaf_count=27115 573 281 626 1010 138 2786 159 500 165 410 148 218 65 12
internal_value=9.06887e-05 0.00102657 0.0114228 0.0136575 -0.018114 0.017285 0.0099004 0.0353281 0.05499 0.00136835 0.0334586 -0.0100934 0.00485277 -0.00524338
internal_weight=490.237 481.791 177.824 171.429 17.567 153.862 115.647 29.0551 22.2376 86.5916 22.7886 63.8029 40.519 35.1421
internal_count=34206 33633 6518 5892 1148 4744 1958 824 324 1134 429 705 487 422
is_linear=0
shrinkage=0.05


Tree=111
num_leaves=15
num_cat=0
split_feature=4 6 2 5 6 1 7 2 5 1 4 5 2 4
split_gain=9.20185 10.7205 13.1469 8.68992 9.15632 11.8782 16.1199 11.5303 21.1939 12.1789 11.3321 10.9782 14.1646 8.99218
threshold=1.4747630413363322 29.500000000000004 1.9305753936577277 0.87442480772733699 4.5000000000000009 0.41855684098848628 0.43574303564516781 1.5097778431775311 0.0031913518905639653 -0.41293212155124864 0.0048587631229903569 0.014765381813049318 0.68962122920532132 0.054697392646870131
decision_type=2 2 2 2 2 2 2 2 2 2 2 2 2 2
left_child=1 3 -3 4 5 -1 10 11 -9 -10 -7 12 -6 -13
right_child=-2 2 -4 -5 7 6 -8 8 9 -11 -12 13 -14 -15
leaf_value=-0.017701225063184122 -0.052596243044951085 0.046936953492732761 -0.01060446310811311 -0.026788953995521676 0.029532125764016239 0.12481151459546976 0.00089127701138862745 -0.05049171924730686 0.085301838374200037 0.025638343083590975 -0.028875164217969231 0.074065625401512361 -0.051330829502704171 -0.011101378705708228
leaf_weight=114.49606902385131 8.2008785477373731 25.964378786738962 16.070725044817664 31.516664985567331 44.781108014751226 4.5959204765968016 74.062046146253124 7.5832128415349862 11.129052205476908 36.955232000444084 1.6230146172456441 3.1962488312274209 6.1606352464295915 102.16942633967847
leaf_count=14094 913 2725 833 1887 643 159 7680 1519 279 827 102 57 487 2211
internal_value=-7.91125e-05 0.000817584 0.0249379 -0.00149584 0.000463967 -0.00736202 0.00738368 0.00765502 0.0271956 0.0394474 0.0847024 0.000695818 0.019753 -0.00851785
internal_weight=488.505 480.304 42.0351 438.269 406.752 194.777 80.281 211.975 55.6675 48.0843 6.21894 156.307 50.9417 105.366
internal_count=34416 33503 3558 29945 28058 22035 7941 6023 2625 1106 261 3398 1130 2268
is_linear=0
shrinkage=0.05


Tree=112
num_leaves=15
num_cat=0
split_feature=3 6 2 0 3 0 0 3 6 3 0 2 7 2
split_gain=9.19461 11.256 13.8294 11.0962 6.37191 11.0799 8.9509 10.2359 10.1421 28.9604 17.9041 14.6359 9.99189 9.91898
threshold=1.4284400939941408 22.500000000000004 1.8695805009870912 103.51881790161134 0.74956417083740245 106.29524230957033 95.405593872070327 0.63340187072753917 2.5000000000000004 0.014987945556640627 95.066478729248061 0.24231945597380367 0.19729798929274214 0.93022615085686522
decision_type=2 2 2 2 2 2 2 2 2 2 2 2 2 2
left_child=1 4 -3 -4 6 -6 8 13 10 11 -1 -10 -12 -8
right_child=-2 2 3 -5 5 -7 7 -9 9 -11 12 -13 -14 -15
leaf_value=-0.016990312472837523 -0.053255247092329441 0.042409268430349284 -0.039165062489170073 0.037387447488080705 -0.040919511475146525 0.030206805664403785 -0.024936408424017408 0.05620470060224908 0.25819622300016637 0.0060240846321424606 0.19865303823667538 0.064777624735440964 -0.050341239167968121 -0.0016041839888812964
leaf_weight=48.855229502078146 8.0976398078491894 32.543825621716678 12.552860995754601 7.5993019754532716 23.381417860277001 7.1496622455306342 68.119816619204357 6.135244741337373 1.0432167500257516 106.0920308555942 1.5275023346766823 15.657320308731867 0.54726282320916642 137.48429479962215
leaf_count=5651 574 2862 684 106 758 407 6644 163 18 3435 11 339 96 12459
internal_value=-0.000430455 0.00048221 0.022253 -0.0102974 -0.00227561 -0.0242634 -0.000534036 -0.00743548 0.0078777 0.0156582 -0.0108811 0.0768597 0.132976 -0.00933451
internal_weight=476.787 468.689 52.696 20.1522 415.993 30.5311 385.462 211.739 173.723 122.793 50.93 16.7005 2.07477 205.604
internal_count=34207 33633 3652 790 29981 1165 28816 19266 9550 3792 5758 357 107 19103
is_linear=0
shrinkage=0.05


Tree=113
num_leaves=15
num_cat=0
split_feature=3 6 5 7 5 0 5 3 5 0 5 8 8 3
split_gain=9.28443 11.5077 11.2296 8.48311 8.53869 7.96085 10.7032 10.0897 7.24665 13.1022 11.588 21.6969 24.1639 15.6182
threshold=1.4284400939941408 29.500000000000004 1.5650233253836634 0.14574789607466038 0.0020648837089538579 103.51881790161134 0.0045885443687438974 0.037067413330078132 0.46029484272003179 80.021316528320327 0.23088824748992923 39.351304018431016 46.161029213129602 0.086566925048828139
decision_type=2 2 2 2 2 2 2 2 2 2 2 2 2 2
left_child=1 3 -3 4 -1 7 -7 -6 10 -10 -5 13 -13 -12
right_child=-2 2 -4 8 5 6 -8 -9 9 -11 11 12 -14 -15
leaf_value=-0.04206701005003588 -0.053126023305223195 0.041898119858379552 -0.025084647028201231 0.001562650536362899 0.059910261341749475 0.097770791884275898 0.0025052995129407653 -0.030266563913159957 0.025677959443924953 -0.021920717892483132 0.036374103908801081 0.30607891106129803 0.062393337441621066 -0.029622387125672708
leaf_weight=22.162697808118537 7.8553764749085522 30.209411952178925 7.8917307951487592 227.39942076615989 3.4855950339697328 3.6284546032547977 15.730195601936428 28.17924721329473 18.915693959454075 61.342004429548979 21.012610383098945 1.1089592878706742 12.307622238993643 15.634791564894838
leaf_count=3353 566 2805 585 19876 74 55 816 632 581 2788 981 35 175 1035
internal_value=0.00078247 0.00168538 0.0280243 -0.000643525 -0.0161536 -0.00489775 0.0203612 -0.0203401 0.00252968 -0.0107023 0.0063571 0.0281344 0.0825354 0.00821818
internal_weight=476.864 469.008 38.1011 430.907 73.1862 51.0235 19.3587 31.6648 357.721 80.2577 277.463 50.064 13.4166 36.6474
internal_count=34357 33791 3390 30401 4930 1577 871 706 25471 3369 22102 2226 210 2016
is_linear=0
shrinkage=0.05


Tree=114
num_leaves=15
num_cat=0
split_feature=3 0 1 6 0 1 5 8 1 2 1 2 2 8
split_gain=9.20888 10.1749 9.93532 9.41585 10.5317 9.39828 8.70748 7.86753 7.2383 8.51737 7.83376 8.01037 10.4809 16.5803
threshold=0.99798965454101574 31.454616546630863 -0.70811975769026769 19.500000000000004 139.406364440918 0.89972788828873429 1.6071004718542101 268.4068874899578 0.91995608969137332 0.41371398353154126 0.8438765636221478 0.3392916555733711 0.93022615085686522 15.463049864836131
decision_type=2 2 2 2 2 2 2 2 2 2 2 2 2 2
left_child=1 5 -3 8 6 -1 -5 -8 10 -10 11 -4 13 -13
right_child=-2 2 3 4 -6 -7 7 -9 9 -11 -12 12 -14 -15
leaf_value=0.042708624037167492 -0.033291393162010262 -0.024159995320592972 0.015548545259127373 0.039934040558555844 -0.058698746135865877 0.35845779202593464 -0.051218485014113663 0.083574757961633467 -0.050407577088394821 0.15699690785778175 -0.040019358794582856 -0.040602243583033049 0.0047674465189700161 0.00039683065593228736
leaf_weight=10.548005434684452 19.513908147113398 37.061352415708825 73.660414005862549 37.202365348581225 3.5712914299219838 0.24105567438528019 5.1306519799400112 1.3720232760533688 0.73415851499885265 1.5195726454257963 12.08552012988366 40.284738722490147 165.09254341595806 63.576676643686369
leaf_count=1142 1165 3708 2802 2168 46 9 514 21 102 10 1348 6316 12709 2085
internal_value=0.000338451 0.00179007 0.000617183 0.00288885 0.0238575 0.0497633 0.0306034 -0.022778 0.000111686 0.0894344 -0.000455862 0.000939717 -0.00306131 -0.0155055
internal_weight=471.594 452.08 441.291 404.23 47.2763 10.7891 43.705 6.50268 356.954 2.25373 354.7 342.614 268.954 103.861
internal_count=34145 32980 31829 28121 2749 1151 2703 535 25372 112 25260 23912 21110 8401
is_linear=0
shrinkage=0.05


Tree=115
num_leaves=15
num_cat=0
split_feature=1 4 6 5 8 8 7 1 0 1 8 4 6 5
split_gain=8.69583 9.63976 12.8443 8.61841 7.69077 10.9211 10.5966 23.2471 21.7442 14.2971 9.81477 7.14645 13.8835 9.2482
threshold=-0.55947840069571653 1.4112404289410192 29.500000000000004 1.8133262246847155 3.2768177988407499 6.3079597006222246 0.65029063171518842 0.64774489331178919 44.418308258056648 -0.49143740648137285 6.4289122593568768 0.32394748506411636 4.5000000000000009 0.37300592660903936
decision_type=2 2 2 2 2 2 2 2 2 2 2 2 2 2
left_child=-1 2 4 -4 6 -6 7 8 -2 -10 -7 12 -12 -13
right_child=1 -3 3 -5 5 10 -8 -9 9 -11 11 13 -14 -15
leaf_value=-0.0168207907957089 0.11215266777053068 -0.047139143524575218 0.0440124120784142 -0.050310357081079948 -0.031237363882618375 0.096754387624652868 -0.012195458197606548 0.26694198370882866 0.21294612566411103 -0.052095759693115265 -0.0021060238320105419 0.001328416059830449 0.027968320546562619 -0.025861223916944561
leaf_weight=66.963182905572467 5.2216739682480693 9.5094545048195851 26.892787655815486 2.6614468438783652 26.690494129667059 2.7123275292105964 8.5556252440437657 1.2245880067348487 0.56123891193419595 5.4472450604662308 111.26562812761404 105.87192583689466 58.577803440624848 44.386122419382446
leaf_count=6547 52 1199 2694 579 2818 95 689 9 12 182 12388 4060 1451 1595
internal_value=-0.000116596 0.00261442 0.00379704 0.0355184 0.00126678 -0.000499433 0.0306474 0.0600778 0.0375204 -0.0273388 0.002042 0.00123947 0.00826641 -0.00670338
internal_weight=476.542 409.578 400.069 29.5542 370.515 349.504 21.0104 12.4547 11.2302 6.00848 322.814 320.101 169.843 150.258
internal_count=34370 27823 26624 3273 23351 22407 944 255 246 194 19589 19494 13839 5655
is_linear=0
shrinkage=0.05


Tree=116
num_leaves=15
num_cat=0
split_feature=0 0 2 1 6 1 1 8 0 0 5 1 2 8
split_gain=8.80051 11.2259 9.6385 8.43946 7.38906 9.36049 7.66018 9.6918 8.10736 8.86908 11.0026 14.5703 7.61327 8.33698
threshold=145.32572937011722 144.46268463134768 0.98684412772771579 -0.55947840069571653 19.500000000000004 -0.37340963490018192 -0.38133794409409988 8.7161368691051866 130.71761322021487 131.10779571533206 0.00029424205422401434 -0.49772469870870995 0.16755320791616987 1.4957984758491312
decision_type=2 2 2 2 2 2 2 2 2 2 2 2 2 2
left_child=1 3 -3 -1 5 6 8 -8 -5 -10 11 -11 13 -7
right_child=-2 2 -4 4 -6 12 7 -9 9 10 -12 -13 -14 -15
leaf_value=-0.015215796536718796 -0.030740488334821854 0.19985859449690163 -0.050365216471839204 0.013193805518920515 0.021280720416776488 0.18100545841529952 0.28876634629588954 0.054369892208981363 0.42928754688346071 -0.050251807876463418 0.012063727757775027 0.54741791490625757 -0.0024584186663020582 0.016757908021387782
leaf_weight=63.011560697690584 21.164324581273831 1.2940236730501045 0.54775659344159056 37.114923635032028 56.184025762369856 1.1664922460913651 0.5771506661549205 1.8694899277761576 0.20379322022199531 0.17199922865256667 1.3637767450418321 0.25046804826706637 283.13956629531458 2.2879568338394165
leaf_count=6013 3735 10 117 2036 3962 33 17 78 2 35 127 29 18109 47
internal_value=0.000767737 0.00225232 0.125441 0.00174514 0.00452591 0.00165721 0.0238354 0.109663 0.0184655 0.116785 0.0811309 0.304088 -0.00155828 0.0722207
internal_weight=470.347 449.183 1.84178 447.341 384.33 328.146 41.5516 2.44664 39.105 1.99004 1.78624 0.422467 286.594 3.45445
internal_count=34350 30615 127 30488 24475 20513 2324 95 2229 193 191 64 18189 80
is_linear=0
shrinkage=0.05


Tree=117
num_leaves=15
num_cat=0
split_feature=6 4 4 2 2 0 8 8 3 3 3 0 2 0
split_gain=7.77493 9.59489 7.8231 19.9986 14.3665 9.76565 13.5697 14.0136 13.1251 13.1952 10.3896 10.2038 11.359 28.9205
threshold=9.5000000000000018 1.4747630413363322 0.19685131953716958 0.45259741245085433 1.0197411585145697 126.9512405395508 26.838906819049658 26.494283111481518 0.026683807373046878 0.59323120117187511 0.63340187072753917 86.597408294677749 1.0413461526490357 102.9342727661133
decision_type=2 2 2 2 2 2 2 2 2 2 2 2 2 2
left_child=2 -2 4 -4 -1 6 7 8 11 -10 -11 -6 13 -13
right_child=1 -3 3 -5 5 -7 -8 -9 9 10 -12 12 -14 -15
leaf_value=-0.011928335300474015 0.011257983214163252 -0.051565311966932703 0.016298837838938329 -0.032479587706030481 0.073244900065594309 -0.020953890306980853 0.080467726626016076 -0.11845174411093802 -0.040656197059309812 0.12720126524715794 -0.050742702274623776 0.022488763173195835 0.016018965311474755 0.75165267308975769
leaf_weight=103.131453394657 161.64716165943537 6.3151324819773427 31.356545672751963 63.69969999184832 11.258444924140347 15.846554643008856 8.8312268066219968 1.9207417368888844 14.078703041886913 2.3907758197747166 1.2487588960211722 0.49891142034903069 40.079584372462705 0.18693995289504528
leaf_count=12358 6387 652 631 7055 392 2559 102 8 1137 18 129 52 2759 24
internal_value=0.000311235 0.00889592 -0.0045844 -0.0163889 0.00104089 0.0149243 0.0219875 0.0147808 0.0184501 -0.0187176 0.066147 0.0311086 0.0194716 0.221234
internal_weight=462.491 167.962 294.528 95.0562 199.472 96.3406 80.4941 71.6629 69.7421 17.7182 3.63953 52.0239 40.7654 0.685851
internal_count=34263 7039 27224 7686 19538 7180 4621 4519 4511 1284 147 3227 2835 76
is_linear=0
shrinkage=0.05


Tree=118
num_leaves=15
num_cat=0
split_feature=4 6 5 8 7 6 3 5 3 5 5 6 5 4
split_gain=8.19072 8.47657 6.98256 7.09284 6.65331 7.79234 7.43261 21.7449 7.07631 6.52378 6.87593 7.30649 5.53436 5.50361
threshold=1.4583551057799591 85.500000000000014 1.4262779727578165 213.27957882364953 0.14574789607466038 9.5000000000000018 0.18356323242187503 0.0045885443687438974 0.037853240966796882 0.17872929573059085 0.97292708791792404 11.500000000000002 1.9520129859447481 0.19685131953716958
decision_type=2 2 2 2 2 2 2 2 2 2 2 2 2 2
left_child=1 2 4 -4 6 13 -1 -8 -7 -9 11 -11 -3 -6
right_child=-2 12 3 -5 5 8 7 9 -10 10 -12 -13 -14 -15
leaf_value=-0.027836851878218122 -0.04965912886592358 0.053902953916678487 -0.048562184020800564 0.052435739858614161 0.0037811882525978732 0.058807583888907583 0.095126806257016666 -0.036488890363932734 0.011508275736505544 -0.034669829792353411 -0.10904064745425163 0.067913784853158965 -0.050295370428844216 -0.01256567228045921
leaf_weight=37.82285901508294 8.0429060879396257 11.041281704790888 12.281192874535916 2.0249672946520141 184.13534435722977 8.6141920713707787 5.5156201869249371 14.128083649324255 96.382843086030334 2.6003119314555061 0.94409867469221342 5.220761647913605 1.440612232312559 71.476356480736285
leaf_count=3487 967 1967 1262 59 17647 368 82 301 1914 147 52 134 274 5651
internal_value=0.000356789 0.00124358 9.38946e-05 -0.0342664 0.00124553 0.00392082 -0.0133205 0.0060062 0.0153888 -0.0154654 0.0184211 0.0338073 0.0418768 -0.000789862
internal_weight=461.671 453.629 441.147 14.3062 426.84 360.609 66.2317 28.4089 104.997 22.8933 8.76517 7.82107 12.4819 255.612
internal_count=34312 33345 31104 1321 29783 25580 4203 716 2282 634 333 281 2241 23298
is_linear=0
shrinkage=0.05


Tree=119
num_leaves=15
num_cat=0
split_feature=0 0 0 3 6 1 0 0 0 1 7 7 1 3
split_gain=8.51956 9.25453 11.5528 9.07098 8.40074 7.04908 6.85709 6.64302 11.7977 10.6051 33.8862 5.98314 5.80819 5.74944
threshold=145.32572937011722 178.5647888183594 181.85108184814456 0.99798965454101574 46.500000000000007 0.27076469409451648 143.58866882324222 137.78449249267581 137.03838348388675 -0.19763732899696665 0.58497754771628596 0.21378925521337896 -0.48289269158319192 0.10409736633300783
decision_type=2 2 2 2 2 2 2 2 2 2 2 2 2 2
left_child=3 -2 5 4 6 11 7 8 -1 10 -10 -3 -8 -11
right_child=1 2 -4 -5 -6 -7 12 -9 9 13 -12 -13 -14 -15
leaf_value=0.0002899923769045097 -0.047597916137094874 0.031585162563599861 -0.05145097328118662 -0.032770249524275062 0.035178755240491195 -0.050554664636892399 0.27482788765498445 -0.049120774051385846 0.92144135189746013 -0.0518356887611525 -0.050346570926553716 0.26253580542491523 0.048267723481923305 0.12127201567980439
leaf_weight=392.14892579976004 16.779785188380632 0.40725978335831203 1.6318520088680089 19.259095581481233 18.593000304885209 0.39435453992337 0.3057093285024165 6.726107468828558 0.15411959076300297 0.70365156629122738 0.21463441918604076 0.9005214087665081 3.7894178734859443 1.506806533783674
leaf_count=25098 3369 45 238 1166 2738 52 44 1136 7 60 37 24 215 27
internal_value=-0.000652893 -0.0324801 0.0436071 0.000790866 0.00231478 0.13474 0.000808084 0.000151434 0.000991025 0.107578 0.355809 0.190615 0.0651809 0.0661669
internal_weight=463.515 20.1138 3.33399 443.401 424.142 1.70214 405.549 401.454 394.728 2.57921 0.368754 1.30778 4.09513 2.21046
internal_count=34256 3728 359 30528 29362 121 26624 26365 25229 131 44 69 259 87
is_linear=0
shrinkage=0.05


Tree=120
num_leaves=15
num_cat=0
split_feature=3 0 0 2 8 3 2 4 8 0 2 8 8 0
split_gain=7.5787 7.45193 6.10479 10.5417 9.23836 10.42 8.83339 13.2362 18.887 16.8438 15.0941 10.3685 10.1181 16.0881
threshold=1.4284400939941408 30.433474540710453 126.9512405395508 0.61994085473480876 25.569829984036414 0.034812927246093757 1.4282884291777409 0.1979121975128342 26.838906819049658 103.51881790161134 1.7691873304478558 178.9403846034796 12.646520065838963 72.898834228515639
decision_type=2 2 2 2 2 2 2 2 2 2 2 2 2 2
left_child=1 -1 6 4 -4 -6 12 8 10 11 -8 -9 -3 -14
right_child=-2 2 3 -5 5 -7 7 9 -10 -11 -12 -13 13 -15
leaf_value=0.04677633526120039 -0.052540894399644524 -0.013617876850768103 -0.050246360898875568 -0.023101652183304171 0.17963538999736434 0.012394733059916389 0.047488283778185772 -0.04273546126216788 0.088695651801704301 0.019045972781717324 -0.0065424371320914713 0.070135913623690302 0.041585066964833432 -0.0017547783473394569
leaf_weight=8.7385586013551784 6.6943434932036316 120.0582638727501 1.5777532947249699 48.046717766905203 1.8209508389700206 1.9065106643829492 22.742022547870874 24.382567838532854 11.042645868845282 36.334980226354674 29.947369670728222 2.2198943668045095 26.058061276795343 120.11024790722877
leaf_count=1027 581 13193 354 7559 37 94 776 1358 198 1619 1841 194 1658 3824
internal_value=0.000272199 0.00104925 0.000153812 -0.0157163 0.0511688 0.0940956 0.00230884 0.0131777 0.0292394 -0.00308673 0.0167785 -0.0333167 -0.00286252 0.0059716
internal_weight=461.681 454.987 446.248 53.3519 5.30521 3.72746 392.896 126.669 63.732 62.9374 52.6894 26.6025 266.227 146.168
internal_count=34313 33732 32705 8044 485 131 24661 5986 2815 3171 2617 1552 18675 5482
is_linear=0
shrinkage=0.05


Tree=121
num_leaves=15
num_cat=0
split_feature=3 6 4 6 5 3 4 3 6 4 5 5 0 3
split_gain=7.5385 7.01385 6.47577 8.57512 14.7138 11.3252 8.5022 6.60916 9.42566 8.39443 6.24735 7.71971 14.5849 7.52935
threshold=1.4284400939941408 83.500000000000014 1.0753764184544095 6.5000000000000009 0.75979457795619976 0.053443908691406257 0.46326401301992698 0.12179088592529298 14.500000000000002 1.4747630413363322 0.35360926389694219 0.26717881858348852 107.74990081787111 0.026683807373046878
decision_type=2 2 2 2 2 2 2 2 2 2 2 2 2 2
left_child=1 2 3 6 -5 -6 10 -4 -9 -10 11 -1 -13 -12
right_child=-2 -3 7 4 5 -7 -8 8 9 -11 13 12 -14 -15
leaf_value=-0.0007767268901454974 -0.052647270313513177 0.041477622939896291 -0.054627304644964528 0.0192253330574889 0.043980885493108059 -0.025154408893325483 -0.039749150248529742 -0.048769856375618814 0.057991854933465425 -0.056758573214951806 0.009765937362796533 0.08945164128382066 -0.028364412422945053 -0.042875642477341713
leaf_weight=187.73628141451627 6.5214655161835244 10.709649037104098 10.384655406000094 127.37712586042471 7.0393146923743179 37.373297304147854 15.57288963254541 6.4637414366006842 6.7122024439740908 2.0900171995162964 10.838324771728368 6.5788333681412023 4.3728982340544462 18.197485915385187
leaf_count=19874 570 2145 1775 2769 298 1582 1600 206 142 60 377 247 462 2216
internal_value=0.000726207 0.00149722 0.000525724 0.00203235 0.0105848 -0.0141966 -0.00400646 -0.023855 -0.00292213 0.0307453 -0.0015622 0.00160368 0.0424091 -0.0232259
internal_weight=457.968 451.447 440.737 415.086 171.79 44.4126 243.297 25.6506 15.266 8.80222 227.724 198.688 10.9517 29.0358
internal_count=34323 33753 31608 29425 4649 1880 24776 2183 408 202 23176 20583 709 2593
is_linear=0
shrinkage=0.05


Tree=122
num_leaves=15
num_cat=0
split_feature=2 3 3 7 1 1 1 6 2 4 3 8 2 3
split_gain=6.4016 10.0608 13.8429 6.33558 9.99892 7.04167 8.97734 7.61368 7.43376 13.5649 7.17455 16.3058 9.91492 19.3422
threshold=0.19371974998922253 1.0000000180025095e-35 0.077672958374023451 0.84376341230301055 -0.83254836735677429 -0.70811975769026769 -0.70217173271201228 39.500000000000007 0.37415325588484821 0.11679679554183788 0.029396057128906253 16.805830564662134 0.45259741245085433 0.068058013916015639
decision_type=2 2 2 2 2 2 2 2 2 2 2 2 2 2
left_child=1 -1 -3 4 -2 8 -7 10 9 -6 -8 -12 13 -13
right_child=3 2 -4 -5 5 6 7 -9 -10 -11 11 12 -14 -15
leaf_value=-0.019971830753447495 0.078372351171073329 0.18195199380744212 0.026962013213412628 -0.027424862653402594 -0.050551204730812122 0.080599327001710616 0.0072484681173661985 0.02799287353271733 -0.035462377460057849 0.18639952984447139 -0.032360156327637495 -0.051191125849919743 -0.0061555509201580254 0.040918081836900072
leaf_weight=4.7014070581644756 3.9861191955860695 2.0962471533566713 4.6064720139838755 22.940376797108911 1.3390744801145076 3.4638696601614347 133.39824092329945 22.474524584482424 23.029053280130029 1.1003111565951256 50.731455104192719 7.0732463628519318 144.80429370468482 29.347197916358709
leaf_count=176 207 25 73 2668 182 142 13612 3153 2295 26 3449 176 7921 416
internal_value=-0.000886224 0.0361028 0.0754345 -0.00183695 -0.000441826 -0.00119565 0.000462468 -0.000253269 -0.0266706 0.056328 -0.00199081 -0.00730433 -0.000290284 0.0230295
internal_weight=455.092 11.4041 6.70272 443.688 420.747 416.761 391.293 387.829 25.4684 2.43939 365.354 231.956 181.225 36.4204
internal_count=34521 274 98 34247 31579 31372 28869 28727 2503 208 25574 11962 8513 592
is_linear=0
shrinkage=0.05


Tree=123
num_leaves=15
num_cat=0
split_feature=4 6 5 8 4 0 5 7 7 4 8 0 5 6
split_gain=6.60247 6.5679 5.98292 7.56683 6.5404 6.39818 5.41937 4.45218 5.85336 6.06883 16.0871 11.1506 11.1257 12.1175
threshold=1.4747630413363322 83.500000000000014 1.4262779727578165 100.15577384350694 0.46619548537406291 144.46268463134768 1.9520129859447481 0.92366396713575927 0.84376341230301055 0.1979121975128342 26.838906819049658 115.37982559204103 0.75979457795619976 9.5000000000000018
decision_type=2 2 2 2 2 2 2 2 2 2 2 2 2 2
left_child=1 2 3 7 -5 -6 -3 8 9 10 -1 -12 13 -11
right_child=-2 6 -4 4 5 -7 -8 -9 -10 12 11 -13 -14 -15
leaf_value=0.0016572270181383162 -0.050372587735262681 0.053773041198775108 -0.032807863842656305 0.15934593753624987 0.047627670750309908 -0.035141331860134781 -0.050292468994660826 0.058050147242738492 -0.028183651283386568 -0.015435299709985957 0.079887758425770852 0.0025981129873047853 -0.038696009887360043 0.011138691753282493
leaf_weight=167.0473120175302 6.4770442293956867 9.09642350906506 13.84849789959844 1.0145272975787509 9.553245820803566 3.0900957660051054 1.4505500461673353 3.2055463255383065 19.017428724095225 82.253182176500559 11.895413280464711 7.6789625959936521 22.871724614873528 89.658180279307999
leaf_count=16699 894 1911 1330 34 305 237 287 254 2361 6652 166 546 776 1724
internal_value=-0.000256899 0.000478024 -0.000475621 0.000597392 0.0371998 0.0273985 0.0394607 -0.000641151 -0.001111 0.000238885 0.00668242 0.0495673 -0.00593466 -0.00157597
internal_weight=448.158 441.681 431.134 417.286 13.6579 12.6433 10.547 403.628 400.422 381.405 186.622 19.5744 194.783 171.911
internal_count=34176 33282 31084 29754 576 542 2198 29178 28924 26563 17411 712 9152 8376
is_linear=0
shrinkage=0.05


Tree=124
num_leaves=15
num_cat=0
split_feature=4 6 5 3 8 3 5 3 0 0 6 7 7 5
split_gain=7.94966 6.00286 7.34031 8.77238 7.93752 12.7978 13.3601 7.93529 7.33137 6.75655 6.45805 6.07844 6.26064 5.96177
threshold=1.3911351842692319 83.500000000000014 1.0460253302007916 0.053890228271484382 71.542444808196308 0.076225280761718764 0.1852887570858002 0.74956417083740245 75.598064422607436 106.29524230957033 9.5000000000000018 0.84376341230301055 0.83068331733219203 1.0000000180025095e-35
decision_type=2 2 2 2 2 2 2 2 2 2 2 2 2 2
left_child=1 2 4 -4 7 -6 -7 8 13 -9 -11 12 -10 -1
right_child=-2 -3 3 -5 5 6 -8 9 11 10 -12 -13 -14 -15
leaf_value=-0.010605313798101451 -0.047032876036515278 0.039340282391683218 0.057385854546396567 -0.035676976147478313 -0.036328285051323149 -0.041753744528646185 0.058410011071941575 -0.036291070350714598 -0.0019605413034985203 -0.016561017951748108 0.11017394066807858 -0.043496393414322987 0.054352302270820045 0.020574896097472525
leaf_weight=19.322612249525264 8.637710238224825 10.185717142885549 2.8471313987392959 22.895506082568318 6.4801544237416264 3.9562090275576365 21.003119309898466 23.285048169782389 238.65921102126595 2.6064733888488254 1.6361905168741939 8.6293777788523567 5.0398757548537096 74.203452889574692
leaf_count=1548 1279 2224 170 1852 482 144 431 839 20732 203 18 1388 341 2637
internal_value=0.000471164 0.00140214 0.000504646 -0.0253842 0.00215092 0.0262788 0.0425334 0.000119307 0.00217573 -0.0257173 0.0323145 -0.00225626 -0.00079595 0.014133
internal_weight=449.388 440.75 430.564 25.7426 404.822 31.4395 24.9593 373.382 345.855 27.5277 4.24266 252.328 243.699 93.5261
internal_count=34288 33009 30785 2022 28763 1057 575 27706 26646 1060 221 22461 21073 4185
is_linear=0
shrinkage=0.05


Tree=125
num_leaves=15
num_cat=0
split_feature=2 8 2 0 2 8 1 1 7 8 7 7 8 4
split_gain=5.43018 5.84423 8.62672 8.74305 8.38127 11.4394 8.91668 7.407 8.0881 8.48488 11.3546 10.6274 17.3857 7.24094
threshold=0.16755320791616987 6.3079597006222246 1.1281769407652995 76.085128784179702 0.32601028748614719 6.4289122593568768 -0.70217173271201228 -0.42749171864751528 0.067059366092024217 16.805830564662134 0.31257251307131845 0.15316735622871527 7.8611328415323065 0.25411220317122141
decision_type=2 2 2 2 2 2 2 2 2 2 2 2 2 2
left_child=-1 2 -2 -4 5 -3 -7 -8 -9 11 -11 12 -10 -6
right_child=1 4 3 -5 13 6 7 8 9 10 -12 -13 -14 -15
leaf_value=0.048754391000791132 -0.025937737340985312 0.14701384021650671 0.069654106648593908 -0.050652630385818548 0.0048421243990204067 0.1090974993631251 -0.053337395575984783 -0.033049937703409381 0.20063160409588285 0.026489427069383866 0.12853750918375054 -0.010577746599442205 -0.019777621224729057 -0.0098513174260644806
leaf_weight=5.3199770930223158 44.823810948058963 1.7024459056556214 4.9838469098322085 2.1666903716977686 163.08238268783316 2.3865651891101143 4.1923129661008707 6.7804498574696472 1.6981692202389269 8.4864965958986414 4.0156654079910359 16.213087045354769 1.8909508837386964 172.57446686609183
leaf_count=133 4635 17 167 254 15958 74 253 170 27 212 48 786 57 11591
internal_value=-0.00145475 -0.00206881 -0.0178017 0.0331999 6.60699e-05 0.0197552 0.0150107 0.00982217 0.0165968 0.0270173 0.059267 0.00665633 0.0845076 -0.00271236
internal_weight=440.317 434.997 51.9743 7.15054 383.023 47.3661 45.6637 43.2771 39.0848 32.3044 12.5022 19.8022 3.58912 335.657
internal_count=34382 34249 5056 421 29193 1644 1627 1553 1300 1130 260 870 84 27549
is_linear=0
shrinkage=0.05


Tree=126
num_leaves=15
num_cat=0
split_feature=3 6 4 3 2 0 3 2 2 1 0 6 0 0
split_gain=7.79852 6.28891 14.279 11.3686 10.1853 10.526 10.0207 9.03997 17.2506 14.1392 18.7752 9.34846 9.33706 8.69971
threshold=0.99798965454101574 3.5000000000000004 0.024469296484843143 0.014400482177734377 1.3210992505805428 27.956548690795902 0.024995803833007816 2.2911722687442189 2.2467855369591638 0.37794493587416933 118.75304031372072 2.5000000000000004 117.51461410522462 178.5647888183594
decision_type=2 2 2 2 2 2 2 2 2 2 2 2 2 2
left_child=1 3 6 4 5 -1 -3 8 12 10 -10 -9 -6 -7
right_child=-2 2 -4 -5 7 13 -8 11 9 -11 -12 -13 -14 -15
leaf_value=0.28807078053409352 -0.034526279744552218 0.12636324866243476 0.0036156343431058926 -0.041359213476394104 0.036382113196573411 -0.015911220147391516 -0.036504526383400369 -0.044134839127005485 -0.05223647442344645 -0.050422115024619754 0.39247328690004685 0.14939428792505738 -0.025682373827890632 0.2332648695251415
leaf_weight=0.28835255652665992 16.036449802108109 3.9420185312628737 287.20498837274499 21.432068562600762 24.455993597861379 69.086533246096224 1.2419737409800289 7.7890641868580115 0.322942804545163 0.46132630202919234 0.89539041323587298 0.67834866675548244 8.0560683526564372 0.35207866365089913
leaf_count=3 1171 29 14503 3859 1085 10792 103 994 23 73 50 42 1400 35
internal_value=-0.000296698 0.000991223 0.00510011 -0.00798659 -0.00162242 -0.0133959 0.0873436 0.0176216 0.0290757 0.185327 0.274594 -0.0286307 0.0210033 -0.0146478
internal_weight=442.244 426.207 292.389 133.818 112.386 69.727 5.18399 42.6591 34.1917 1.67966 1.21833 8.46741 32.5121 69.4386
internal_count=34162 32991 14635 18356 14497 10830 132 3667 2631 146 73 1036 2485 10827
is_linear=0
shrinkage=0.05


Tree=127
num_leaves=15
num_cat=0
split_feature=1 2 0 0 6 7 3 5 3 2 0 2 6 0
split_gain=5.94528 6.51028 10.3371 6.29279 6.02714 6.6077 10.583 33.3295 9.73523 8.43642 9.24185 8.85069 12.8716 13.129
threshold=-0.55947840069571653 0.19371974998922253 45.776021957397468 40.762691497802741 39.500000000000007 0.413994690087713 0.18356323242187503 0.0045885443687438974 0.38672351837158209 2.1318981915490287 50.83526802062989 0.2731276451101306 5.5000000000000009 109.26585006713869
decision_type=2 2 2 2 2 2 2 2 2 2 2 2 2 2
left_child=-1 2 3 -2 5 6 -3 -8 9 10 -7 -12 13 -13
right_child=1 4 -4 -5 -6 8 7 -9 -10 -11 11 12 -14 -15
leaf_value=-0.015652488003693451 0.059799652899126116 -0.017939937074738586 -0.029318247978101949 0.19547920907517483 0.027225588436708865 -0.033366566698465217 0.079189884968170407 -0.0081938605761352219 -0.022122494395443018 -0.017456004034924553 0.062673177657367796 -0.01384674939954608 0.043128549654991688 0.033281370658305234
leaf_weight=60.000321780098602 4.1052218747790885 106.34777954081073 2.9402646506205201 1.0792518220841882 19.691646475519519 8.4306497715879214 13.061806151643394 66.301701695192605 25.447121902252547 21.064420519862324 11.384033148176966 40.577179726911709 29.774624314624816 23.24248904036358
leaf_count=6400 103 10557 85 12 3018 453 228 2129 1167 1774 484 4791 530 2399
internal_value=-0.00104331 0.00130388 0.0455718 0.0880441 0.000319371 -0.00121355 -0.00762892 0.00618793 0.00623643 0.0116029 0.0170003 0.0210452 0.0159819 0.00331684
internal_weight=433.449 373.448 8.12474 5.18447 365.323 345.632 185.711 79.3635 159.921 134.473 113.409 104.978 93.5943 63.8197
internal_count=34130 27730 200 115 27530 24512 12914 2357 11598 10431 8657 8204 7720 7190
is_linear=0
shrinkage=0.05


Tree=128
num_leaves=15
num_cat=0
split_feature=0 2 8 8 5 5 4 2 0 8 2 8 5 8
split_gain=6.05496 10.866 8.45604 6.13159 8.09131 6.44049 11.9649 9.39701 9.59442 9.47314 11.4127 13.6117 13.0057 10.762
threshold=126.9512405395508 0.98684412772771579 20.086430924444834 95.564097537272559 1.6071004718542101 0.75061712041497242 0.17499733410178073 1.3441589127527138 100.21817016601564 6.3079597006222246 0.40373106410943954 6.4289122593568768 0.12322646379470827 3.2768177988407499
decision_type=2 2 2 2 2 2 2 2 2 2 2 2 2 2
left_child=3 2 -2 5 -5 7 -7 8 9 13 11 -11 -12 -1
right_child=1 -3 -4 4 -6 6 -8 -9 -10 10 12 -13 -14 -15
leaf_value=0.0081788544421501977 -0.050254641689511728 -0.028878788511200543 0.054629195863309256 0.042790153115640335 -0.026062479970827598 0.022701243363428804 -0.040501277273789826 0.015282801374908089 -0.02015688117139176 0.14174381034768016 -0.041791803634033009 0.020901388623132851 0.0083042440392345051 -0.038837961159473071
leaf_weight=23.365347669227049 2.5560602787882072 40.767880377708934 7.7435037600807846 17.488050908898007 5.644056938472203 10.845129286171867 24.192561487201601 91.062967102276161 64.023520756396465 2.4321666345931581 17.193200531881303 55.646181358490139 52.568731198552996 25.403940485790372
leaf_count=1362 607 6930 512 1726 680 606 1143 4436 6322 37 2186 1912 2327 3514
internal_value=-0.00109697 -0.0172862 0.0286 0.00102361 0.0259906 -0.000551214 -0.0209384 0.00160232 -0.0035748 0.00243645 0.00958881 0.0259619 -0.00404219 -0.0163122
internal_weight=440.933 51.0674 10.2996 389.866 23.1321 366.734 35.0377 331.696 240.633 176.61 127.84 58.0783 69.7619 48.7693
internal_count=34300 8049 1119 26251 2406 23845 1749 22096 17660 11338 6462 1949 4513 4876
is_linear=0
shrinkage=0.05


Tree=129
num_leaves=15
num_cat=0
split_feature=1 4 6 5 1 0 0 2 2 5 2 0 0 7
split_gain=9.73814 6.6875 7.03159 7.61059 5.53168 5.31576 10.1619 9.29755 8.63144 6.28761 9.80987 13.0707 8.18148 10.3233
threshold=-0.70811975769026769 1.4583551057799591 39.500000000000007 1.7439908087253573 -0.70217173271201228 137.78449249267581 137.03838348388675 0.98684412772771579 2.0861375820332255 1.0110458955168726 1.0197411585145697 100.21817016601564 87.086166381835952 0.07415274535565701
decision_type=2 2 2 2 2 2 2 2 2 2 2 2 2 2
left_child=-1 2 4 -4 -2 6 9 -7 -8 10 11 12 -6 -14
right_child=1 -3 3 -5 5 7 8 -9 -10 -11 -12 -13 13 -15
leaf_value=-0.02621577919240033 0.069177504004803894 -0.047982349718313166 0.045377005362407533 -0.047351976286032028 -0.0045363946615579387 0.028189038179325301 0.16433298909614846 -0.039718755318028862 -0.052039009108473692 -0.027448311473719889 0.012931534282182817 -0.027149781216547503 -0.036809774790949178 0.033242017463399429
leaf_weight=35.523951403913088 2.907406903570517 6.8206108718877649 15.659025276312606 2.5768489607726215 103.35812325263396 6.8390555887017426 1.6986312589142465 19.165927883121185 0.63255665684118856 18.535681050620042 132.88769358256832 48.596565449377522 6.2439279286190859 33.346970004262403
leaf_count=3851 127 986 2518 562 5330 617 62 3950 50 1166 7281 4773 263 2643
internal_value=-0.00112935 0.00110265 0.00195573 0.0322738 0.000478291 -5.964e-05 0.00158215 -0.0218597 0.105621 0.000874984 0.00249316 -0.00474862 0.00286682 0.0221941
internal_weight=434.793 399.269 392.448 18.2359 374.213 371.305 345.3 26.005 2.33119 342.969 324.433 191.546 142.949 39.5909
internal_count=34179 30328 29342 3080 26262 26135 21568 4567 112 21456 20290 13009 8236 2906
is_linear=0
shrinkage=0.05


Tree=130
num_leaves=15
num_cat=0
split_feature=0 1 1 3 5 5 5 3 6 2 4 2 3 3
split_gain=8.11726 14.1902 20.5317 6.85765 9.32045 7.08297 7.92562 6.13575 5.88764 9.11247 8.26679 6.12698 9.54537 9.25371
threshold=120.80342483520509 0.83956657193573092 0.8438765636221478 0.1342124938964844 0.6207253746688367 0.26717881858348852 0.28202165663242346 1.4284400939941408 25.500000000000004 1.7541458776104035 0.70229885433799355 0.19371974998922253 1.0000000180025095e-35 0.072273254394531264
decision_type=2 2 2 2 2 2 2 2 2 2 2 2 2 2
left_child=7 3 -3 -2 5 -5 -7 8 11 -10 -11 12 -1 -14
right_child=1 2 -4 4 -6 6 -8 -9 9 10 -12 -13 13 -15
leaf_value=-0.018486037188332593 -0.029850850683392618 0.58326529858456311 0.0325729745114227 -0.0090857913441072333 -0.037113538386442102 0.21719432102842703 0.048730271507437452 -0.052393459567559642 0.048347049328901874 -0.03134637619874104 0.046415749428546399 0.00014976255882954959 0.15945493003364258 0.034177200393477547
leaf_weight=4.4742243909277004 44.954240502556786 0.23598474729806085 0.59857931197620928 5.1041948500787857 7.5241597020067266 0.8005307801067828 5.459949943004176 4.9944309821585184 17.426097630057484 9.959128210321067 5.2034699914511284 320.85250165581238 2.2138711768202484 4.4108769809827209
leaf_count=170 7996 13 77 350 838 18 260 474 2771 563 224 20488 23 66
internal_value=-0.000210038 -0.0165509 0.188289 -0.0192286 0.00605182 0.0346301 0.0702719 0.00265001 0.00340414 0.0236843 -0.00466013 0.00141317 0.0379363 0.0760428
internal_weight=434.212 64.6776 0.834564 63.8431 18.8888 11.3647 6.26048 369.535 364.54 32.5887 15.1626 331.951 11.099 6.62475
internal_count=34331 9552 90 9462 1466 628 278 24779 24305 3558 787 20747 259 89
is_linear=0
shrinkage=0.05


Tree=131
num_leaves=15
num_cat=0
split_feature=3 1 1 2 8 2 8 0 0 5 3 2 0 1
split_gain=6.30712 6.38557 9.49212 11.8458 15.9309 11.1692 17.0595 16.0763 8.16905 8.03045 10.3943 9.79773 8.00096 7.76531
threshold=1.4284400939941408 0.81830359667481178 0.41855684098848628 0.2731276451101306 6.7760446300656545 2.1751333049019546 6.9730792151347272 92.676067352294936 54.24882888793946 0.0018313229084014895 0.011845588684082033 0.54640537289964752 43.194660186767585 0.50067751337565414
decision_type=2 2 2 2 2 2 2 2 2 2 2 2 2 2
left_child=1 2 9 8 -5 6 7 -6 12 -1 11 -11 -4 -10
right_child=-2 -3 3 4 5 -7 -8 -9 13 10 -12 -13 -14 -15
leaf_value=-0.014112637492065351 -0.052393804703332381 -0.026946115635225445 0.067088166950631842 -0.044281954278155587 0.08641629341297101 -0.025139853157342969 0.022250008689490557 0.63218656647533855 0.13946855212099182 0.36722478042565543 0.00094326079319836855 0.043247185513570957 -0.047378429546198357 0.044289140319847847
leaf_weight=91.776259188191034 5.4859927798388517 18.774219149490818 3.2222024952061465 12.295375881949438 0.3496497361920764 13.499574367539024 71.336782988510095 0.21971845114603639 3.9930198108777386 0.23832470551133056 190.53880405705422 11.213350473437457 2.9010338634252548 4.6251662080176175
leaf_count=13815 579 2034 60 1398 32 1343 4737 35 71 15 9484 349 98 172
internal_value=0.000874988 0.00156262 0.00288024 0.0152344 0.00893052 0.0165912 0.0244258 0.297028 0.0570142 -0.00184845 0.0037239 0.0499896 0.0128568 0.0883881
internal_weight=430.469 424.983 406.209 112.443 97.7011 85.4057 71.9062 0.569368 14.7414 293.767 201.99 11.4517 6.12324 8.61819
internal_count=34222 33643 31609 7946 7545 6147 4804 67 401 23663 9848 364 158 243
is_linear=0
shrinkage=0.05


Tree=132
num_leaves=15
num_cat=0
split_feature=3 0 7 1 1 7 3 5 4 2 7 0 3 0
split_gain=5.58809 6.06023 6.12483 5.59948 4.62094 8.8335 7.77688 18.0683 9.51733 11.8352 14.1483 10.3913 9.98376 12.8555
threshold=1.4284400939941408 27.956548690795902 0.84376341230301055 0.91995608969137332 0.41855684098848628 0.41973420907714548 0.26821899414062506 0.0083237886428833025 0.1979121975128342 1.4282884291777409 0.78883377807001176 84.209491729736342 0.0048103332519531259 123.11297988891603
decision_type=2 2 2 2 2 2 2 2 2 2 2 2 2 2
left_child=1 -1 4 -4 6 -6 8 -8 9 -3 11 -11 13 -12
right_child=-2 2 3 -5 5 -7 7 -9 -10 10 12 -13 -14 -15
leaf_value=0.05777257231698494 -0.052220348171317432 -0.01241852681426882 -0.035202472704542596 0.050962194324506771 0.10603410210643632 0.0077907919792316056 0.053244580971631039 -0.0011236741249954427 -0.020770981453001856 0.060809987201986604 0.4116455284162841 -9.2348893125448168e-05 0.074394969812786454 -0.050155572970524837
leaf_weight=4.5844652564264825 5.0676621607271946 59.05601405678317 18.670600232202563 2.0973144881427279 2.3352233164478085 113.28230774227995 18.856740319402888 80.599211155204102 82.607532299007289 9.1049370337277633 0.54100801609456484 30.352864493150264 2.4385609952732921 0.20889031188562512
leaf_count=807 568 8128 2578 110 34 8210 402 3811 6775 352 66 2238 32 70
internal_value=-2.61493e-05 0.000596597 -2.72767e-05 -0.0265009 0.00134935 0.00977509 -0.00208364 0.00918449 -0.00816406 0.00207589 0.0221476 0.0139609 0.123459 0.283007
internal_weight=429.803 424.736 420.151 20.7679 399.383 115.618 283.766 99.456 184.31 101.702 42.6463 39.4578 3.18846 0.749898
internal_count=34181 33613 32806 2688 30118 8244 21874 4213 17661 10886 2758 2590 168 136
is_linear=0
shrinkage=0.05


Tree=133
num_leaves=15
num_cat=0
split_feature=3 6 2 8 5 3 2 0 8 5 0 2 7 7
split_gain=5.31512 6.57665 10.2177 7.60011 5.06095 9.0743 7.15465 21.1808 10.484 17.8491 8.31957 8.60677 9.34511 8.18027
threshold=1.4284400939941408 29.500000000000004 1.9305753936577277 164.75756377138075 1.0110458955168726 0.061891555786132819 1.4282884291777409 137.78449249267581 57.418452205627112 0.2363062631338835 178.5647888183594 0.45259741245085433 0.79445994215076599 0.070196782492656026
decision_type=2 2 2 2 2 2 2 2 2 2 2 2 2 2
left_child=1 4 -3 -4 6 -6 10 8 -8 -10 11 12 13 -1
right_child=-2 2 3 -5 5 -7 7 -9 9 -11 -12 -13 -14 -15
leaf_value=-0.029857102273055377 -0.051906362333726086 0.051634995763558234 -0.040518743743985904 0.040155249607078912 0.057143650358935684 -0.042524334861224956 0.0113077462521194 -0.050822654220622855 -0.040700211110220597 0.092149847394714032 0.1043349699913287 -0.014056677898717907 -0.034131194069248284 0.014588217448184494
leaf_weight=11.680450619431211 4.974143872910644 14.942687277914958 7.6641275649890286 4.7156694293953478 2.6875157980248359 15.199361486127598 90.423582668066956 12.76544464251492 3.3799540124600744 10.03432390000671 1.7293678490677837 140.05581458995584 13.910688168834893 91.078434675931931
leaf_count=396 597 2723 557 78 152 1294 5414 3471 508 89 101 12515 1646 4828
internal_value=-0.000524199 8.39427e-05 0.023804 -0.00978869 -0.00156537 -0.0275492 -0.000326182 0.0099552 0.017427 0.058676 -0.00496469 -0.00570096 0.00432966 0.00953618
internal_weight=425.242 420.267 27.3225 12.3798 392.945 17.8869 375.058 116.603 103.838 13.4143 258.455 256.725 116.67 102.759
internal_count=34369 33772 3358 635 30414 1446 28968 9482 6011 597 19486 19385 6870 5224
is_linear=0
shrinkage=0.05


Tree=134
num_leaves=15
num_cat=0
split_feature=1 2 8 3 1 3 5 5 1 5 3 3 5 8
split_gain=5.57263 6.85785 7.83046 15.1146 7.84295 13.6978 25.2352 10.7763 8.13653 7.76607 7.38118 8.28122 16.9539 9.74166
threshold=-0.48289269158319192 0.16755320791616987 17.901527187606089 0.083835601806640639 0.50615085742125432 0.18356323242187503 0.0066341161727905282 0.17079113423824313 -0.18925456013718236 0.80175916850566875 0.37795257568359381 0.059028625488281257 0.0010355114936828615 37.45128992292512
decision_type=2 2 2 2 2 2 2 2 2 2 2 2 2 2
left_child=-1 -2 3 -3 5 7 -7 -4 -8 10 11 -6 -13 -14
right_child=1 2 4 -5 9 6 8 -9 -10 -11 -12 12 13 -15
leaf_value=-0.012767738800817344 0.06846619561249126 0.0019356938185185312 -0.034934507376380541 -0.034470737524792149 0.023959632311483646 0.07317726978769204 0.034520998755963671 0.0052234091940059615 -0.0050585343147342499 -0.0039940788431318749 -0.012327960811278226 0.35965179339386566 0.02497286451005298 0.12280009641818863
leaf_weight=76.600681562093087 3.8515378711745134 114.8902127094334 32.081729310564697 37.917907635448501 9.639179011806851 15.817833613837136 16.678618003265001 34.856531773461029 58.63165710773319 12.226827200851401 4.6332304985262445 0.54447929561138053 5.1533009211998415 5.0274552258197218
leaf_count=7645 96 11819 4321 2393 768 213 1132 1502 2842 875 203 44 282 111
internal_value=-0.00054628 0.00211367 0.00137952 -0.00709822 0.00801305 0.0031505 0.0157655 -0.0140232 0.00370696 0.0286609 0.044633 0.0575926 0.0878198 0.0732819
internal_weight=428.551 351.951 348.099 152.808 195.291 158.066 91.1281 66.9383 75.3103 37.2245 24.9976 20.3644 10.7252 10.1808
internal_count=34246 26601 26505 14212 12293 10010 4187 5823 3974 2283 1408 1205 437 393
is_linear=0
shrinkage=0.05


Tree=135
num_leaves=15
num_cat=0
split_feature=3 6 1 0 0 7 3 5 7 5 5 3 6 8
split_gain=5.55688 4.56282 4.18485 4.73001 11.4185 9.89014 6.19012 14.8049 14.6847 12.679 8.86559 8.26688 6.53912 6.32674
threshold=0.99798965454101574 72.500000000000014 -0.70811975769026769 95.405593872070327 95.066478729248061 0.24613264994403758 0.17778587341308597 0.0045885443687438974 0.30403416069749889 0.1852887570858002 0.87442480772733699 0.47243881225585943 5.5000000000000009 17.197493727935996
decision_type=2 2 2 2 2 2 2 2 2 2 2 2 2 2
left_child=1 2 -1 4 -4 -6 8 13 -5 -9 11 -11 -13 -8
right_child=-2 -3 3 6 5 -7 7 9 -10 10 -12 12 -14 -15
leaf_value=-0.016700338474915925 -0.030893436080317378 0.037799482438499912 0.0064189757961011455 -0.031366631332232935 0.17236398368995129 -0.025423327570330279 -0.051027090804782162 -0.049280978627848734 0.0027209947401609317 0.0043937704356486586 -0.025252338781819601 -0.050498619834745989 0.074580310399049082 0.071255019782649781
leaf_weight=33.078160012490116 14.04674872610485 8.2937737249303591 160.99551999056712 48.354587238049135 1.9182104022474953 0.94263542070984829 1.1708233910612751 11.092959141358731 91.154221945907921 16.026128156576309 11.529274908709338 1.1722297416999925 9.6229975130408985 10.955347030190749
leaf_count=3754 1188 2215 9134 6462 23 109 95 367 9219 503 718 158 134 171
internal_value=2.49909e-05 0.0010939 0.000329027 0.00187259 0.00817845 0.107194 -0.00326598 0.00993949 -0.00909398 -0.00220267 0.0114148 0.0271763 0.0609983 0.0594483
internal_weight=420.354 406.307 398.013 364.935 163.856 2.86085 201.079 61.5698 139.509 49.4436 38.3506 26.8214 10.7952 12.1262
internal_count=34250 33062 30847 27093 9266 132 17827 2146 15681 1880 1513 795 292 266
is_linear=0
shrinkage=0.05


Tree=136
num_leaves=15
num_cat=0
split_feature=6 4 3 5 3 4 0 4 8 5 8 5 7 0
split_gain=5.06316 9.16061 6.80162 9.19798 8.10578 6.26688 5.92676 13.7478 6.84061 9.30593 6.20964 10.8919 10.2917 6.19074
threshold=9.5000000000000018 0.32394748506411636 0.59744834899902355 0.63232623040676128 0.1024141311645508 0.71170236995465874 106.53853225708009 1.0297382742193013 54.564784865677915 0.37300592660903936 164.75756377138075 0.52439585328102123 0.51151568012397919 106.29524230957033
decision_type=2 2 2 2 2 2 2 2 2 2 2 2 2 2
left_child=5 2 3 -2 -5 -1 10 8 -8 -10 11 12 13 -3
right_child=1 6 -4 4 -6 -7 7 -9 9 -11 -12 -13 -14 -15
leaf_value=-0.0028507876430644953 0.075427833413252432 -0.0085000166761883354 -0.04792211325657425 0.04597106203808729 -0.024905023011753048 -0.044346262826664387 -0.055657417858379521 -0.025200122262451347 0.084556257343245983 0.019486430214182088 0.053447054269309048 -0.036579827720331103 0.054926855292071225 0.11170827558958583
leaf_weight=265.39203389541944 10.664490988012409 47.148329072631896 2.4394320863066232 9.4930617192294466 7.0149323288351288 9.4219504198408668 1.742747696815061 12.264062741771339 9.5636881673708576 12.914429713157004 4.1610531875630832 25.091248513082974 8.1661958664190006 1.0959560722112645
leaf_count=25601 282 1404 122 455 251 1636 62 1079 83 478 939 1690 218 5
internal_value=-0.000225434 0.00710492 0.0320545 0.0392345 0.0158529 -0.00427345 0.00105647 0.0179327 0.0397727 0.0471715 -0.00613135 -0.00917311 0.00301733 -0.00576927
internal_weight=426.574 151.76 29.6119 27.1725 16.508 274.814 122.148 36.4849 24.2209 22.4781 85.6628 81.5017 56.4105 48.2443
internal_count=34305 7068 1110 988 706 27237 5958 1702 623 561 4256 3317 1627 1409
is_linear=0
shrinkage=0.05


Tree=137
num_leaves=15
num_cat=0
split_feature=7 0 1 7 1 7 8 8 5 5 8 0 0 3
split_gain=5.43253 12.9491 5.97403 7.74096 7.48182 7.46872 10.7651 6.82982 10.994 10.6475 7.90554 6.11695 31.9795 6.00598
threshold=0.60910724388582616 44.418308258056648 0.41855684098848628 0.41973420907714548 0.37794493587416933 0.6038419151205292 8.7645515660466859 32.15774729465813 0.0016853213310241701 1.0110458955168726 178.9403846034796 157.17142486572268 159.37799072265628 0.012794494628906252
decision_type=2 2 2 2 2 2 2 2 2 2 2 2 2 2
left_child=1 -1 4 -4 7 11 -7 13 -9 -10 -11 -5 -13 -3
right_child=-2 2 3 5 -6 6 -8 8 9 10 -12 12 -14 -15
leaf_value=0.05310790880353812 -0.0082277278199562182 0.0061405526231986599 0.099652767248406382 0.0069354471399791272 -0.042391467130062872 -0.050789985070221144 0.32531589940328198 -0.035200880729986582 0.025029780227318967 -0.054748046712081402 0.02872663910828599 0.43241509311000154 -0.051974548620050437 -0.016114738538269665
leaf_weight=12.90540473279543 127.47281886683777 50.839746392332017 2.7069836617447427 45.819062120164745 10.69758546509547 0.32967311330139537 0.44988323608413339 11.387762948521411 68.24959167803172 8.0395437541301344 4.382528544520027 0.50919128826353599 1.0299728498794136 75.090003448305652
leaf_count=1735 12280 6143 37 2982 650 32 34 2812 1898 919 317 31 186 4334
internal_value=0.000386183 0.00414097 0.00188027 0.0173822 -0.00156633 0.0127558 0.166261 0.00043712 0.0107882 0.0172801 -0.025298 0.010229 0.108273 -0.00712994
internal_weight=419.91 292.437 279.532 50.8448 228.687 48.1378 0.779556 217.989 92.0594 80.6717 12.4221 47.3582 1.53916 125.93
internal_count=34390 22110 20375 3302 17073 3265 66 16423 5946 3134 1236 3199 217 10477
is_linear=0
shrinkage=0.05


Tree=138
num_leaves=15
num_cat=0
split_feature=4 6 5 4 0 4 6 2 4 5 2 5 4 4
split_gain=4.43608 4.87194 6.64142 9.38352 8.25462 10.915 10.8655 12.0297 6.60225 15.2985 10.4361 11.5868 8.59717 8.33908
threshold=1.4747630413363322 9.5000000000000018 1.0460253302007916 0.3516718197997068 106.53853225708009 1.0173889721534193 22.500000000000004 0.45259741245085433 0.19685131953716958 0.014765381813049318 0.68264489804661577 0.00013427436351776126 0.18994234496533166 0.25135020826680415
decision_type=2 2 2 2 2 2 2 2 2 2 2 2 2 2
left_child=1 8 3 -3 6 -6 7 -5 12 10 11 -10 -1 -13
right_child=-2 2 -4 4 5 -7 -8 -9 9 -11 -12 13 -14 -15
leaf_value=-0.00037350217672589775 -0.048640584782952474 0.040789291997832391 -0.0166357072654226 0.018400764343566373 0.048686018645676621 -0.019696284430718268 0.036578470644291677 -0.03171141232318108 0.10540524971925672 -0.04048632091870924 -0.027299478257680698 -0.052184297979850941 0.059891957520596978 0.022221482427369179
leaf_weight=186.83756324311253 4.6783749035676001 23.742149490863085 23.06461280368967 18.402982481988147 19.643392236903313 8.3016888210549933 13.160817761672659 34.291332789929584 3.5754095925949541 34.975214278732892 17.886429934878834 4.5388914251234409 6.1113447484094641 22.105566903715953
leaf_count=19425 870 690 2431 262 234 578 1816 403 61 3099 3531 188 230 559
internal_value=-0.000223642 0.000320027 0.00789563 0.0127093 0.00560181 0.0283716 -0.00406035 -0.0142102 -0.0035389 -0.0153233 0.00297126 0.0208878 0.00153531 0.00954644
internal_weight=421.316 416.637 140.607 117.542 93.8002 27.9451 65.8551 52.6943 276.03 83.0815 48.1063 30.2199 192.949 26.6445
internal_count=34377 33507 6414 3983 3293 812 2481 665 27093 7438 4339 808 19655 747
is_linear=0
shrinkage=0.05


Tree=139
num_leaves=15
num_cat=0
split_feature=3 7 0 3 1 7 2 0 0 1 1 7 5 4
split_gain=5.00207 4.52371 15.4704 11.436 6.93219 7.74804 19.5555 6.54098 13.3347 6.38174 6.17559 6.17089 13.8989 12.5564
threshold=1.4284400939941408 0.60910724388582616 43.194660186767585 1.0000000180025095e-35 0.41855684098848628 0.6038419151205292 1.5097778431775311 137.78449249267581 137.03838348388675 0.37062019383853317 -0.19763732899696665 0.43574303564516781 1.0000000180025095e-35 0.19508736969018733
decision_type=2 2 2 2 2 2 2 2 2 2 2 2 2 2
left_child=1 2 3 -1 7 11 -7 8 9 -4 -10 -6 -13 -14
right_child=-2 -3 4 -5 5 6 -8 -9 10 -11 -12 12 13 -15
leaf_value=0.43731512105364656 -0.051760492594073428 -0.0063345566055678388 0.0025394080401275618 0.057821805884251315 0.054707066759129321 0.030162257400383342 0.5189078335569588 -0.029889926295227239 0.32552021963867045 -0.037895045443114672 0.08931911604823467 -0.037763707599627654 0.086753035801547071 0.0085466239159067529
leaf_weight=0.20252351462840934 4.4533144080196498 127.20077685057186 197.71619737555739 10.044453341746701 8.7598882757592929 0.82847070693969616 0.27181420940905809 17.963984120928217 0.39480208698660135 10.264978062128646 0.92530259385239222 11.579257204663007 6.7535506545100388 21.380739486659877
leaf_count=2 585 12115 12635 1627 315 56 19 3513 16 629 50 1400 391 1081
internal_value=0.00094811 0.00151469 0.0049925 0.0653222 0.00275945 0.0197002 0.150902 -0.000935861 0.00154922 0.000543753 0.159959 0.0167221 0.00834346 0.0273198
internal_weight=418.74 414.287 287.086 10.247 276.839 49.5737 1.10028 227.265 209.301 207.981 1.3201 48.4734 39.7135 28.1343
internal_count=34434 33849 21734 1629 20105 3262 75 16843 13330 13264 66 3187 2872 1472
is_linear=0
shrinkage=0.05


Tree=140
num_leaves=15
num_cat=0
split_feature=1 7 2 2 0 4 5 0 0 2 7 0 7 4
split_gain=5.63138 7.99438 7.24337 7.1805 5.08783 4.61878 4.35884 4.32998 13.2107 15.5556 6.63338 13.6644 5.03544 4.97979
threshold=0.91064254490871099 0.84376341230301055 0.41371398353154126 0.4759155552171484 29.35390663146973 1.4747630413363322 0.65956515818834316 64.911369323730483 61.501644134521491 0.28626934596289916 0.59445716120019487 44.418308258056648 0.66166087124292816 0.21409891184457944
decision_type=2 2 2 2 2 2 2 2 2 2 2 2 2 2
left_child=1 5 4 -4 -2 7 -3 8 10 12 11 -1 -10 -12
right_child=2 6 3 -5 -6 -7 -8 -9 9 -11 13 -13 -14 -15
leaf_value=0.061780686568920912 0.24557773128936178 -0.044396189584952846 0.26930087492439092 0.063301504602546563 -0.05046643635780871 -0.048631452154745382 0.031243223624061057 -0.0010843263013468904 0.15480627769595684 0.0090797465824617677 -0.041494137677230904 -0.010948365668095377 0.065480561465182371 0.011594603564541792
leaf_weight=10.300825247773902 0.16214793920516912 14.657259579282256 0.60085487132892046 1.4292873986996708 1.3828693064860997 4.7046320819063103 2.1891125584370448 324.98971774394158 3.4353787973523131 8.0324067062465456 12.127398896031083 17.31271265092073 2.9176169680431485 6.9478147455374701
leaf_count=1694 1 2309 11 47 193 926 144 26254 40 386 568 1188 21 478
internal_value=-0.000294794 -0.000842792 0.0621841 0.12427 -0.0193969 0.000611096 -0.0345672 0.00121117 0.0134261 0.0553198 0.000518055 0.0161821 0.113783 -0.0221575
internal_weight=411.19 407.615 3.57516 2.03014 1.54502 390.769 16.8464 386.064 61.0742 14.3854 46.6888 27.6135 6.353 19.0752
internal_count=34260 34008 252 58 194 31555 2453 30629 4375 447 3928 2882 61 1046
is_linear=0
shrinkage=0.05


Tree=141
num_leaves=15
num_cat=0
split_feature=3 0 6 4 3 3 5 8 3 3 4 3 4 8
split_gain=5.1072 7.84532 6.13122 8.49485 8.14784 7.66824 13.3809 19.8047 14.7539 11.1388 6.79896 7.06136 6.61088 7.13136
threshold=0.73725605010986339 106.29524230957033 5.5000000000000009 0.93649080101824811 0.22476959228515628 0.013401031494140627 1.0000000180025095e-35 9.3136404715009302 0.0011482238769531252 0.59323120117187511 0.08817398448222856 0.010856628417968752 0.059598521673630618 13.407445070444224
decision_type=2 2 2 2 2 2 2 2 2 2 2 2 2 2
left_child=2 -2 5 -4 -5 6 -1 8 -8 -7 -10 -12 13 -9
right_child=1 -3 3 4 -6 9 7 12 10 -11 11 -13 -14 -15
leaf_value=-0.0058696520552949686 -0.03207785610913054 0.021714807650106308 0.012305383168311639 -0.048648037218411294 0.0044534898187346961 -0.025684753400574124 0.22259276850503498 -0.028977515369847974 0.096599112691097139 0.043370603084777332 -0.043226746662818526 0.19028613875277242 -0.021938193008401149 0.10558475209607919
leaf_weight=98.61234893288929 27.026841024577152 9.0469196687336062 154.85687425744254 12.010316188272556 18.126257371623069 59.755176592734642 1.7919063847512022 1.6163683529011894 4.8398070931434631 6.472091914038173 2.0339768864214425 0.38503358513116825 10.214197637164032 2.5191739429719746
leaf_count=13646 1982 638 5776 2097 861 7812 22 48 138 234 142 22 738 42
internal_value=-0.000622055 -0.0185872 0.00111431 0.00757875 -0.016709 -0.00523863 0.00219631 0.0361872 0.0941064 -0.0189363 0.0623883 -0.00605853 -0.000343771 0.0529914
internal_weight=409.307 36.0738 373.234 184.993 30.1366 188.24 122.013 23.4005 9.05072 66.2273 7.25882 2.41901 14.3497 4.13554
internal_count=34198 2620 31578 8734 2958 22844 14798 1152 324 8046 302 164 828 90
is_linear=0
shrinkage=0.05


Tree=142
num_leaves=15
num_cat=0
split_feature=3 3 4 7 0 1 3 0 7 3 3 6 7 3
split_gain=5.28258 7.0156 7.64762 6.15815 5.60659 5.13869 6.48027 6.4738 9.72338 7.71997 17.7909 7.08605 10.105 5.99825
threshold=0.74956417083740245 0.6079845428466798 0.62813445320404337 0.15025983845301286 106.29524230957033 -0.70811975769026769 0.59323120117187511 95.405593872070327 0.15316735622871527 1.0000000180025095e-35 0.0038375854492187504 3.5000000000000004 0.6645770981568021 0.029396057128906253
decision_type=2 2 2 2 2 2 2 2 2 2 2 2 2 2
left_child=1 3 -3 -1 -2 -5 7 8 -7 -10 11 12 -11 -12
right_child=4 2 -4 5 -6 6 -8 -9 9 10 13 -13 -14 -15
leaf_value=-0.016251920110691206 -0.030389339064519356 -0.00066188606496020257 0.064714959290795612 -0.017364575905041615 0.016809188871275426 0.11647283444453399 0.055589572504714496 -0.0045068504519677997 -0.011305089581330668 0.24917273226596351 0.036303115370339582 0.050587508664415706 0.048710636748964697 0.004013387125050674
leaf_weight=56.605437541962601 27.716591469128616 9.2517769760452229 8.6605436240788531 31.609783175517805 8.139680107473394 2.1530923892278215 5.9393541716272003 141.85157267871546 33.119958324590698 1.4906543279066675 18.527097081881948 2.8880685865879059 1.0871255113743243 64.293472033576109
leaf_count=5199 1949 499 417 3732 619 32 119 13262 3787 13 842 42 57 3829
internal_value=-0.0013346 0.000407525 0.0309476 -0.00111388 -0.0196749 0.00171453 0.00393707 0.0027812 0.0111482 0.0092803 0.0170027 0.104373 0.164632 0.0112367
internal_weight=413.334 377.478 17.9123 359.566 35.8563 302.96 271.35 265.411 123.559 121.406 88.2864 5.46585 2.57778 82.8206
internal_count=34398 31830 916 30914 2568 25715 21983 21864 8602 8570 4783 112 70 4671
is_linear=0
shrinkage=0.05


Tree=143
num_leaves=15
num_cat=0
split_feature=1 3 2 7 0 6 0 2 7 1 8 2 3 0
split_gain=4.86756 8.07641 12.7748 7.94718 7.44553 6.13373 13.2612 13.3823 15.8396 8.45481 12.6505 8.07494 5.442 9.0255
threshold=0.41855684098848628 0.32404899597167974 2.1751333049019546 0.61298649951168771 133.61271667480472 2.5000000000000004 41.769428253173835 1.9707727441949536 0.43574303564516781 0.56914061684585737 9.9303842110904181 0.2731276451101306 0.26821899414062506 106.29524230957033
decision_type=2 2 2 2 2 2 2 2 2 2 2 2 2 2
left_child=12 2 3 5 -3 6 -2 8 -8 11 -11 -7 -1 -14
right_child=1 4 -4 -5 -6 9 7 -9 -10 10 -12 -13 13 -15
leaf_value=-0.008583479842641106 0.28920418914291396 -0.02612146646740638 -0.035272583757751191 0.007925170597843539 0.11302695612712038 0.11115574144746097 0.067526130171746065 0.21343839263166947 -0.036964527417102766 0.41269475447860399 0.093602950160539433 0.025096639578961778 -0.0042027783464634637 0.02859662884350311
leaf_weight=179.27627330902033 0.42899367213249462 20.656333486840598 11.857461752137167 58.416058322414756 1.0082692241994653 3.3155020435806426 5.4636315267998787 0.75547045329585572 10.788291274802758 0.34166890056803767 3.4170574981253594 15.323674240731632 66.760755548719317 30.581565862230491
leaf_count=18932 3 1388 1207 5103 77 41 162 45 1419 27 121 666 3825 1257
internal_value=0.000351783 0.00826068 0.0137515 0.019668 -0.0196455 0.0368885 0.0146514 0.00772606 -0.00183647 0.0541998 0.122608 0.0404047 -0.00341577 0.00610165
internal_weight=408.391 131.772 110.108 98.2503 21.6646 39.8343 17.4364 17.0074 16.2519 22.3979 3.75873 18.6392 276.619 97.3423
internal_count=34273 10259 8794 7587 1465 2484 1629 1626 1581 855 148 707 24014 5082
is_linear=0
shrinkage=0.05


Tree=144
num_leaves=15
num_cat=0
split_feature=1 8 1 8 8 2 6 3 5 1 5 2 3 0
split_gain=5.61133 5.09635 14.9134 10.7094 6.54872 7.87878 4.88367 6.69272 7.07655 9.75304 13.9916 13.7333 6.98391 6.79036
threshold=-0.52273327247767065 3.2768177988407499 -0.50663463049649249 6.3079597006222246 6.4289122593568768 0.26209869075954478 5.5000000000000009 0.014987945556640627 0.0066341161727905282 0.42461737274161154 0.0031913518905639653 0.2731276451101306 0.59323120117187511 87.993278503417983
decision_type=2 2 2 2 2 2 2 2 2 2 2 2 2 2
left_child=-1 2 -2 -3 5 -5 7 13 9 12 11 -11 -9 -6
right_child=1 3 -4 4 6 -7 -8 8 -10 10 -12 -13 -14 -15
leaf_value=-0.013758739930255349 0.27132000020624786 -0.033483089138098845 0.019490957326420616 0.12031759687653219 0.055987844136113275 -0.02592832884194908 0.0077404491242174869 -0.038825908165950385 -0.041649666103029587 0.19453987584476029 0.28093568196415081 -0.0086652408470925518 0.046473750756677687 -0.0006580665706186049
leaf_weight=62.95669321634341 0.60688525438308971 21.072494727093726 18.793365604011342 2.5308372154831882 5.7101325802505007 1.4477620816323904 180.32193779968657 12.507113059982659 21.199915471603163 1.0094060469418753 0.60002810810692597 4.7167645660229027 2.9693259727209798 71.987371451337822
leaf_count=7047 5 2722 933 12 86 95 9281 1954 2664 8 37 690 58 8671
internal_value=-3.00131e-05 0.00247182 0.0273688 0.000990532 0.00337231 0.0671005 0.00253002 -0.00525419 -0.0210803 -0.00107956 0.0512262 0.0271556 -0.0224602 0.00350495
internal_weight=408.43 345.473 19.4003 326.073 305.001 3.9786 301.022 120.7 43.0026 21.8026 6.3262 5.72617 15.4764 77.6975
internal_count=34263 27216 938 26278 23556 107 23449 14168 5411 2747 735 698 2012 8757
is_linear=0
shrinkage=0.05


Tree=145
num_leaves=15
num_cat=0
split_feature=7 7 7 0 1 8 2 6 1 2 2 2 8 7
split_gain=3.52257 5.59536 5.23673 14.011 8.65847 11.529 7.4353 6.79641 6.1064 5.13244 4.33365 4.19667 5.19275 4.06544
threshold=0.92366396713575927 0.84376341230301055 0.81323131255736103 100.21817016601564 0.83956657193573092 8.2313005455678674 1.9957091434121181 7.5000000000000009 -0.70811975769026769 0.89638488224897728 0.41371398353154126 0.4759155552171484 13.708120306000803 0.15025983845301286
decision_type=2 2 2 2 2 2 2 2 2 2 2 2 2 2
left_child=1 2 8 7 5 -5 -7 -4 11 -9 -2 12 -1 -10
right_child=10 -3 3 4 -6 6 -8 9 13 -11 -12 -13 -14 -15
leaf_value=-0.022087929085516766 -0.017812754921239699 -0.028714634731891939 -0.051205680230823142 0.17114804517098536 0.29704040660809655 -0.050619950475630095 0.073764164784200434 0.17264912961673121 -0.0094130340466531976 -0.0033465164333598475 0.093672362755602173 -0.037911857703008478 0.12100669689376907 0.0042512368729223909
leaf_weight=1.7782564209774165 1.443049251334741 16.116163464670535 4.9358191809151304 1.8791143775451926 0.42785792844369996 1.9447427297709508 3.1435200831620023 0.66606386099010695 67.07135166763328 1.0957042400259522 2.2015482890419662 15.628457727725616 0.98528548446483899 288.91906251432374
leaf_count=312 212 2460 555 24 24 399 115 9 5891 58 42 1839 23 22309
internal_value=0.000594836 0.000154017 0.00135165 0.0312727 0.0787175 0.0653105 0.0262243 -0.0211141 0.000225338 0.0631914 0.0495307 -0.0278684 0.0289296 0.00167678
internal_weight=408.236 404.591 388.475 14.0928 7.39524 6.96738 5.08826 6.69759 374.382 1.76177 3.6446 18.392 2.76354 355.99
internal_count=34272 34018 31558 1184 562 538 514 622 30374 67 254 2174 335 28200
is_linear=0
shrinkage=0.05


Tree=146
num_leaves=15
num_cat=0
split_feature=7 7 0 8 2 4 8 8 4 8 5 8 5 0
split_gain=4.54403 6.27534 6.83941 6.6122 12.4485 14.8338 15.5318 8.62646 9.49651 6.85988 6.3768 6.09235 6.10281 5.85345
threshold=0.18962800261792581 0.59445716120019487 41.769428253173835 9.672211468381926 0.41371398353154126 0.2596613603224236 66.700901428593724 32.888658178307004 0.19508736969018733 16.572804173259069 0.69306665658950817 23.990506933618658 0.00094884634017944347 99.867256164550795
decision_type=2 2 2 2 2 2 2 2 2 2 2 2 2 2
left_child=-1 2 -2 -4 9 7 -7 8 13 -5 -8 12 -11 -6
right_child=1 -3 3 4 5 6 10 -9 -10 11 -12 -13 -14 -15
leaf_value=-0.010390549508912644 0.055771104941934671 -0.0061792213020507667 -0.01060526054171978 0.0096334654837418373 0.061560551830170944 -0.028408888574970988 0.048135872119576588 0.072186116019035046 -0.042966555455615424 0.20690906960033162 -0.001957846202131588 0.044911742417210083 0.077883962698614154 0.014711988171018651
leaf_weight=88.722787290636916 7.2393786008469752 128.23197276401334 44.366010900703259 8.1200052325148153 8.7650395394302887 42.91769899049541 11.634496299608147 8.3235692630987597 5.7939120010705656 1.3035023801494379 13.994691594620233 9.4500049869529885 3.0866946168243885 27.860695501789451
leaf_count=7450 989 12792 4389 369 354 2775 568 234 743 41 1053 149 55 2517
internal_value=-0.000374576 0.00239303 0.00809282 0.00623328 0.0115222 0.0051535 -0.0100166 0.0256462 0.0165141 0.0461175 0.0207824 0.0675226 0.116193 0.0259235
internal_weight=409.81 321.088 192.856 185.616 141.25 119.29 68.5469 50.7432 42.4196 21.9602 25.6292 13.8402 4.3902 36.6257
internal_count=34478 27028 14236 13247 8858 8244 4396 3848 3614 614 1621 245 96 2871
is_linear=0
shrinkage=0.05


Tree=147
num_leaves=15
num_cat=0
split_feature=4 6 2 0 5 3 2 0 2 0 4 7 6 3
split_gain=4.49353 4.77046 6.73292 6.33885 4.63016 9.67815 6.12313 10.1901 8.93266 11.0783 8.87711 13.8803 12.1298 9.47045
threshold=1.4747630413363322 29.500000000000004 1.9305753936577277 87.570789337158217 0.87442480772733699 0.066116333007812514 1.3210992505805428 137.78449249267581 0.42365129463763562 178.5647888183594 0.24437328053083926 0.30066974096048299 5.5000000000000009 0.19938659667968753
decision_type=2 2 2 2 2 2 2 2 2 2 2 2 2 2
left_child=1 4 -3 -4 6 -6 8 -8 10 -10 -1 13 -13 -12
right_child=-2 2 3 -5 5 -7 7 -9 9 -11 11 12 -14 -15
leaf_value=-0.0045364118184377687 -0.049148187255649553 0.047113667007255972 -0.046885311940843555 0.028460807614658919 0.039084689638265224 -0.038010960665780053 0.014800733630516297 -0.036970022070218399 -0.014393363952741834 0.12301556925561799 -0.027986676480722384 0.17144057648998517 0.045213502310576185 0.030768480677770924
leaf_weight=65.583297740900889 4.5312399130780241 12.903442052425818 5.1188940495485422 6.1393814160837792 5.1732276012189713 19.101029556768481 108.08750003122259 10.421365202520972 123.97369773406535 1.484399226377717 12.270233044167982 2.2918601173441848 11.223225799156351 15.549700648989527
leaf_count=5530 897 2734 674 177 270 1634 6189 3239 12170 67 208 84 178 258
internal_value=0.000363223 0.000925046 0.0224595 -0.00579744 -0.000461853 -0.0215807 0.000999146 0.0102481 -0.00371772 -0.0127676 0.00690138 0.0250489 0.0666188 0.00485399
internal_weight=403.852 399.321 24.1617 11.2583 375.16 24.2743 350.885 118.509 232.376 125.458 106.918 41.335 13.5151 27.8199
internal_count=34309 33412 3585 851 29827 1904 27923 9428 18495 12237 6258 728 262 466
is_linear=0
shrinkage=0.05


Tree=148
num_leaves=15
num_cat=0
split_feature=4 5 6 1 5 5 2 2 2 0 0 0 4 0
split_gain=4.69878 3.58974 6.94686 4.73392 4.27161 8.94614 13.7478 7.38179 11.0099 7.36946 9.73778 10.0106 7.50166 7.20403
threshold=1.4583551057799591 1.5650233253836634 29.500000000000004 -0.66033825358797527 0.39121910929679876 0.23088824748992923 2.3088398977467288 1.3210992505805428 0.54032979905655842 113.4473342895508 109.26585006713869 105.41583251953126 0.059598521673630618 104.7907066345215
decision_type=2 2 2 2 2 2 2 2 2 2 2 2 2 2
left_child=1 2 4 -4 5 6 7 8 -1 10 11 13 -12 -9
right_child=-2 -3 3 -5 -6 -7 -8 9 -10 -11 12 -13 -14 -15
leaf_value=0.0060878982730613899 -0.047206273138752246 -0.030085016696089786 -0.023294541270242487 0.045084325619870802 -0.0089386560369585522 0.026067537904114726 -0.043546344779055529 0.026823816103496184 -0.022221036670820409 -0.0060352144889828574 0.098997879041329909 -0.042988868872339242 -0.0074913354883305826 0.17323166140697591
leaf_weight=129.54736896499526 4.9695148727623737 8.6793168885633332 3.0663502016104784 14.501691192272117 84.055624171975069 39.211813184781931 16.629181139171124 19.451674557058148 46.737002401961945 18.298141651670448 7.5774618899449688 5.481322912964969 2.1155354909133166 0.87813905393704672
leaf_count=8591 979 1472 105 2665 4066 1865 2707 786 7168 3158 204 268 93 27
internal_value=0.00111062 0.00171661 0.00242882 0.0331494 0.000970105 0.00388303 0.000357138 0.0035302 -0.00141745 0.0197413 0.033026 0.0169793 0.0757562 0.0331479
internal_weight=401.2 396.231 387.551 17.568 369.983 285.928 246.716 230.087 176.284 53.8023 35.5041 25.8111 9.693 20.3298
internal_count=34154 33175 31703 2770 28933 24867 23002 20295 15759 4536 1378 1081 297 813
is_linear=0
shrinkage=0.05


Tree=149
num_leaves=15
num_cat=0
split_feature=6 4 2 0 7 4 7 2 8 0 2 8 0 2
split_gain=3.73567 7.4155 9.28217 11.2264 8.30545 6.69315 7.41702 7.24 9.25055 11.1379 8.60855 6.73384 7.16453 9.41468
threshold=7.5000000000000009 0.19685131953716958 0.68264489804661577 114.16517257690431 0.096341436636720304 0.19508736969018733 0.70646283086187156 1.4641134310242023 10.349055520824182 100.21817016601564 1.9957091434121181 29.904249450070783 100.21817016601564 0.93022615085686522
decision_type=2 2 2 2 2 2 2 2 2 2 2 2 2 2
left_child=1 5 3 -3 -5 6 11 -8 9 -9 -11 12 -1 -14
right_child=-2 2 -4 4 -6 -7 7 8 -10 10 -12 -13 13 -15
leaf_value=0.01466523878780656 0.0051715496405652511 -0.014368514955822151 -0.04142665018166973 0.27293594723119075 0.047941250200438518 0.069890052850135012 -0.032180516793046531 -0.040794012167839337 -0.031534462126479132 0.10355143490475341 -0.050649589442529258 0.072445337087345268 -0.041862434638703913 0.0031920764767339308
leaf_weight=65.601684863911942 163.22824187070364 25.317674823105339 27.28067253093468 0.45354971499182184 4.287938850466162 3.3957119847182176 30.88868939189706 2.8378461168613303 7.9195477315224698 5.4351648008450866 1.0859345737844703 3.6347638986771917 16.166956436820328 41.000719209900126
leaf_count=5380 8469 859 5276 34 251 74 5447 208 1062 102 107 234 3194 3721
internal_value=-0.000640654 -0.00467248 -0.0203099 -0.00114502 0.0694632 0.000365793 -0.000986574 -0.0176822 0.00823632 0.0418904 0.0778729 0.00537542 0.00338972 -0.00954929
internal_weight=398.535 235.307 57.3398 30.0592 4.74149 177.967 174.571 48.1672 17.2785 9.35895 6.5211 126.404 122.769 57.1677
internal_count=34418 25949 6420 1144 285 19529 19455 6926 1479 417 209 12529 12295 6915
is_linear=0
shrinkage=0.05


Tree=150
num_leaves=15
num_cat=0
split_feature=3 0 0 4 4 8 5 3 6 1 4 4 6 5
split_gain=4.80102 4.08269 10.1351 5.54146 4.75483 4.63321 6.60495 8.25691 6.86201 6.5227 5.5234 5.42653 5.25651 5.98615
threshold=1.4284400939941408 137.78449249267581 137.03838348388675 0.24437328053083926 0.073548813281106643 164.75756377138075 1.0460253302007916 0.066116333007812514 17.500000000000004 -0.49772469870870995 1.4747630413363322 0.88802145252098208 9.5000000000000018 0.0045885443687438974
decision_type=2 2 2 2 2 2 2 2 2 2 2 2 2 2
left_child=1 2 5 4 -4 6 8 -8 11 -10 -11 12 13 -1
right_child=-2 -3 3 -5 -6 -7 7 -9 9 10 -12 -13 -14 -15
leaf_value=0.0053522348863602135 -0.05215637389782133 -0.019181652869852451 0.10526430379326407 0.043751262199041283 0.327903978465449 0.04523745337825516 0.049690714860152314 -0.041027465219165678 -0.0146123833240991 0.042236420324930572 -0.054550265998941409 -0.025490803445317956 0.015994251485041213 -0.010683896967037008
leaf_weight=139.38468728982843 4.2932209564605719 23.570045222935732 0.62519130716100269 1.7482544963713733 0.3890400102827698 5.97506707208231 2.95264363230672 16.66482890676707 8.3383600965607894 24.04215579782613 1.5703402282670129 19.386344896920491 53.492255042656325 99.908949899487197
leaf_count=15480 570 5090 45 72 11 937 211 1594 246 1749 130 1218 765 6208
internal_value=0.000435157 0.00100239 0.0022728 0.0976897 0.190665 0.00156369 0.000850192 -0.0273734 0.00244984 0.0237976 0.0363023 0.000128127 0.00182444 -0.00134311
internal_weight=402.341 398.048 374.478 2.76249 1.01423 371.716 365.741 19.6175 346.123 33.9509 25.6125 312.172 292.786 239.294
internal_count=34326 33756 28666 128 56 28538 27601 1805 25796 2125 1879 23671 22453 21688
is_linear=0
shrinkage=0.05


Tree=151
num_leaves=15
num_cat=0
split_feature=3 1 1 1 4 3 4 0 1 0 7 0 0 5
split_gain=4.3645 4.46945 5.37132 6.46138 5.34717 8.28684 7.0772 5.26025 5.25333 5.23447 4.69515 4.4389 5.6834 4.42388
threshold=1.4284400939941408 0.8438765636221478 0.41855684098848628 0.37794493587416933 0.6508936173189489 0.30362319946289068 0.71170236995465874 145.32572937011722 0.91995608969137332 80.860561370849624 0.41973420907714548 178.5647888183594 181.85108184814456 0.75979457795619976
decision_type=2 2 2 2 2 2 2 2 2 2 2 2 2 2
left_child=1 2 3 7 5 10 9 13 -3 -6 -4 -9 -13 -1
right_child=-2 8 4 -5 6 -7 -8 11 -10 -11 -12 12 -14 -15
leaf_value=0.0038272141990073234 -0.051731299258242304 -0.044305816686400323 0.076766526192416001 -0.042297498006317276 0.036786128610382947 -0.024134784250704165 0.02876042884812029 -0.053413823644000671 0.043179599841394627 0.25543227627769405 0.012903066714403206 0.09395984465790512 -0.052112737180759719 -0.017870709426632402
leaf_weight=221.62693432520609 3.8853132583899415 9.6914797323988733 2.9719328735955051 9.3298798692412657 0.44540910446084925 15.874664693255907 3.5622446200577542 7.8747920952155237 2.0851305795367798 0.71020043082535267 91.012627191259526 1.337869134382345 1.3257945821387691 26.276473485399038
leaf_count=17797 575 1394 30 644 38 1030 263 2484 118 23 7090 76 212 2553
internal_value=0.00100311 0.00152297 0.00245743 -0.00141913 0.0115171 0.00927874 0.0636401 5.65967e-05 -0.0288159 0.171159 0.0149225 -0.0345409 0.0212546 0.00152735
internal_weight=398.011 394.125 382.349 267.772 114.577 109.859 4.71785 258.442 11.7766 1.15561 93.9846 10.5385 2.66366 247.903
internal_count=34327 33752 32240 23766 8474 8150 324 23122 1512 61 7120 2772 288 20350
is_linear=0
shrinkage=0.05


Tree=152
num_leaves=15
num_cat=0
split_feature=4 6 4 2 5 8 8 5 3 4 3 4 5 8
split_gain=4.83604 4.32491 6.92016 7.21015 5.95169 7.14958 5.16908 10.6845 9.36591 7.91625 10.4339 10.6981 7.89597 8.67462
threshold=1.3412381578092616 21.500000000000004 0.87836268068522572 0.35783112159426828 1.4262779727578165 213.27957882364953 26.838906819049658 0.87442480772733699 0.66872596740722667 0.1979121975128342 0.069171905517578139 0.27594178291599447 0.47790108248591429 66.700901428593724
decision_type=2 2 2 2 2 2 2 2 2 2 2 2 2 2
left_child=1 2 6 -4 -3 -6 8 9 -1 -8 11 -11 -12 -14
right_child=-2 4 3 -5 5 -7 7 -9 -10 10 12 -13 13 -15
leaf_value=-0.00043852468226860991 -0.041959421180785578 0.02959305738205574 0.043851652749649118 -0.034430277326953751 -0.050186104797430124 0.051528348502398229 0.05177763174646445 -0.031343606023355806 -0.047861871728980238 0.035886613934975428 0.036432839367474323 -0.04314197340392012 -0.028133115397044106 0.058014158580590669
leaf_weight=218.54461797350086 6.6579790620598933 26.164495330071077 3.3534708619117763 23.940609863318969 5.6884328943269775 2.481229230761528 14.068797139916567 12.884447404358069 10.932111599540802 6.116995247895832 34.256567761884071 14.277603857801294 11.651254035648888 3.9004281763918689
leaf_count=22158 1534 2913 57 1259 784 185 429 1208 916 336 882 1286 307 53
internal_value=0.000293014 0.00101757 -0.000626058 -0.0248122 0.0179606 -0.0192941 0.00139498 0.0110617 -0.00269774 0.0175452 0.0106849 -0.0194388 0.0230194 -0.00652701
internal_weight=394.919 388.261 353.927 27.2941 34.3342 8.16966 326.633 97.1561 229.477 84.2716 70.2028 20.3946 49.8082 15.5517
internal_count=34307 32773 28891 1316 3882 969 27575 4501 23074 3293 2864 1622 1242 360
is_linear=0
shrinkage=0.05


Tree=153
num_leaves=15
num_cat=0
split_feature=6 3 2 8 2 2 8 8 2 7 7 2 3 8
split_gain=7.06989 16.1609 10.2845 5.73251 4.89339 8.18756 5.98587 6.43229 6.1232 8.77107 20.3325 7.68356 5.85451 4.90913
threshold=2.5000000000000004 0.0048103332519531259 1.3864771406297163 9.154668951679513 1.3441589127527138 2.2911722687442189 7.9219120855532834 10.176366365960357 1.9707727441949536 0.79445994215076599 0.83068331733219203 1.3677416321867824 1.0000000180025095e-35 7.2703690096719429
decision_type=2 2 2 2 2 2 2 2 2 2 2 2 2 2
left_child=4 2 3 -2 13 6 -6 12 11 -10 -11 -9 -8 -1
right_child=1 -3 -4 -5 5 -7 7 8 9 10 -12 -13 -14 -15
leaf_value=-0.0084455395307787094 0.20958314826277979 0.0014693327385430343 0.019910748683536001 0.084858253260667899 -0.040779959664155298 -0.044059272818274563 0.049248059844685971 0.15957030149076573 0.011705926935469454 0.56510012695092493 -0.050710210591119236 -0.051166080409433413 -0.051328516648043776 -0.035906652039576839
leaf_weight=39.493778935750015 1.4400311650242641 274.9678005524911 4.5575873671332374 2.5572176780551672 4.5074954347219309 7.7946238474687553 15.989948405884212 0.46322191134095003 3.9228210268775001 0.24367928586434562 0.29791357787325978 6.5296908784657717 1.5908461043145496 27.681430220603943
leaf_count=5411 39 18066 141 91 285 1285 531 27 585 36 34 1073 119 6564
internal_value=-0.000579054 0.00357492 0.0712524 0.129791 -0.0114323 0.00210234 0.0128284 0.0211499 -0.00800065 0.0377465 0.226362 -0.0372066 0.0401471 -0.0197617
internal_weight=392.038 283.523 8.55484 3.99725 108.515 41.3402 33.5456 29.0381 11.4573 4.46441 0.541593 6.99291 17.5808 67.1752
internal_count=34287 18337 271 130 15950 3975 2690 2405 1755 655 70 1100 650 11975
is_linear=0
shrinkage=0.05


Tree=154
num_leaves=15
num_cat=0
split_feature=3 4 3 6 2 6 5 4 8 7 4 5 2 7
split_gain=4.30814 3.32403 8.25931 7.23024 11.2299 5.86002 7.66084 7.52883 7.42704 14.8092 10.1344 7.68247 7.19033 9.30455
threshold=0.99798965454101574 0.87836268068522572 0.24607849121093753 19.500000000000004 0.41371398353154126 6.5000000000000009 0.75061712041497242 0.46326401301992698 32.888658178307004 0.032345670065281752 0.031007161802579179 0.41638326272368437 1.5282453033610219 0.07415274535565701
decision_type=2 2 2 2 2 2 2 2 2 2 2 2 2 2
left_child=1 5 -3 4 -4 7 12 8 11 -10 -11 -1 13 -7
right_child=-2 2 3 -5 -6 6 -8 -9 9 10 -12 -13 -14 -15
leaf_value=0.00061494080603403511 -0.028620206579045522 -0.048705362179242852 0.052885894421880124 0.040171418785873027 -0.041921587009967641 -0.034788249912869572 -0.0082637604939585895 -0.041184786021420935 0.27642570103782826 0.25504026865130264 0.011961167076279497 -0.03557734374314786 0.04809582797298944 0.018931003859300743
leaf_weight=184.51331254444085 12.832267843681619 11.444722624612039 4.2409950634464684 8.4528282840037701 11.852978405077009 9.2602279357379285 36.590685687959194 11.936264095245859 0.64423751470167001 0.45640769321471442 7.0852537957252935 15.928290260606444 17.064018158940598 62.230910511454567
leaf_count=20568 1162 2368 51 1203 146 207 2483 1392 35 12 915 1580 425 1814
internal_value=-0.000124269 0.000833725 -0.0136272 0.00272766 -0.0169384 0.00233924 0.0109814 -0.00256425 -0.000354639 0.0463277 0.0266719 -0.00226111 0.0189334 0.0119728
internal_weight=394.533 381.701 35.9915 24.5468 16.094 345.71 125.146 220.564 208.628 8.1859 7.54166 200.442 88.5552 71.4911
internal_count=34361 33199 3768 1400 197 29431 4929 24502 23110 962 927 22148 2446 2021
is_linear=0
shrinkage=0.05


Tree=155
num_leaves=15
num_cat=0
split_feature=1 2 0 0 0 0 2 6 2 1 1 0 4 5
split_gain=4.95123 5.27274 4.4398 4.13441 7.80999 4.98348 5.75497 7.08201 6.99246 10.2218 17.8758 7.67511 7.22515 14.304
threshold=0.91064254490871099 0.41371398353154126 56.507947921752937 145.32572937011722 143.58866882324222 137.78449249267581 1.4282884291777409 25.500000000000004 0.36188519508372285 0.65258362023985306 0.64774489331178919 137.03838348388675 0.10874431361307575 2.5682151317596439e-05
decision_type=2 2 2 2 2 2 2 2 2 2 2 2 2 2
left_child=3 -2 -3 4 5 6 7 8 9 10 12 -10 -1 -14
right_child=1 2 -4 -5 -6 -7 -8 -9 11 -11 -12 -13 13 -15
leaf_value=-0.010334287701998564 -0.018612234110143171 0.14963405035030702 0.0071072921801089836 -0.02763110567346266 0.072113975197324459 -0.048577626787183095 0.0092898458325875333 0.034465195449878409 -0.013452585958733332 -0.042881650735520749 0.17365803047203968 0.13203248109254043 0.21629035781868289 0.017175136426998538
leaf_weight=30.729757864726707 1.4690579264424735 1.6113169710151853 0.82675311062484969 13.410330927872563 3.7817481943638986 5.2277692978386758 125.00751931336708 11.434820809168739 143.60109571687644 9.6409723792457935 1.6681918273679901 0.91230044793337484 0.92199943610466917 41.498402293305844
leaf_count=2625 192 21 44 3651 266 1185 8535 2357 13482 857 10 32 15 880
internal_value=0.000211309 0.0562156 0.101303 -0.000352889 0.000624103 -0.000105323 0.00058814 -0.00393659 -0.00585436 0.00557504 0.0118191 -0.0125342 0.00812835 0.0215029
internal_weight=391.742 3.90713 2.43807 387.835 374.425 370.643 365.415 240.408 228.973 84.4593 74.8184 144.513 73.1502 42.4204
internal_count=34152 257 65 33895 30244 29978 28793 20258 17901 4387 3530 13514 3520 895
is_linear=0
shrinkage=0.05


Tree=156
num_leaves=15
num_cat=0
split_feature=3 6 2 0 4 7 2 7 4 2 6 3 6 4
split_gain=3.92726 4.14173 7.93744 5.33725 3.51387 3.13421 6.47414 4.95069 3.32665 6.18753 7.17752 5.22703 4.2348 5.63808
threshold=1.4284400939941408 29.500000000000004 1.9305753936577277 87.570789337158217 1.4583551057799591 0.92366396713575927 0.41371398353154126 0.84376341230301055 0.88802145252098208 0.44037575077818514 16.500000000000004 0.61509132385253917 6.5000000000000009 0.15748908996885019
decision_type=2 2 2 2 2 2 2 2 2 2 2 2 2 2
left_child=1 5 -3 -4 -5 7 -7 8 12 -10 -11 -12 -1 -14
right_child=-2 2 3 4 -6 6 -8 -9 9 10 11 -13 13 -15
leaf_value=-0.0031579171586262598 -0.051771050707982914 0.051582857927363612 -0.047988053192555391 0.044590234703836773 -0.052544085985205928 -0.050362130059900957 0.10149672242663635 -0.030314525659427289 0.023135414817353209 -0.047335587980067428 -0.020198677774951428 0.061238191383281654 0.04475868781335416 0.0054272866305069495
leaf_weight=204.16590786527377 3.6951789091981473 10.778736278414728 4.846490348572841 4.3596578009892255 1.1839040825143454 1.0743127716705196 2.0243453485891223 14.465275254682636 7.8173739211633793 16.28743966831826 5.4443025875370932 3.0879954919219017 10.017051474540493 100.79624663118739
leaf_count=22084 575 2744 522 98 31 191 40 2411 117 2280 194 40 408 2521
internal_value=-0.000469579 2.1086e-05 0.021523 -0.00966142 0.0238459 -0.00122534 0.0488469 -0.00165385 -0.0004612 -0.0156565 -0.0278746 0.00927482 0.00111328 0.00898268
internal_weight=390.044 386.349 21.1688 10.3901 5.54356 365.18 3.09866 362.082 347.616 32.6371 24.8197 8.5323 314.979 110.813
internal_count=34256 33681 3395 651 129 30286 231 30055 27644 2631 2514 234 25013 2929
is_linear=0
shrinkage=0.05


Tree=157
num_leaves=15
num_cat=0
split_feature=4 2 6 2 3 2 4 6 8 2 8 3 3 2
split_gain=3.98382 3.77647 6.07467 4.51406 3.83049 3.60899 10.4669 13.1903 9.05897 10.5714 8.61193 7.86611 8.24721 14.1794
threshold=1.4583551057799591 2.6127810358154138 39.500000000000007 2.5919538318852151 1.0503387451171877 0.4759155552171484 0.2596613603224236 4.5000000000000009 32.888658178307004 0.90628412604110442 34.135115611666954 0.013401031494140627 0.010856628417968752 2.3216350245501207
decision_type=2 2 2 2 2 2 2 2 2 2 2 2 2 2
left_child=1 2 3 4 5 -1 7 8 9 -7 -8 12 -11 -14
right_child=-2 -3 -4 -5 -6 6 10 -9 -10 11 -12 -13 13 -15
leaf_value=0.0079273814944802838 -0.048058689294061457 -0.024916547248752849 0.038738045666231652 0.058967373381772228 -0.034856380246544923 -0.038010862856971722 -0.040866445573640178 0.027441954933627652 0.086060897480823406 0.0075166602275443077 -0.0066384910773510941 -0.029138815080813632 0.017110981261542615 0.35274912774971584
leaf_weight=115.83685729291756 4.2520747878588727 13.974448033201041 10.671972519543486 3.2675714914221308 7.7419707390654358 21.801380766788498 25.176170612685382 46.744904496707022 2.6597485534148282 54.364550969097763 68.049151483981404 16.019393316935748 0.93543660384602734 0.4741765686776489
leaf_count=7358 964 1757 2723 201 628 5239 2599 1510 146 5396 3371 2282 55 8
internal_value=7.52019e-05 0.000603083 0.00155727 0.000464398 -6.68989e-05 0.000698135 -0.00284685 0.00565112 -0.00493133 -0.00751712 -0.015882 0.00174285 0.0106126 0.130016
internal_weight=391.97 387.718 373.743 363.071 359.804 352.062 236.225 143 96.2547 93.5949 93.2253 71.7936 55.7742 1.40961
internal_count=34237 33273 31516 28793 28592 27964 20606 14636 13126 12980 5970 7741 5459 63
is_linear=0
shrinkage=0.05


Tree=158
num_leaves=15
num_cat=0
split_feature=4 5 8 5 8 4 4 5 5 6 6 5 4 8
split_gain=3.33067 3.1346 7.46803 11.1737 5.65434 5.03091 4.10301 13.4972 14.11 7.83235 5.25201 7.6 6.67274 4.92153
threshold=1.4747630413363322 1.0302486419677737 71.542444808196308 0.1852887570858002 178.9403846034796 0.19685131953716958 0.45624868648485351 0.28580918908119207 0.26717881858348852 6.5000000000000009 9.5000000000000018 0.58309912681579601 0.33015427634642563 7.5502686592002988
decision_type=2 2 2 2 2 2 2 2 2 2 2 2 2 2
left_child=1 2 6 -4 5 -3 10 8 9 -8 -1 13 -13 -12
right_child=-2 4 3 -5 -6 -7 7 -9 -10 -11 11 12 -14 -15
leaf_value=0.0011003744573767605 -0.047302190343239292 0.015003325070521531 -0.047966192794555412 0.042160205428891873 0.036298052075666325 -0.042184219697415454 -0.040385987731311031 -0.046354686792566886 0.15373257278504229 0.006997629655970017 -0.033786052851708798 0.023902243278453361 -0.042535339982905422 0.055313317495006099
leaf_weight=223.03475986036938 3.5110533584957002 5.2230656180181603 4.0618786115665015 22.426100908429362 4.2755970888538277 14.584174344025085 10.645109432865864 18.666613152949139 1.4998637936078001 48.25466047541704 1.7285048714838946 9.6106611114228127 6.2287833212176329 14.995393675635567
leaf_count=23238 895 584 679 1409 648 1945 1533 753 37 1578 80 345 147 406
internal_value=0.00117609 0.00161792 0.00278261 0.0283395 -0.0158479 -0.0271042 0.000759831 -0.00919422 0.00229029 -0.00156614 0.003839 0.0225965 -0.00222401 0.0461044
internal_weight=388.746 385.235 361.152 26.488 24.0828 19.8072 334.664 79.0662 60.3996 58.8998 255.598 32.5633 15.8394 16.7239
internal_count=34277 33382 30205 2088 3177 2529 28117 3901 3148 3111 24216 978 492 486
is_linear=0
shrinkage=0.05


Tree=159
num_leaves=15
num_cat=0
split_feature=3 8 0 2 8 6 7 0 7 2 0 8 3 0
split_gain=3.77928 3.19716 9.73966 4.8071 7.06253 10.6539 9.7069 8.66762 7.83945 6.31054 9.1801 11.2481 8.19011 6.73855
threshold=1.4284400939941408 6.3079597006222246 69.215770721435561 0.48921610686305933 7.2703690096719429 6.5000000000000009 0.23516933093083137 178.5647888183594 0.33631734998780943 0.93022615085686522 98.70938873291017 15.463049864836131 0.52280616760253917 109.82558059692384
decision_type=2 2 2 2 2 2 2 2 2 2 2 2 2 2
left_child=1 2 -1 4 6 7 -3 -6 -7 10 11 -5 -13 -12
right_child=-2 3 -4 9 5 8 -8 -9 -10 -11 13 12 -14 -15
leaf_value=0.0033836993230648513 -0.051768878288528275 0.13117523740987791 -0.046724152959307153 -0.03728999377663042 -0.016071896532614913 0.011273758955654804 0.025500388504855143 0.17828271585321379 0.061790290306742657 0.0047504043361315867 -0.054067583647811328 0.050109698033484223 -0.011288497841507808 -0.007735734192907899
leaf_weight=36.065437897108495 3.3215637662506188 2.7459745767991981 13.264535326277835 10.660460939165203 33.056045711855404 25.972113244002685 10.416117114480583 0.58378500677645107 10.904380720108746 186.90859703347087 16.984640826121908 13.315753437927926 9.1732500126818177 14.588374947139526
leaf_count=2284 577 94 2863 1563 3017 587 532 14 235 17217 1852 665 687 2083
internal_value=0.00133624 0.00179483 -0.01009 0.0035433 0.0139249 0.0076492 0.0475471 -0.0126991 0.0262115 9.09617e-05 -0.0133648 0.00501268 0.0250654 -0.0326599
internal_weight=387.961 384.639 49.33 335.309 83.6784 70.5163 13.1621 33.6398 36.8765 251.631 64.7225 33.1495 22.489 31.573
internal_count=34270 33693 5147 28546 4479 3853 626 3031 822 24067 6850 2915 1352 3935
is_linear=0
shrinkage=0.05


Tree=160
num_leaves=15
num_cat=0
split_feature=3 0 3 7 4 3 3 5 6 4 3 3 6 3
split_gain=4.62305 6.78465 5.87802 7.14749 3.67551 5.3876 6.80506 4.71805 4.91486 8.80715 8.46315 11.8172 8.64861 7.358
threshold=0.74956417083740245 106.29524230957033 0.6079845428466798 0.62461557614892682 0.93649080101824811 0.12179088592529298 0.59323120117187511 1.5650233253836634 4.5000000000000009 0.1979121975128342 0.59323120117187511 0.014400482177734377 2.5000000000000004 0.061363220214843757
decision_type=2 2 2 2 2 2 2 2 2 2 2 2 2 2
left_child=2 -2 4 -4 7 -6 -7 8 10 13 11 12 -1 -10
right_child=1 -3 3 -5 5 6 -8 -9 9 -11 -12 -13 -14 -15
leaf_value=-0.0023905304455977255 -0.032352691504453641 0.02123307898329806 0.04424791033695253 -0.056089494304717318 -0.052908825233059113 0.015574253997411417 -0.067691728777826102 -0.047349112124616982 0.045605958184408088 0.0025746931612663764 0.064773944237883782 -0.027472881762881141 0.034711532101818605 -0.0021672353235803387
leaf_weight=101.1069290646119 22.065881788556002 8.0663944010739197 14.244517205865124 2.0275024443399152 7.5627530617639449 12.130661864997817 3.0759977230336508 4.6987885547569013 25.83410883101169 107.54717480530962 4.5154032376594833 41.924157000728883 18.595715043018572 11.714812646852804
leaf_count=14225 1912 620 772 155 2054 759 65 709 779 4295 34 6654 795 457
internal_value=0.000795174 -0.0180078 0.00239126 0.0317458 0.00098102 -0.0184208 -0.00126876 0.0023793 0.00313005 0.00985348 -0.00274169 -0.00462789 0.00337325 0.0307013
internal_weight=385.111 30.1323 354.979 16.272 338.707 22.7694 15.2067 315.937 311.238 145.096 166.142 161.627 119.703 37.5489
internal_count=34285 2532 31753 927 30826 2878 824 27948 27239 5531 21708 21674 15020 1236
is_linear=0
shrinkage=0.05


Tree=161
num_leaves=15
num_cat=0
split_feature=3 0 1 3 6 0 0 4 3 6 3 6 2 2
split_gain=3.99218 5.881 4.65537 4.24898 4.7766 4.57955 4.56806 5.51724 8.83032 4.75792 7.03455 9.22205 5.92789 5.28269
threshold=0.74956417083740245 106.29524230957033 0.23715818628274279 0.6079845428466798 10.500000000000002 64.911369323730483 61.501644134521491 0.0026172659535164682 0.014987945556640627 10.500000000000002 0.60264587402343761 83.500000000000014 0.20738841992226226 2.6127810358154138
decision_type=2 2 2 2 2 2 2 2 2 2 2 2 2 2
left_child=3 -2 -3 5 -5 6 7 -1 -9 12 13 -12 -10 -11
right_child=1 2 -4 4 -6 -7 -8 8 9 10 11 -13 -14 -15
leaf_value=-0.029316757541026146 -0.030665670607266923 -0.012708200326759116 0.060909931993141465 -0.00078537055395352755 0.055600754275958043 -0.0013575101936025419 0.039844081056591825 0.080297021659362061 0.044917806791561633 0.04948131573090557 -0.79666233444002998 -0.015108079770389332 -0.030080787326054965 -0.04094277910929682
leaf_weight=8.6110802362672967 21.534082934696929 5.1918410986545478 3.6622414152952842 7.2739638088969496 7.7657226247829385 283.93301296408754 13.42294868105091 4.5467315313871977 3.3882829104550209 9.3808246710104815 0.058916185051203551 0.1050318218767643 11.846526038134469 1.9511559819802649
leaf_count=583 1911 485 176 323 568 26971 454 198 57 1627 4 38 735 154
internal_value=0.000826894 -0.0165614 0.0177419 0.00232681 0.0283295 0.0011672 0.0146136 0.00612326 0.0158803 0.00492347 0.0292074 -0.295967 -0.0134008 0.033912
internal_weight=382.672 30.3882 8.85408 352.284 15.0397 337.245 53.3115 39.8885 31.2775 26.7307 11.4959 0.163948 15.2348 11.332
internal_count=34284 2572 661 31712 891 30821 3850 3396 2813 2615 1823 42 792 1781
is_linear=0
shrinkage=0.05


Tree=162
num_leaves=15
num_cat=0
split_feature=2 5 2 4 1 5 4 6 5 2 2 1 8 1
split_gain=4.80322 12.0245 5.83218 8.18216 14.0665 5.7173 6.18188 4.30071 5.12701 5.75204 7.88418 7.74038 7.09809 6.73232
threshold=2.3088398977467288 0.23088824748992923 2.2214049802389479 0.02127608374897794 0.37794493587416933 1.1608470007777216 0.61266650995938854 41.500000000000007 0.81122995913028728 1.3210992505805428 1.7691873304478558 -0.72292245437821623 26.838906819049658 -0.63554915185948224
decision_type=2 2 2 2 2 2 2 2 2 2 2 2 2 2
left_child=2 -2 7 4 -4 6 -3 8 9 -1 11 -11 -12 -13
right_child=1 5 3 -5 -6 -7 -8 -9 -10 10 12 13 -14 -15
leaf_value=-0.0029122206707616304 -0.051797851541577282 5.2207261419811488e-05 0.19279442577594594 0.012756910044751522 -0.05060523899755516 -0.034876565374640421 0.060150343541028245 0.037320895675420261 -0.027271759753544109 -0.039477593049318707 -0.027607424901891484 0.12455164801805976 0.020131132012268502 0.027854181803685669
leaf_weight=219.81832820619456 15.173002976458518 16.627787951612852 1.8199602598324403 7.9996702583157457 0.88090168102644373 7.5180362994142333 5.7616576841101041 7.7988214096985748 16.646270096825901 4.1422124896198502 17.605890518170785 1.8824794603278849 13.96099911193596 41.086487873166334
leaf_count=18703 3185 833 110 612 117 1555 98 2517 906 420 1565 200 1129 2336
internal_value=-0.000224575 -0.0155433 0.00184523 0.0381617 0.113408 0.00284981 0.0155177 0.000641899 -0.000265795 0.00124025 0.0128418 0.0257979 -0.00649423 0.0320905
internal_weight=378.723 45.0805 333.642 10.7005 2.70086 29.9075 22.3894 322.941 315.143 298.496 78.6781 47.1112 31.5669 42.969
internal_count=34286 5671 28615 839 227 2486 931 27776 25259 24353 5650 2956 2694 2536
is_linear=0
shrinkage=0.05


Tree=163
num_leaves=15
num_cat=0
split_feature=7 2 4 7 3 6 7 3 2 4 3 7 5 6
split_gain=4.25316 5.76932 4.16725 4.1142 3.41007 3.10092 4.86839 6.21922 5.57672 7.86596 6.68226 6.5762 5.48538 6.09258
threshold=0.91749651648606945 0.41371398353154126 0.080119197946667234 0.84376341230301055 1.4284400939941408 9.5000000000000018 0.15316735622871527 0.22476959228515628 0.72738800739940401 0.87836268068522572 0.042426109313964851 0.3687563887296656 0.019786536693573002 15.500000000000002
decision_type=2 2 2 2 2 2 2 2 2 2 2 2 2 2
left_child=3 2 -2 4 5 -1 7 -7 9 -8 -10 -12 -11 -14
right_child=1 -3 -4 -5 -6 6 8 -9 10 12 11 -13 13 -15
leaf_value=-0.0018115015233242872 -0.050381059448922717 0.09182923372382866 0.19864218955991875 -0.027194340497196209 -0.051540771803035956 -0.034990531921414547 0.053005789261971886 0.0098831253264301012 0.059525666107316147 0.049765622984529106 0.025724140964111505 -0.011749983615715689 -0.065488317413742392 0.052601398410207091
leaf_weight=237.08985140448203 1.5548382725100953 2.8727184501476586 0.18835151195526112 13.412238971213808 3.0600676254543933 13.06509638100397 17.423363830894235 18.878181355074048 5.2783596119843414 2.9492331249639374 17.419630769931246 35.699906588823069 4.149594858288765 1.4824394697789101
leaf_count=24522 296 81 1 2346 569 1108 635 1019 408 42 1157 1733 26 219
internal_value=0.000586676 0.0482851 -0.0234741 -8.5306e-06 0.00101427 0.00146929 0.0081549 -0.00847062 0.0144471 0.033707 0.00587058 0.000539005 -0.00547718 -0.0344053
internal_weight=374.524 4.61591 1.74319 369.908 356.496 353.436 116.346 31.9433 84.4025 26.0046 58.3979 53.1195 8.58127 5.63203
internal_count=34162 378 297 33784 31438 30869 6347 2127 4220 922 3298 2890 287 245
is_linear=0
shrinkage=0.05


Tree=164
num_leaves=15
num_cat=0
split_feature=1 1 7 2 8 8 7 1 1 7 6 2 0 0
split_gain=4.33281 6.23573 5.51773 6.28252 8.60525 7.73178 7.67408 5.90372 9.86265 7.06322 5.78931 6.45994 5.89886 7.50798
threshold=0.41855684098848628 0.3633126631261564 0.41973420907714548 0.2731276451101306 8.0118801329571898 8.0937926399559732 0.91273867979266166 0.65985402523324888 0.64774489331178919 0.58786606222024462 7.5000000000000009 2.1751333049019546 109.26585006713869 110.14316940307619
decision_type=2 2 2 2 2 2 2 2 2 2 2 2 2 2
left_child=1 -1 -2 7 6 -6 -5 8 9 -4 11 12 -7 -14
right_child=2 -3 3 4 5 10 -8 -9 -10 -11 -12 -13 13 -15
leaf_value=-0.0027685170333253874 0.074092447110013518 -0.03993740052538286 0.049831821353687251 -0.038657123551580616 0.11925880234881181 -0.017747883812574927 0.052218788533636845 -0.018986093755475403 0.15009001277273284 -0.050537446752449991 0.022477876076302486 -0.050597855390579399 0.10328430828997337 0.0098131583443148811
leaf_weight=241.81960183213232 2.9849043119465923 11.836459244455908 9.2612225693883392 18.952197887585502 1.5325819207355369 19.250874735182151 2.6476438525132826 4.1961789077613494 2.0439505577087393 2.1620349697768679 31.500163555057952 6.7191903054481363 2.4230886471923467 18.948749832110479
leaf_count=23114 39 950 269 2820 39 1705 131 381 10 88 1535 1042 63 2125
internal_value=-0.000772479 -0.00450294 0.00694432 0.005269 0.000500372 0.00802997 -0.0275178 0.0327993 0.0489349 0.0308353 0.00586783 -0.00518409 0.00232756 0.0204107
internal_weight=376.279 253.656 122.623 119.638 101.974 80.3746 21.5998 17.6634 13.4672 11.4233 78.8421 47.3419 40.6227 21.3718
internal_count=34311 24064 10247 10208 9460 6509 2951 748 367 357 6470 4935 3893 2188
is_linear=0
shrinkage=0.05


Tree=165
num_leaves=15
num_cat=0
split_feature=3 2 5 0 0 8 8 1 1 8 2 3 5 8
split_gain=3.29957 3.2208 7.30316 5.96317 7.00161 5.012 4.82356 3.60719 6.54855 9.75996 11.3603 6.22426 14.9013 8.69716
threshold=1.0228137969970705 2.3088398977467288 0.23088824748992923 105.20701217651369 120.4042205810547 6.8376427407897316 178.9403846034796 0.41855684098848628 0.43947539666507252 17.197493727935996 0.4759155552171484 0.26821899414062506 0.0083237886428833025 18.075470656934126
decision_type=2 2 2 2 2 2 2 2 2 2 2 2 2 2
left_child=1 7 -3 5 -5 -4 -7 11 -9 -10 -11 -1 13 -13
right_child=-2 2 3 4 -6 6 -8 8 9 10 -12 12 -14 -15
leaf_value=-0.0068603572491809294 -0.027276816718765418 -0.041875185056011011 0.062674020019025431 0.051074998454854963 -0.01731284471364691 -0.041765509731180372 0.076768927835999826 0.050958883461771756 -0.0046733894668473004 0.12071235449626171 0.019252456776906013 -0.01698468218945293 -0.00098524493091647946 0.073979355022581114
leaf_weight=142.83334369817749 10.452839467849115 13.638484907947712 1.5579330585896993 9.3097239424241689 6.258786210208199 11.129080084618177 0.92997837439179498 9.0795496420469117 65.921158078708686 3.0224689774331628 31.641673109377734 3.3462143894284955 54.597913242818322 12.237855150131507
leaf_count=15725 1078 3163 30 231 702 963 6 308 6407 129 1893 186 3243 168
internal_value=0.000421852 0.00121399 -0.0116699 0.00244506 0.023582 -0.0217211 -0.0326243 0.00292386 0.0102917 0.00662079 0.028099 -0.000869261 0.0113237 0.0544475
internal_weight=375.957 365.504 42.824 29.1855 15.5685 13.617 12.0591 322.68 109.665 100.585 34.6641 213.015 70.182 15.5841
internal_count=34232 33154 5095 1932 933 999 969 28059 8737 8429 2022 19322 3597 354
is_linear=0
shrinkage=0.05


Tree=166
num_leaves=15
num_cat=0
split_feature=4 8 4 5 3 0 5 8 4 2 4 3 1 5
split_gain=3.26122 3.47382 7.95096 5.93035 7.85962 4.21479 3.73357 3.357 8.27694 7.33702 7.15887 14.3821 8.7151 6.82177
threshold=1.4583551057799591 115.68186653500923 0.38719355439316538 1.0460253302007916 0.066116333007812514 144.46268463134768 1.6071004718542101 29.904249450070783 0.41180592688287465 0.45259741245085433 0.25411220317122141 0.078516006469726576 -0.47673248846111344 0.54138948768377315
decision_type=2 2 2 2 2 2 2 2 2 2 2 2 2 2
left_child=1 3 -3 7 -5 6 -4 8 -1 -10 13 -12 -13 -9
right_child=-2 2 5 4 -6 -7 -8 10 9 -11 11 12 -14 -15
leaf_value=0.0018215666193689677 -0.047609378105213145 0.28125653533098499 0.047473924382106604 0.049160230733151462 -0.047575152923447821 -0.037091472145006639 -0.017058742339815525 0.070102621063022313 -0.0042455178494620058 -0.05268235692943133 -0.036390743841326234 -0.030064590580701794 0.021466090817511749 0.0078881615221767891
leaf_weight=205.74310435669031 3.4742761468514791 0.29554300266317923 9.2660317292902601 2.5350248983595511 12.229434154607587 2.7067812180030151 2.956446674099424 8.5316932693822327 17.715536023257304 13.994097354938274 18.196917678345926 9.6229855751153064 55.684133625007235 9.1117780149215815
leaf_count=22150 968 25 1360 251 1632 174 524 324 448 1318 2232 401 2183 325
internal_value=0.000606574 0.00106105 0.0244461 5.35021e-05 -0.0309659 0.0193622 0.0318644 0.00140608 -0.00184323 -0.0256217 0.00903413 0.00291974 0.0138731 0.0379726
internal_weight=372.064 368.59 15.2248 353.365 14.7645 14.9293 12.2225 338.6 237.453 31.7096 101.148 83.504 65.3071 17.6435
internal_count=34315 33347 2083 31264 1883 2058 1884 29381 23916 1766 5465 4816 2584 649
is_linear=0
shrinkage=0.05


Tree=167
num_leaves=15
num_cat=0
split_feature=0 5 0 8 4 4 0 6 5 1 4 4 0 8
split_gain=3.47016 3.32738 5.15173 5.59474 4.96618 5.37255 5.38133 4.77516 13.031 15.5128 8.28609 10.3 6.39134 5.79794
threshold=27.956548690795902 0.75979457795619976 157.17142486572268 127.41418200685946 0.67370659655993781 0.17499733410178073 79.060150146484389 2.5000000000000004 0.00012084841728210451 -0.66033825358797527 0.02893896311069 0.031007161802579179 103.51881790161134 36.521980790363109
decision_type=2 2 2 2 2 2 2 2 2 2 2 2 2 2
left_child=-1 7 4 -4 5 6 -3 -2 9 -9 13 -12 -11 -10
right_child=1 2 3 -5 -6 -7 -8 8 10 12 11 -13 -14 -15
leaf_value=0.053245026364712844 -0.0083577684951175162 0.054981038758080684 0.025897167219678836 0.27359606583956492 0.014978897795028825 -0.040978796345724447 -0.026205816517602867 0.39855286017176556 0.040106603898551092 0.091367333975991588 -0.091459638995015025 0.0015259795912606962 0.0049233047231956239 0.20147717325572498
leaf_weight=2.9445013030781402 105.75024721445516 3.37401233619312 0.96004846156574675 0.29895462945569307 8.8069630288809986 21.59565839311108 5.1664647238794714 0.33307336235884477 7.2497399866115293 4.552724371198563 3.0220887621399006 204.7862908821262 4.0319419542502146 0.6029197834432124
leaf_count=818 15929 273 192 10 1242 1885 407 42 364 84 58 12183 747 6
internal_value=-0.000820469 -0.00125011 -0.0148319 0.0847141 -0.0180502 -0.0277026 0.00586797 0.00040284 0.00452806 0.063757 0.0020789 0.00017372 0.0507674 0.0524965
internal_weight=373.476 370.531 40.2021 1.259 38.9431 30.1361 8.54048 330.329 224.579 8.91774 215.661 207.808 8.58467 7.85266
internal_count=34240 33422 4009 202 3807 2565 680 29413 13484 873 12611 12241 831 370
is_linear=0
shrinkage=0.05


Tree=168
num_leaves=15
num_cat=0
split_feature=8 0 4 6 5 4 4 5 1 0 0 8 8 4
split_gain=3.24395 5.2549 5.2308 7.2296 9.405 5.52741 5.18001 5.78373 16.7898 16.8083 5.15926 6.53589 8.60049 6.48806
threshold=6.3079597006222246 68.516372680664077 0.1979121975128342 7.5000000000000009 0.0041579008102417001 0.25135020826680415 0.45624868648485351 0.0031913518905639653 -0.65142855038305836 143.58866882324222 127.65794754028322 26.838906819049658 26.494283111481518 0.15505063905318175
decision_type=2 2 2 2 2 2 2 2 2 2 2 2 2 2
left_child=1 -1 10 4 5 -4 7 8 9 -7 11 12 13 -2
right_child=2 -3 3 -5 -6 6 -8 -9 -10 -11 -12 -13 -14 -15
leaf_value=-0.0017905195478656003 0.015352963246011268 -0.039247429923919094 -0.038739118526356787 0.0023624761772025817 -0.04043027774482897 0.92951887074147188 -0.022427066358279252 0.19095631203802976 0.020287302516394878 -0.050212877211597375 -0.018532578404195556 0.046013940797071343 -0.11031322680148435 -0.016076762470389718
leaf_weight=33.434768235892989 95.879010870819911 13.005898317554964 5.9193138855043825 129.89324800862232 26.499926891410723 0.10195405036210914 5.6210907268687142 0.57181797735393125 11.16735438327305 0.076719593373127282 15.331796584185211 12.830703678773714 1.5054451633477572 19.813181063975208
leaf_count=2230 9997 2935 851 7635 2786 11 1577 5 1004 38 3337 303 12 1733
internal_value=8.10565e-05 -0.0122805 0.0018463 -0.00385451 -0.0200189 0.00303902 0.017139 0.0358004 0.0279808 0.508838 0.00889981 0.0121344 0.00842529 0.00997038
internal_weight=371.652 46.4407 325.212 179.851 49.9582 23.4583 17.5389 11.9178 11.346 0.178674 145.36 130.028 117.198 115.692
internal_count=34454 5165 29289 13907 6272 3486 2635 1058 1053 49 15382 12045 11742 11730
is_linear=0
shrinkage=0.05


Tree=169
num_leaves=15
num_cat=0
split_feature=1 7 1 3 5 7 2 0 3 0 5 5 3 0
split_gain=3.33389 5.09431 4.6552 5.03875 15.6576 6.21278 6.95483 7.57944 7.20307 6.16999 7.17713 13.4934 6.63885 6.40109
threshold=0.41855684098848628 0.43574303564516781 0.37794493587416933 0.18356323242187503 0.0045885443687438974 0.25783631375718302 1.5097778431775311 126.34774017333986 0.056961059570312507 178.5647888183594 1.0000000180025095e-35 0.00029424205422401434 0.0059547424316406259 81.24973297119142
decision_type=2 2 2 2 2 2 2 2 2 2 2 2 2 2
left_child=2 -2 3 5 -5 -1 9 8 -8 10 -7 -12 -13 -14
right_child=1 -3 -4 4 -6 6 7 -9 -10 -11 11 12 13 -15
leaf_value=-0.021313052545695245 0.042196624940121934 0.0039843637237881122 -0.038626090066778418 0.055161677090985323 -0.0014317313680040646 -0.033708345256713783 0.041400604137930633 -0.030377686773662482 -0.020010927517352166 0.138784212547097 0.098772416355636716 0.084965094733348331 0.021115725967034669 -0.030747740790277939
leaf_weight=53.106103250145679 9.4609290338412375 111.68536120795761 8.9119110246538167 14.389441882958634 81.131422303413274 23.360497517860495 22.871708407416012 6.7181961286696597 6.0346567585947914 0.68158440850675006 3.2807256345404303 1.7959494467359061 8.7213777973083797 18.718039828236215
leaf_count=6978 350 9873 677 260 5368 5007 1091 1825 439 32 194 54 537 1514
internal_value=0.000162281 0.00696855 -0.00313961 -0.00182633 0.00709361 -0.00769078 0.000156956 0.0174616 0.02858 -0.0107428 -0.0125667 0.00262206 -0.00816772 -0.0142634
internal_weight=370.868 121.146 249.722 240.81 95.5209 145.289 92.1827 35.6246 28.9064 56.5582 55.8766 32.5161 29.2354 27.4394
internal_count=34199 10223 23976 23299 5628 17671 10693 3355 1530 7338 7306 2299 2105 2051
is_linear=0
shrinkage=0.05


Tree=170
num_leaves=15
num_cat=0
split_feature=4 6 5 3 0 0 5 8 4 3 0 7 3 0
split_gain=3.2977 3.35184 4.35255 8.53885 4.36197 8.22895 5.97253 4.31589 9.07923 12.9609 7.62038 6.26851 5.35904 6.00521
threshold=1.425291540803912 39.500000000000007 0.87442480772733699 0.061891555786132819 60.838119506835945 62.491285324096687 1.2167613953351977 32.15774729465813 0.25411220317122141 0.068058013916015639 120.4042205810547 0.077590537594815268 0.66872596740722667 100.57105636596681
decision_type=2 2 2 2 2 2 2 2 2 2 2 2 2 2
left_child=1 2 7 -4 6 -6 -5 12 10 -10 -9 -12 13 -1
right_child=-2 -3 3 4 5 -7 -8 8 9 -11 11 -13 -14 -15
leaf_value=0.0054697363480815282 -0.045144479128501669 0.025891581385587011 0.044198039354013945 -0.35820965164012358 0.21503483965185588 -0.036327072503698481 -0.04808298124530358 0.011654621283908052 -0.039943224830109744 0.013824269078313835 0.28034659360153785 0.078935692806030813 -0.032507210479467009 -0.011090967366237551
leaf_weight=141.38447948859539 4.0834816424176088 12.121267058653755 3.998008415335792 0.2450525918975498 0.33174513082485901 17.57960240583634 0.42361529497429729 5.6753462974447739 13.726175740070174 61.097931497497484 0.41813686559908081 5.0756630926625803 14.278886319487354 89.325340450392105
leaf_count=10853 1136 3209 284 7 10 1702 48 89 1807 1799 8 220 904 12313
internal_value=-0.000460785 3.81881e-05 -0.000848156 -0.0220889 -0.0363524 -0.0316715 -0.161738 0.000600786 0.0102378 0.00396084 0.0522885 0.0942652 -0.00278191 -0.000942173
internal_weight=369.765 365.681 353.56 22.578 18.58 17.9113 0.668668 330.982 85.9933 74.8241 11.1691 5.4938 244.989 230.71
internal_count=34389 33253 30044 2051 1767 1712 55 27993 3923 3606 317 228 24070 23166
is_linear=0
shrinkage=0.05


Tree=171
num_leaves=15
num_cat=0
split_feature=7 7 2 5 2 6 5 8 0 5 2 5 5 0
split_gain=2.82094 7.05309 4.17327 4.0374 3.59694 3.12068 4.13385 7.60492 7.50096 6.59956 5.09749 5.604 5.06025 4.95175
threshold=0.18962800261792581 0.19367531319232198 2.5244130116866041 0.12322646379470827 2.6127810358154138 30.500000000000004 0.41638326272368437 54.564784865677915 79.060150146484389 0.0051622092723846444 1.9305753936577277 0.87442480772733699 1.7439908087253573 157.17142486572268
decision_type=2 2 2 2 2 2 2 2 2 2 2 2 2 2
left_child=2 -2 -1 -4 5 6 7 -3 12 -9 13 -12 -8 -10
right_child=1 4 3 -5 -6 -7 8 9 10 -11 11 -13 -14 -15
leaf_value=-0.013145062091183249 0.071591406131552765 0.0015954055834210155 -0.050715555161879915 0.049826612135302872 -0.029419295574841658 0.030228925697336446 0.015853044625097411 -0.031737189971991993 -0.034040949683158815 0.067209895506100639 0.029468692350068878 -0.032933011235576258 0.16745049944409307 0.082900550981083024
leaf_weight=69.867923537443858 3.5113255623728028 198.57278831792064 1.2498097501520522 4.9655736696731765 9.8357394934573659 9.048490130924618 12.61700587222003 2.1407032156130281 32.788490084058139 7.9196027556899935 8.9092596999835205 6.0350239217805202 0.57557401736266989 0.93093721522018213
leaf_count=6465 136 19554 636 286 1301 2024 503 393 1581 114 372 818 29 78
internal_value=-0.00107458 0.0011537 -0.00965238 0.0296093 0.000298991 0.00134465 0.000378405 0.00374408 -0.0109736 0.0461552 -0.0200392 0.0042687 0.022467 -0.0308124
internal_weight=368.968 292.885 76.0833 6.21538 289.374 279.538 270.489 208.633 61.8563 10.0603 48.6637 14.9443 13.1926 33.7194
internal_count=34290 26903 7387 922 26767 25466 23442 20061 3381 507 2849 1190 532 1659
is_linear=0
shrinkage=0.05


Tree=172
num_leaves=15
num_cat=0
split_feature=3 6 7 3 7 3 4 7 4 1 7 6 4 0
split_gain=3.12732 3.33344 5.2051 5.37291 5.51226 4.13148 10.7708 7.06014 4.85736 6.25322 7.81573 4.05712 3.67559 3.38352
threshold=1.0503387451171877 9.5000000000000018 0.15678759701002401 0.19938659667968753 0.12329871510885225 0.10635375976562501 0.6508936173189489 0.70373550220132286 0.26878719238892596 0.2239058136102918 0.55136669971987695 29.500000000000004 0.22448450057285244 126.34774017333986
decision_type=2 2 2 2 2 2 2 2 2 2 2 2 2 2
left_child=1 -1 3 12 -5 6 13 8 -7 -10 11 -11 -3 -4
right_child=-2 2 5 4 -6 7 -8 -9 9 10 -12 -13 -14 -15
leaf_value=-0.0028938917308834315 -0.028878723166117018 0.052869707694926715 0.056865012441208077 0.024720821792402533 -0.031175588637148151 0.084673201692019417 -0.042402027747899043 -0.02700090497205563 0.031510317437439588 -0.027883874238885022 0.069176882118383062 0.043051579790580219 -0.042033317460685379 -0.015086032558455026
leaf_weight=247.31153777911095 9.3915255693718773 1.1150363902561355 16.008417193777866 13.952872550580652 6.4493448191788039 2.4666368014295577 3.8802543848287305 11.789050442981532 21.491247653961182 15.951129075197974 2.9202910301974034 2.3072939293342634 12.001882774522526 1.8196629146113981
leaf_count=26922 1034 68 685 749 255 79 305 422 1494 266 243 617 1060 59
internal_value=-0.000395616 0.000348546 0.00749852 -0.00899972 0.00705141 0.0145312 0.0330904 0.00745374 0.0164528 0.0125092 -0.00677237 -0.0189199 -0.0339658 0.0495212
internal_weight=368.856 359.465 112.153 33.5191 20.4022 78.634 21.7083 56.9256 45.1366 42.67 21.1787 18.2584 13.1169 17.8281
internal_count=34258 33224 6302 2132 1004 4170 1049 3121 2699 2620 1126 883 1128 744
is_linear=0
shrinkage=0.05


Tree=173
num_leaves=15
num_cat=0
split_feature=3 6 2 0 1 0 4 2 8 2 8 2 2 0
split_gain=2.96197 3.42947 4.399 4.36552 3.8972 3.71675 3.535 4.94741 5.10832 4.02501 8.80709 10.7862 10.7104 8.26273
threshold=1.4284400939941408 23.500000000000004 1.9305753936577277 87.570789337158217 0.51241466759094867 155.36100769042972 0.87836268068522572 0.35783112159426828 58.533706605488852 1.3441589127527138 16.805830564662134 0.3074474419886038 0.68962122920532132 137.78449249267581
decision_type=2 2 2 2 2 2 2 2 2 2 2 2 2 2
left_child=1 6 5 -4 -5 -3 9 -8 -9 10 11 -1 -12 -11
right_child=-2 2 3 4 -6 -7 7 8 -10 13 12 -13 -14 -15
leaf_value=0.0046010696822155308 -0.051486639837238973 0.045712557077722364 -0.043605024035925727 0.0065661816081658483 0.12070854106477431 -0.06339039562645328 0.047328413773680911 -0.048460916879832346 -0.0027762388183394525 0.012798665449031636 0.027055427381424604 -0.026137979310841594 -0.0091340848369867791 -0.036862268124435056
leaf_weight=53.348368703154847 2.6836915623862287 12.392518133681733 4.2558169021503982 5.880712449492421 0.85677675157785405 0.83307966589927751 2.6673229648731676 11.604395535134246 12.944559044466585 105.96258871431928 42.445132371969521 61.365173913422041 39.443440067349002 9.0948636073153448
leaf_count=2790 555 2868 585 163 24 5 55 974 1531 6244 1187 12064 2145 2999
internal_value=0.000848668 0.00123549 0.0194123 -0.00396067 0.0210812 0.0388402 -6.35775e-05 -0.0173446 -0.0243716 0.00144553 -0.00290135 -0.0118426 0.00962395 0.00887315
internal_weight=365.778 363.095 24.2189 10.9933 6.73749 13.2256 338.876 27.2163 24.549 311.66 196.602 114.714 81.8886 115.057
internal_count=34189 33634 3645 772 187 2873 29989 2560 2505 27429 18186 14854 3332 9243
is_linear=0
shrinkage=0.05


Tree=174
num_leaves=15
num_cat=0
split_feature=3 6 3 8 1 3 5 2 2 2 2 2 8 0
split_gain=3.4131 3.37649 9.52454 6.95655 5.34869 4.95633 4.76564 11.6969 4.67546 7.63142 9.23494 3.91365 3.8894 5.80488
threshold=0.95970344543457042 2.5000000000000004 0.0038375854492187504 9.1140044080615983 0.046497109253231507 0.0079078674316406267 0.00012084841728210451 0.29430479520076241 1.3441589127527138 2.2744725036165381 2.2467855369591638 0.19371974998922253 11.010845028228362 97.07806777954103
decision_type=2 2 2 2 2 2 2 2 2 2 2 2 2 2
left_child=1 5 3 4 -3 8 7 -4 -1 10 12 -7 13 -10
right_child=-2 2 6 -5 -6 11 -8 -9 9 -11 -12 -13 -14 -15
leaf_value=-0.012558294035103185 -0.026408166769081195 0.21307597161672157 0.16953854418331879 0.024996850507914767 0.067306422934639829 0.16338672429053147 0.001353673643095828 0.0054039513784989003 -0.030211689066524466 -0.042129629478160825 0.12603941618166356 -0.05042832192167529 -0.021179430388306109 0.032836914492071163
leaf_weight=56.952485286979936 11.692212308145825 1.0349625598173582 1.4626722454559047 5.265343877254054 1.605492105707526 0.22012519463896651 236.29716025627567 4.2089030294737313 4.4348950346466216 6.0055690684821448 1.9030510075390328 7.7106245438335463 6.7056291751796371 20.647561422549188
leaf_count=10626 1328 17 16 182 30 2 16034 710 236 1006 93 2053 1297 697
internal_value=0.000171444 0.00104821 0.00420529 0.0582108 0.124443 -0.00649505 0.00244078 0.0477335 -0.003377 0.00979533 0.0190511 -0.0444937 0.0126461 0.0216891
internal_weight=366.147 354.454 249.875 7.9058 2.64045 104.58 241.969 5.67158 96.6492 39.6967 33.6911 7.93075 31.7881 25.0825
internal_count=34327 32999 16989 229 47 16010 16760 726 13955 3329 2323 2055 2230 933
is_linear=0
shrinkage=0.05


Tree=175
num_leaves=15
num_cat=0
split_feature=3 8 4 4 6 0 0 0 1 6 3 8 3 1
split_gain=2.76293 3.16495 4.51239 3.30482 5.46877 3.00182 2.68335 10.9473 28.27 2.67877 7.12337 5.87069 4.65795 3.39526
threshold=1.4284400939941408 105.43739546600601 0.37983835708045405 0.88802145252098208 20.500000000000004 138.21686553955081 159.37799072265628 158.5063400268555 0.57675812763879775 2.5000000000000004 0.0011482238769531252 9.4097008695142588 0.0079078674316406267 0.91995608969137332
decision_type=2 2 2 2 2 2 2 2 2 2 2 2 2 2
left_child=1 3 -3 6 -5 -4 7 9 -9 12 11 -11 13 -1
right_child=-2 2 5 4 -6 -7 -8 8 -10 10 -12 -13 -14 -15
leaf_value=-0.0040090764899826711 -0.051796858209641784 0.18848213511150747 0.031943918459702993 -0.026618432338118999 0.044281389760271364 -0.018091628939366718 -0.038181473816033248 -0.050160274970671416 1.0257573063795069 0.14752961858999919 0.0029825488921844286 0.018248643987292316 -0.044135982279023281 0.066830182883861861
leaf_weight=91.842807354056276 2.5567304725118438 0.39907598006538947 10.857326077326432 22.31820929583046 3.097264514246489 4.1407583746185983 4.365480641310568 0.17793250805698235 0.09294458432123065 1.5464940350502723 211.98765020538121 2.0318750981241465 7.3140767409931859 1.7232095096260298
leaf_count=13285 538 26 2032 2162 401 398 1312 80 34 9 11984 38 1936 40
internal_value=-2.33575e-06 0.000363584 0.0225451 -0.000622087 -0.0179782 0.0181298 0.000751747 0.00128838 0.319013 0.00101641 0.00416344 0.0741211 -0.00570833 -0.00270443
internal_weight=364.452 361.895 15.3972 346.498 25.4155 14.9981 321.082 316.717 0.270877 316.446 215.566 3.57837 100.88 93.566
internal_count=34275 33737 2456 31281 2563 2430 28718 27406 114 27292 12031 47 15261 13325
is_linear=0
shrinkage=0.05


Tree=176
num_leaves=15
num_cat=0
split_feature=3 6 3 5 0 0 0 0 6 2 5 5 3 3
split_gain=2.49192 2.83773 4.43388 6.14284 11.0708 6.17121 6.12943 9.62995 5.63145 5.60578 11.1561 5.36285 9.08128 13.0915
threshold=1.4284400939941408 9.5000000000000018 0.012794494628906252 1.0000000180025095e-35 87.993278503417983 89.45114898681642 63.323648452758796 61.501644134521491 3.5000000000000004 0.83837680535064596 3.741309046745301e-05 0.0045885443687438974 0.078516006469726576 0.081045150756835951
decision_type=2 2 2 2 2 2 2 2 2 2 2 2 2 2
left_child=1 2 3 5 9 6 7 -1 -4 10 -5 12 -10 -14
right_child=-2 -3 8 4 -6 -7 -8 -9 11 -11 -12 -13 13 -15
leaf_value=-0.026852526299210838 -0.051429237841495216 0.0058687030915951779 -0.038147265721190982 0.11688663611988746 -0.0062761667768564226 0.0050926647746427165 -0.0469914004524708 0.075253606250153343 -0.016599219828855104 0.097158864291284092 -0.020552439887365999 -0.01373204524186596 0.31610151817946552 0.027967149039460171
leaf_weight=7.8311101046856511 2.4347376986115696 113.18240171912475 15.786418981268069 2.293878440512346 13.26558785617817 67.592792673851363 13.382594497175885 3.2748691022861749 16.807002208195627 5.5004696063697338 4.1436324260430411 75.459274902415927 0.40311080618994566 17.874110418051714
leaf_count=565 562 6513 4022 31 888 10284 2894 59 2425 96 162 4730 71 968
internal_value=-0.00101725 -0.000673242 -0.0037126 0.00328811 0.0251601 -0.00269847 -0.0242034 0.00325596 -0.0102121 0.0600924 0.0284212 -0.00622272 0.00992836 0.0343221
internal_weight=359.232 356.797 243.615 117.285 25.2036 92.0814 24.4886 11.106 126.33 11.938 6.43751 110.543 35.0842 18.2772
internal_count=34270 33708 27195 14979 1177 13802 3518 624 12216 289 193 8194 3464 1039
is_linear=0
shrinkage=0.05


Tree=177
num_leaves=15
num_cat=0
split_feature=5 6 4 3 8 5 5 0 2 8 5 8 3 4
split_gain=2.87222 3.80359 3.50935 5.21445 5.63176 4.73466 5.81881 6.27951 4.35426 3.46707 7.83496 7.02512 6.60856 6.20742
threshold=1.5306082963943484 34.500000000000007 0.88802145252098208 0.22476959228515628 36.521980790363109 0.21198755502700808 0.0041579008102417001 90.474800109863295 0.41371398353154126 26.838906819049658 0.80175916850566875 71.542444808196308 0.66872596740722667 0.1979121975128342
decision_type=2 2 2 2 2 2 2 2 2 2 2 2 2 2
left_child=1 2 9 -4 8 6 -6 -8 -5 12 11 13 -1 -11
right_child=-2 -3 3 4 5 -7 7 -9 -10 10 -12 -13 -14 -15
leaf_value=-0.000146181499980357 -0.029729420027794464 0.032007268431542384 -0.051889506439398353 0.052964152620308486 0.063246006337577418 0.051876997885604306 0.063542017576615081 -0.050773460901146233 -0.060474083919340907 0.042988265858073998 -0.019494612201403999 0.062702129680458352 -0.044602655856212842 0.0047966415200753612
leaf_weight=205.36313296097796 7.7864187022205433 9.603418195853008 7.6688251982559477 1.0011540967971111 2.2525106403045339 5.1383263028692445 1.4959254385903475 6.099781300930772 5.4560825796797872 12.880412072991019 19.126061449613189 7.3472097993362686 8.7141531419474614 61.149296339601278
leaf_count=22102 1565 2647 2259 31 17 125 33 134 95 401 1026 199 833 2810
internal_value=0.000308959 0.000970985 0.000103773 -0.0165044 -0.00384988 0.0129697 -0.00733032 -0.0282598 -0.0428862 0.00164077 0.0093017 0.0160697 -0.00195581 0.0114416
internal_weight=361.083 353.296 343.693 29.1126 21.4438 14.9865 9.84822 7.59571 6.45724 314.58 100.503 81.3769 214.077 74.0297
internal_count=34277 32712 30065 2694 435 309 184 167 126 27371 4436 3410 22935 3211
is_linear=0
shrinkage=0.05


Tree=178
num_leaves=15
num_cat=0
split_feature=0 7 7 2 2 4 3 0 1 1 2 2 0 2
split_gain=2.5509 3.07424 4.09551 4.097 16.891 3.66363 4.90698 4.5015 4.22702 3.10557 5.20001 6.36931 12.9593 12.9083
threshold=29.35390663146973 0.84376341230301055 0.83068331733219203 0.86290412429234575 1.0529807533598741 0.0026172659535164682 0.0048103332519531259 114.16517257690431 0.91064254490871099 0.41855684098848628 2.1751333049019546 2.0285136408607172 133.61271667480472 2.1100550646650165
decision_type=2 2 2 2 2 2 2 2 2 2 2 2 2 2
left_child=-1 2 9 -4 -5 -3 -7 8 -8 -2 11 -11 -13 -14
right_child=1 5 3 4 -6 6 7 -9 -10 10 -12 12 13 -15
leaf_value=0.041916019785058378 -0.0033811241387748771 -0.049778922291018324 -0.023994072132038843 0.34063454893118461 0.031162768886307063 0.12164846579650555 -0.037697149510178621 0.24458762187831309 0.048048745967119402 0.0085218081504437205 -0.025017207278964684 0.022341489987672585 0.38724749514173362 -0.050239406704318604
leaf_weight=3.5941392602398983 228.42987494467525 6.772689214674755 1.6401093320455391 0.50361396162770677 3.5414711179910228 0.74718469730578263 6.1258836838242097 0.16715511458460319 1.87791034032125 88.135051368328277 11.228803299192803 2.4052239002194251 0.55689211818389583 0.24182478414149955
leaf_count=958 21951 1534 256 31 204 34 945 12 103 6424 1548 142 31 63
internal_value=6.18678e-06 -0.000421285 0.000586922 0.0426648 0.0696921 -0.0220547 -0.00100012 -0.0122156 -0.0175788 -0.000135804 0.00709188 0.0110392 0.0802893 0.254791
internal_weight=355.968 352.374 336.683 5.68519 4.04509 15.6908 8.91813 8.17095 8.00379 330.998 102.568 91.339 3.20394 0.798717
internal_count=34236 33278 30650 491 235 2628 1094 1060 1048 30159 8208 6660 236 94
is_linear=0
shrinkage=0.05


Tree=179
num_leaves=15
num_cat=0
split_feature=4 8 5 5 4 8 5 4 5 5 3 5 6 4
split_gain=2.56021 3.32071 4.17953 3.10749 5.77966 4.49408 7.38161 3.64573 8.87083 14.3043 7.80941 8.6118 5.79296 6.50624
threshold=1.4747630413363322 100.15577384350694 1.5306082963943484 1.0460253302007916 0.19685131953716958 71.542444808196308 0.1852887570858002 0.45624868648485351 0.28580918908119207 0.26717881858348852 0.15065193176269534 0.0057498812675476083 9.5000000000000018 0.88802145252098208
decision_type=2 2 2 2 2 2 2 2 2 2 2 2 2 2
left_child=1 3 -3 5 -5 7 -7 -1 9 10 -9 -12 -13 -14
right_child=-2 2 -4 4 -6 6 -8 8 -10 -11 11 12 13 -15
leaf_value=0.0015581789756978447 -0.047825895320946277 0.03640436272456795 -0.020315696170244996 0.019125309825037209 -0.052677209975426492 -0.041456960247389207 0.045233206679879796 -0.034360102499623908 -0.043960857958046211 0.15761975511308612 0.046809013815838116 -0.039349428408632918 0.037588672684363132 -0.026926940791447564
leaf_weight=241.57255523465574 2.8083924654929424 12.541067943384407 4.3828996688243924 4.4622828110877872 7.5352450906939339 3.1132774024736127 11.623418837902134 16.381025723763742 16.106959506694693 1.3741842279559922 9.9580135658616182 9.3437406332232076 9.2058160890592244 6.7903962794807731
leaf_count=24256 920 1923 762 562 1031 441 440 2035 753 32 169 389 292 208
internal_value=-0.000274288 0.000102538 0.0217152 -0.000981339 -0.0259714 -6.01482e-05 0.026919 -0.00133965 -0.0114616 -0.00159484 -0.00582848 0.00741243 -0.00806951 0.0102018
internal_weight=357.199 354.391 16.924 337.467 11.9975 325.469 14.7367 310.733 69.1601 53.0532 51.679 35.298 25.34 15.9962
internal_count=34213 33293 2685 30608 1593 29015 881 28134 3878 3125 3093 1058 889 500
is_linear=0
shrinkage=0.05


Tree=180
num_leaves=15
num_cat=0
split_feature=5 6 7 7 5 8 7 2 5 5 8 2 8 1
split_gain=2.65492 3.48844 2.74975 5.19141 3.61609 3.55647 2.81715 4.41081 4.15684 7.57081 11.7085 9.39584 8.16293 6.16429
threshold=1.8133262246847155 83.500000000000014 0.91273867979266166 0.84376341230301055 1.3411045074462892e-05 33.533892524313934 0.15025983845301286 2.5244130116866041 0.41638326272368437 0.23088824748992923 40.322943835975146 2.2911722687442189 46.161029213129602 -0.61325440903696427
decision_type=2 2 2 2 2 2 2 2 2 2 2 2 2 2
left_child=1 2 3 6 -4 -5 7 -1 9 11 -11 -8 -12 -10
right_child=-2 -3 4 5 -6 -7 8 -9 13 10 12 -13 -14 -15
leaf_value=-0.014570544621377786 -0.050542120850691791 0.046502969881300482 -0.02409607395467896 -0.040308420207927548 0.064354226306492818 0.10680827148539136 0.0044014356139340689 0.036337680627453045 -0.043848483805792926 0.0092666241677598019 0.22167286239722933 -0.044112352864645689 0.060086460407866686 -0.0020341676921553607
leaf_weight=49.495860913855722 2.596394198073539 4.0220603222842319 1.7137430059956376 10.611241615493778 3.547531125950627 0.42734858090989369 168.89648828751524 4.6549935579823787 10.520087965182027 24.765554452780634 0.86120225698687036 10.607132274657486 8.454322583449537 54.348752331279684
leaf_count=4466 1064 1968 270 2151 225 18 15513 729 829 1656 39 2164 225 3008
internal_value=-0.000166706 0.000203894 -0.000329827 -0.000879059 0.0355435 -0.0346129 0.000240513 -0.0101943 0.00226977 0.0056365 0.0272406 0.00153468 0.0750248 -0.00881539
internal_weight=355.523 352.926 348.904 343.643 5.26127 11.0386 332.604 54.1509 278.454 213.585 34.0811 179.504 9.31552 64.8688
internal_count=34325 33261 31293 30798 495 2169 28629 5195 23434 19597 1920 17677 264 3837
is_linear=0
shrinkage=0.05


Tree=181
num_leaves=15
num_cat=0
split_feature=0 8 5 4 2 8 4 6 5 4 0 2 4 2
split_gain=2.64246 4.55392 11.7118 7.26301 6.98655 7.31821 7.46442 6.13697 5.62271 6.04656 5.26291 5.21792 8.87364 6.31676
threshold=89.792770385742202 6.3079597006222246 4.9632042646408088e-05 0.13694427797210265 0.78529448478260744 12.646520065838963 0.52266693415598608 14.500000000000002 0.0014325976371765139 0.25135020826680415 88.987895965576186 0.19371974998922253 0.044826380486071744 1.1281769407652995
decision_type=2 2 2 2 2 2 2 2 2 2 2 2 2 2
left_child=1 11 -3 -4 5 8 10 -8 9 -5 -7 12 -1 -13
right_child=-2 2 3 4 -6 6 7 -9 -10 -11 -12 13 -14 -15
leaf_value=-0.019649607664835218 -0.0023080642288483845 0.083835931893928517 0.034772425826153301 -0.025787836638570323 -0.02075826137847844 0.064266639008841914 -0.016092596665732064 0.042380988052427557 -0.037983320807649879 0.11708413143171714 -0.04012875403824278 -0.023646015995703054 0.083633527016469381 0.034742129983466423
leaf_weight=4.4176123959477973 214.38368207884196 5.4516073589911676 20.213019815331791 1.5971983880735927 24.532762804461527 11.961434000870211 12.374544750433417 7.0399921515490851 9.8137813583598454 1.3807366241235284 1.3427955186925817 30.829832642164547 3.929403688525781 5.4512154603144145
leaf_count=186 22451 160 1099 87 3117 470 246 912 515 38 41 4539 60 401
internal_value=0.0011835 0.00651738 0.0126678 0.00836919 0.000749769 0.0123438 0.0248805 0.00511077 -0.0197226 0.0404556 0.05373 -0.00667271 0.0289715 -0.0148732
internal_weight=354.72 140.336 95.7079 90.2563 70.0432 45.5105 32.7188 19.4145 12.7917 2.97794 13.3042 44.6281 8.34702 36.281
internal_count=34322 11871 6685 6525 5426 2309 1669 1158 640 125 511 5186 246 4940
is_linear=0
shrinkage=0.05


Tree=182
num_leaves=15
num_cat=0
split_feature=7 0 4 6 5 3 2 5 3 4 3 3 3 6
split_gain=3.29467 4.07681 3.44853 5.66471 6.66064 8.39408 6.46472 7.50051 12.9947 5.51308 5.71253 8.89989 6.34071 7.62343
threshold=0.84376341230301055 27.956548690795902 0.19685131953716958 7.5000000000000009 0.0041579008102417001 0.17055130004882815 0.63195765266634985 0.00044250488281250005 0.049491882324218757 0.18994234496533166 0.63340187072753917 0.59323120117187511 0.057445526123046882 6.5000000000000009
decision_type=2 2 2 2 2 2 2 2 2 2 2 2 2 2
left_child=2 -2 9 4 5 6 7 8 -4 10 11 12 13 -1
right_child=1 -3 3 -5 -6 -7 -8 -9 -10 -11 -12 -13 -14 -15
leaf_value=0.0045149625493789277 0.1022609753155849 -0.028511214569141848 0.013434432045808653 0.0014622757410077229 -0.036149597189407037 0.061354695621290534 -0.050264894264985184 -0.042571347482133259 0.20661519136242085 0.048896576626478061 -0.052318178265873441 0.072056992837786313 -0.02091635150061226 0.05475621370844172
leaf_weight=120.00208083505277 0.62151503650238638 14.504735803231595 5.7959898926783406 122.57647508451191 25.759604571765522 4.5908173611387602 7.4239028609881634 4.1863545695086941 1.0243749893270431 7.1116945279063648 4.3937077472801311 4.864759511081501 22.849636934523005 8.0573489794041944
leaf_count=14074 22 2658 162 7633 2814 148 2890 243 14 223 384 52 2241 497
internal_value=-0.000307195 -0.023138 0.000712612 -0.00427267 -0.0186834 0.000860286 -0.014208 0.0101119 0.0424489 0.00581943 0.00390674 0.0054926 0.00334681 0.00767608
internal_weight=353.763 15.1263 338.637 171.358 48.781 23.0214 18.4306 11.0067 6.82036 167.279 160.168 155.774 150.909 128.059
internal_count=34055 2680 31375 13904 6271 3457 3309 419 176 17471 17248 16864 16812 14571
is_linear=0
shrinkage=0.05


Tree=183
num_leaves=15
num_cat=0
split_feature=1 3 2 3 5 8 2 2 5 1 0 3 6 3
split_gain=2.99063 5.99109 6.63404 6.18846 22.5781 4.81663 9.06194 7.49271 4.76107 4.1323 3.71734 4.22753 3.65061 3.51134
threshold=0.41855684098848628 0.31813621520996099 2.1751333049019546 0.23117065429687503 0.0066341161727905282 16.805830564662134 0.40373106410943954 2.1577891950681192 0.14879065752029422 0.37794493587416933 47.171625137329109 1.0000000180025095e-35 22.500000000000004 0.12562561035156253
decision_type=2 2 2 2 2 2 2 2 2 2 2 2 2 2
left_child=9 2 3 5 -5 7 -7 8 -2 10 11 -1 -4 -13
right_child=1 -3 12 4 -6 6 -8 -9 -10 -11 -12 13 -14 -15
leaf_value=-0.050916587608231104 0.010969411972973308 -0.019384388119640557 -0.036149014323891428 0.4130655607590269 0.036052102758644865 0.14379740628488577 0.02433447160948389 0.23959286971635108 -0.027897386172706148 -0.035825965114217047 -0.0021661410897224633 0.076497086877255302 0.089767550878535607 0.014806791443064968
leaf_weight=1.4859221663791675 53.470741127268411 17.310631805841695 8.665905295638364 0.44385998975485463 3.7705404069274664 1.7124871478299635 21.737973124545533 0.34293719590641458 9.2410208205692452 8.698434384481514 213.74518453859491 3.8696597825037298 0.61658155615441579 5.7106765467033256
leaf_count=124 5205 1538 1164 33 250 24 1283 25 696 676 21369 386 17 1464
internal_value=0.00126056 0.00777366 0.0124748 0.0165942 0.0757591 0.0137118 0.0330583 0.00651668 0.00524211 -0.00201154 -0.000703193 0.0275537 -0.0277851 0.0397245
internal_weight=350.823 117.313 100.002 90.7196 4.2144 86.5052 23.4505 63.0547 62.7118 233.51 224.811 11.0663 9.28249 9.58034
internal_count=34254 10235 8697 7516 283 7233 1307 5926 5901 24019 23343 1974 1181 1850
is_linear=0
shrinkage=0.05


Tree=184
num_leaves=15
num_cat=0
split_feature=7 7 7 5 2 2 0 4 0 4 6 4 4 0
split_gain=2.91232 4.2648 3.00143 4.88197 5.11765 3.79994 3.4028 5.54704 5.56668 4.14614 4.00129 3.08106 3.04634 5.10931
threshold=0.92366396713575927 0.84376341230301055 0.15025983845301286 0.17872929573059085 0.50013442551540477 0.37002037349725703 100.57105636596681 0.062472461335653824 120.80342483520509 0.22448450057285244 10.500000000000002 0.76972427064681115 0.54411749956076683 78.427822113037124
decision_type=2 2 2 2 2 2 2 2 2 2 2 2 2 2
left_child=1 2 3 5 -5 -1 9 8 -8 -6 -9 -11 13 -7
right_child=-2 -3 -4 4 6 12 7 10 -10 11 -12 -13 -14 -15
leaf_value=-0.0018268001462180762 0.045827993732492682 -0.02846765047266743 0.0035365330973906647 0.1252024055054288 0.033809724492850073 0.27005658326446313 0.35201858232397287 -0.02537155057361002 0.042812563892589695 -0.059281324914143507 0.037704024777597246 0.023106648363657802 -0.053479686758902967 -0.018691088516452532
leaf_weight=14.637976361613253 3.5627272173296651 12.349172292175352 281.97069610879407 0.91482884093420835 2.6728429561189859 0.15604682604316877 0.24787653889506955 3.9972072214295604 0.35263732948806137 4.9321885375829879 6.777375537174521 1.4738871839363126 10.658288096456088 8.404902264068367
leaf_count=590 248 2456 25760 70 151 43 26 557 23 319 167 533 1837 1586
internal_value=0.000850367 0.000391935 0.00144886 -0.00921028 0.00950216 -0.0210206 0.00432734 0.0225469 0.170445 -0.0185002 0.0143039 -0.0403258 -0.0356391 -0.0134279
internal_weight=353.109 349.546 337.197 55.2261 21.3688 33.8572 20.454 11.3751 0.600514 9.07892 10.7746 6.40608 19.2192 8.56095
internal_count=34366 34118 31662 5902 1846 4056 1776 773 49 1003 724 852 3466 1629
is_linear=0
shrinkage=0.05


Tree=185
num_leaves=15
num_cat=0
split_feature=7 4 7 2 6 4 2 7 8 7 8 7 4 7
split_gain=2.61303 3.91363 2.94201 2.56732 2.39225 4.47738 8.57695 6.43058 6.05593 5.91513 5.07588 4.48867 20.9565 7.31962
threshold=0.91273867979266166 0.0026172659535164682 0.8751934046185611 1.1281769407652995 9.5000000000000018 0.19685131953716958 0.45259741245085433 0.72035619724157318 14.584425384664071 0.05696313819101427 31.048452394820711 0.096341436636720304 0.2389917738219173 0.092694996008817934
decision_type=2 2 2 2 2 2 2 2 2 2 2 2 2 2
left_child=2 3 4 -2 5 -1 7 8 -7 -10 -8 12 -12 -14
right_child=1 -3 -4 -5 -6 6 10 -9 9 -11 11 -13 13 -15
leaf_value=0.0018247991077974032 -0.051671971126072858 0.073609134096960335 -0.038710470778227257 0.08866801269714103 0.0063123235010565104 -0.030004178935763643 -0.044466941486566713 0.11438463926446713 -0.053138391567059601 0.031976686692645216 0.62810580034861196 -0.020105968930128459 0.0024727495907289794 0.43148003745962848
leaf_weight=163.70612436265219 1.4274674574844528 2.8736265175975859 4.9266061436501323 0.4222846261691301 109.10124383193033 9.2527264256496036 21.78984914724424 1.3522088837344188 2.3689981542993364 14.753081061993724 0.14690355060156735 15.67734209584887 2.9729710976826031 0.10286594272474747
leaf_count=17995 292 187 1152 9 6956 264 3851 35 66 294 8 2417 760 12
internal_value=0.000155903 0.0370938 -0.000348131 -0.0196334 0.000205746 -0.00266444 -0.0134061 0.00803986 0.00258768 0.0202002 -0.0280199 -0.00905822 0.0446846 0.0168201
internal_weight=350.874 4.72338 346.151 1.84975 341.224 232.123 68.4169 27.727 26.3748 17.1221 40.6899 18.9001 3.22274 3.07584
internal_count=34298 488 33810 301 32658 25702 7707 659 624 360 7048 3197 780 772
is_linear=0
shrinkage=0.05


Tree=186
num_leaves=15
num_cat=0
split_feature=7 6 4 3 2 3 0 3 7 2 0 4 3 4
split_gain=2.89406 3.956 5.98211 6.32782 6.37861 6.07835 5.28167 6.61933 4.98668 3.91886 4.1323 3.19861 3.24067 3.0244
threshold=0.14574789607466038 4.5000000000000009 0.30396459996461506 0.072273254394531264 0.92258731811617445 0.22476959228515628 103.51881790161134 0.11222457885742189 0.061138047870242726 0.36188519508372285 80.021316528320327 0.36066382065471364 0.64322090148925792 1.3260452664110323
decision_type=2 2 2 2 2 2 2 2 2 2 2 2 2 2
left_child=1 -1 3 4 -3 -5 9 -8 -7 10 -4 -11 -13 -9
right_child=-2 2 6 5 -6 8 7 13 -10 11 -12 12 -14 -15
leaf_value=-0.038377772363643536 0.0014317645144849606 0.24401349583896154 0.064663461958925278 -0.057604611646807524 0.056200457986335786 -0.044069696369464069 -0.050466759194640123 0.043917914368865482 0.16337397924271249 -0.21363157810408789 -0.01913946615270147 -0.053137819043100415 0.011413465168031774 -0.044348211981295793
leaf_weight=10.722186396364121 297.82468529009202 0.52889526449143831 1.8398115878226251 2.3298919834196572 3.1126778358593583 0.48204635991714873 3.0962602637591763 8.3989947215886769 0.72603765034000389 0.27489492506720026 7.3381451210007071 10.581231933203524 2.3820056027034289 1.097277033724821
leaf_count=2252 28706 9 89 81 123 40 1468 276 29 20 117 753 366 137
internal_value=-0.000482599 -0.0112583 -0.00436581 0.03721 0.0834781 -0.0104129 -0.0128922 0.0130193 0.0806004 -0.0274483 -0.00234035 -0.0448555 -0.0412765 0.0337189
internal_weight=350.735 52.9104 42.1882 7.17955 3.64157 3.53798 35.0086 12.5925 1.20808 22.4161 9.17796 13.2381 12.9632 9.49627
internal_count=34466 5760 3508 282 132 150 3226 1881 69 1345 206 1139 1119 413
is_linear=0
shrinkage=0.05


Tree=187
num_leaves=15
num_cat=0
split_feature=6 4 4 4 3 3 3 3 4 8 5 5 1 5
split_gain=2.52251 6.32921 8.04437 8.16195 5.2777 4.8207 11.6963 3.68208 3.39329 9.50866 3.16182 3.02974 10.8898 5.3999
threshold=4.5000000000000009 0.02893896311069 0.031007161802579179 0.070827808270809159 0.014400482177734377 0.59323120117187511 0.60264587402343761 0.23117065429687503 0.0026172659535164682 8.0937926399559732 2.5682151317596439e-05 0.00085252523422241222 -0.77974129643416656 0.00082851946353912364
decision_type=2 2 2 2 2 2 2 2 2 2 2 2 2 2
left_child=4 -2 -3 7 -1 8 -7 -4 9 -6 -5 12 -10 -14
right_child=1 2 3 10 5 6 -8 -9 11 -11 -12 -13 13 -15
leaf_value=0.00080246153156065473 0.098215659891522714 -0.097980537088284067 0.075454274641729657 0.085045232279196303 -0.050198907682968676 0.074857553485235942 -0.051128188260835532 -0.052794786641169503 0.58187134363570781 0.6386686558760365 0.0013839303227919358 -0.035743729114354243 -0.012596295601957866 0.29558181379539844
leaf_weight=114.26932785380632 1.7518173581920553 1.9619320875499386 5.2505165276816106 1.1364942441578012 0.16188590344972809 4.040175931993871 3.3863614707370289 0.6264324664371087 0.079094077227636173 0.07254164305049926 179.61905937429401 28.612274217652157 8.5591173520078847 0.14454242843203324
leaf_count=14888 47 13 142 28 46 26 558 58 23 15 11781 4769 1829 38
internal_value=-0.000270015 0.00361531 0.00273658 0.00379535 -0.00491181 -0.0194041 0.0174104 0.061784 -0.0266699 0.162965 0.00190995 -0.0278587 -0.0021709 -0.00747836
internal_weight=349.672 190.346 188.594 186.633 159.325 45.056 7.42654 5.87695 37.6295 0.234428 180.756 37.395 8.78275 8.70366
internal_count=34261 12069 12022 12009 22192 7304 584 200 6720 61 11809 6659 1890 1867
is_linear=0
shrinkage=0.05


Tree=188
num_leaves=15
num_cat=0
split_feature=1 2 0 2 1 8 5 8 3 8 7 8 5 8
split_gain=2.76913 2.61585 2.62805 2.51034 2.47866 4.05774 2.92494 4.89514 4.21414 4.76009 4.45474 4.01518 7.42172 6.79489
threshold=0.91064254490871099 0.41371398353154126 29.35390663146973 0.51339809196956099 0.8438765636221478 37.45128992292512 0.81122995913028728 178.9403846034796 0.066116333007812514 27.609944032743762 0.56632476578086333 71.542444808196308 0.1852887570858002 138.77345012746602
decision_type=2 2 2 2 2 2 2 2 2 2 2 2 2 2
left_child=4 2 -2 -3 6 -6 11 8 -8 10 -10 -1 -13 -14
right_child=1 3 -4 -5 5 -7 7 -9 9 -11 -12 12 13 -15
leaf_value=-0.00048770723783367098 0.13687766000760548 0.12880240309319374 -0.050344738232850489 0.021035912344655214 -0.037563780485452058 0.18743601648294461 0.013151042787400808 0.033379654963164272 0.083397191835292594 -0.041761463172724077 -0.04995994750407444 -0.036701695012100653 0.056606168782210579 -0.022848292341626646
leaf_weight=288.316336479038 0.23185314238071375 1.1306606645230206 0.97845308587420732 1.0351043557748196 6.677212171314749 0.20658220490440715 6.3820867499453042 4.545450222271028 1.5703662921441748 19.043102974523208 1.0415804013900922 4.1234088409109999 12.000980683893429 3.4685339538846156
leaf_count=26671 1 27 184 36 1260 34 479 856 188 2285 214 1092 659 374
internal_value=-0.000669344 0.0443953 -0.0144794 0.0772966 -0.00110732 -0.0308116 -0.000506781 -0.0147528 -0.0225562 -0.0330796 0.0302176 0.00100071 0.0229033 0.0387911
internal_weight=350.752 3.37607 1.21031 2.16577 347.376 6.88379 340.492 32.5826 28.0371 21.655 2.61195 307.909 19.5929 15.4695
internal_count=34360 248 185 63 34112 1294 32818 4022 3166 2687 402 28796 2125 1033
is_linear=0
shrinkage=0.05


Tree=189
num_leaves=15
num_cat=0
split_feature=3 6 4 2 6 0 4 1 2 2 3 1 4 0
split_gain=2.45579 2.46501 2.43969 2.68042 2.92007 3.88226 3.42618 2.30646 5.59046 9.51769 7.28351 4.49861 4.07404 3.37573
threshold=1.4284400939941408 85.500000000000014 1.0584558911895392 0.43393451962197743 17.500000000000004 123.11297988891603 1.4747630413363322 -0.70811975769026769 1.5662949417110472 1.6192699882955111 0.054920196533203132 -0.70217173271201228 0.10874431361307575 120.4042205810547
decision_type=2 2 2 2 2 2 2 2 2 2 2 2 2 2
left_child=1 2 7 -4 -5 6 -6 8 -1 -10 13 12 -9 -11
right_child=-2 -3 3 4 5 -7 -8 11 9 10 -12 -13 -14 -15
leaf_value=-0.030368950910136156 -0.051841573522821774 0.03782357974942168 0.02574340856067054 -0.051379715357438828 0.071738966537658669 -0.048844559282698922 -0.055022627464216649 -0.050658281769424177 0.30798900043103344 0.069344201524061108 -0.051312905946487297 7.8153511479892317e-05 0.089211497408083235 -0.051053755974541037
leaf_weight=17.744975987880029 2.3886069677537298 4.0471143219619981 2.5196606868412337 7.2027680801693332 2.0280407080426817 2.3745593302301131 0.72312854253686953 0.65756771434098427 0.27807073382427816 3.7212965779472142 2.9181252114358358 294.04419678740669 2.4997252451721579 0.69017414096742857
leaf_count=2928 572 2151 92 1873 80 61 109 95 38 201 399 25398 47 231
internal_value=-0.00131966 -0.000966238 -0.00143152 -0.0212481 -0.030852 -0.00200619 0.0384204 -0.000519302 -0.0149955 0.0208631 0.00997011 0.000715587 0.0600809 0.050508
internal_weight=343.838 341.449 337.402 14.8482 12.3285 5.12573 2.75117 322.554 25.3526 7.60767 7.3296 297.201 3.15729 4.41147
internal_count=34275 33703 31552 2215 2123 250 189 29337 3797 869 831 25540 142 432
is_linear=0
shrinkage=0.05


Tree=190
num_leaves=15
num_cat=0
split_feature=4 8 4 8 0 4 2 8 4 4 3 1 1 1
split_gain=2.54321 2.51105 2.84885 4.21126 2.58238 2.49229 9.61485 8.55768 7.32235 7.79733 5.58879 6.02859 5.41224 5.24552
threshold=1.4583551057799591 108.66697025721324 0.46619548537406291 152.79227525053952 144.46268463134768 0.25411220317122141 0.45259741245085433 34.135115611666954 0.33669462237475672 0.27189374381364662 0.078516006469726576 0.23715818628274279 -0.07067750851995859 -0.47673248846111344
decision_type=2 2 2 2 2 2 2 2 2 2 2 2 2 2
left_child=1 5 3 -3 -4 -1 8 -8 9 -7 -10 12 -12 -9
right_child=-2 2 4 -5 -6 6 7 13 10 -11 11 -13 -14 -15
leaf_value=0.0022538317703035579 -0.04645083311062484 0.038530297064618933 0.024351734522026939 0.24689373851630553 -0.034778906694018528 -0.04777499182674616 -0.040451442023505507 -0.035519543532634486 -0.025588549875394252 0.12718807643931423 0.031508864432451482 0.067803129718277538 -0.019369458298165203 0.00099543648343048091
leaf_weight=202.81838756758953 3.0148990723828311 0.94349417573539429 9.9742940315045399 0.32638748316094279 2.2659054821706368 0.84608079586178009 25.143382636684692 12.162573360925306 9.4706538242753577 2.5742160142399371 11.011201919871384 5.1355641893169368 9.9504302837303857 51.399548878878704
leaf_count=22088 984 151 1986 7 238 31 3169 777 233 74 322 187 230 3919
internal_value=-0.000728347 -0.00032765 0.0208009 0.0920843 0.0134055 -0.0011913 -0.00666328 -0.0157592 0.0140317 0.0839074 0.00731231 0.019252 0.00735706 -0.00599168
internal_weight=347.037 344.022 13.5101 1.26988 12.2402 330.512 127.694 88.7055 38.9881 3.4203 35.5679 26.0972 20.9616 63.5621
internal_count=34396 33412 2382 158 2224 31030 8942 7865 1077 105 972 739 552 4696
is_linear=0
shrinkage=0.05


Tree=191
num_leaves=15
num_cat=0
split_feature=8 8 2 2 8 2 7 2 2 6 8 2 1 7
split_gain=2.87545 8.94582 7.60231 7.95661 6.46162 5.35837 6.45079 7.06587 5.1762 4.78015 4.73118 5.05255 4.64316 5.54067
threshold=12.646520065838963 11.010845028228362 1.2913662468810931 0.3074474419886038 13.021282713125112 0.68962122920532132 0.23838350569042316 0.67502802314305554 1.7691873304478558 2.5000000000000004 66.700901428593724 0.83837680535064596 0.83956657193573092 0.31257251307131845
decision_type=2 2 2 2 2 2 2 2 2 2 2 2 2 2
left_child=1 2 3 -1 12 6 7 -6 -4 -10 11 -7 13 -2
right_child=4 -3 8 -5 5 10 -8 -9 9 -11 -12 -13 -14 -15
leaf_value=0.0051909419895633142 0.09540627467331296 -0.046534228032600586 0.031238944165040375 -0.025630526704042617 -0.0048891716365556262 -0.036460200018817383 0.029996796637939784 0.16275955360622812 -0.023331404760739985 0.040762707526812381 0.013574297363778571 -0.0032430087953403009 0.18675988195336563 -0.0083341765577493853
leaf_weight=45.777629757998511 2.4861528321634969 11.470196404552551 25.349651727708988 38.591520207875874 30.107095610175751 13.144583154935388 35.011146333534271 0.64189929299754922 10.76586198993027 3.9860778062720774 35.921762324971496 88.687805369772832 0.61775216180831183 2.6686355987330899
leaf_count=2664 79 1757 912 9102 1282 848 1751 25 910 207 4447 10148 16 186
internal_value=0.00138029 -0.00428165 -0.000388003 -0.00890719 0.00505797 0.00357833 0.0153208 -0.00138943 0.0175354 -0.00601273 -0.00202721 -0.0075307 0.0572235 0.0416998
internal_weight=345.228 135.941 124.471 84.3691 209.287 203.514 65.7601 30.749 40.1016 14.7519 137.754 101.832 5.77254 5.15479
internal_count=34334 15552 13795 11766 18782 18501 3058 1307 2029 1117 15443 10996 281 265
is_linear=0
shrinkage=0.05


Tree=192
num_leaves=15
num_cat=0
split_feature=3 3 5 0 6 2 2 8 0 0 7 5 7 3
split_gain=2.31933 2.05263 6.53939 7.63114 6.1856 6.11278 6.71756 5.77291 6.02475 5.20195 5.39256 4.64338 8.51115 7.39472
threshold=1.4284400939941408 0.012794494628906252 0.12322646379470827 84.645832061767592 3.5000000000000004 2.2911722687442189 2.2467855369591638 17.197493727935996 78.427822113037124 88.987895965576186 0.40404089266953147 0.46029484272003179 0.15678759701002401 0.013401031494140627
decision_type=2 2 2 2 2 2 2 2 2 2 2 2 2 2
left_child=1 2 5 -4 -5 6 -1 8 -3 -6 -11 12 -9 -13
right_child=-2 7 3 4 9 -7 -8 11 -10 10 -12 13 -14 -15
leaf_value=0.0031443803963460432 -0.051528260493919245 -0.0034417438268262053 0.074778483447761585 -0.045406363027366732 -0.051867395933957186 -0.050399779124900672 0.088000282317435771 -0.012016628324559698 -0.038184215038413905 0.1469714813326691 0.028774154352091061 -0.097121357217105839 0.020002732462830214 -0.0034361304130213033
leaf_weight=93.983137189701665 2.0445404984493498 38.659006354631856 7.2448955566505928 3.5666241361759585 1.29098587797489 5.2008604780421583 2.3916687826858825 29.418003626313293 18.425871026003733 1.3273344472981987 3.5348510891199112 2.1785648396471506 70.469215661258204 63.494139448332135
leaf_count=13237 538 2360 205 262 29 1039 150 2851 3398 13 59 11 4637 5468
internal_value=0.001567 0.00188517 0.00720018 0.0359363 0.00698422 0.00240081 0.00525019 -0.000944641 -0.0146559 0.0373519 0.061041 0.00378299 0.0105726 -0.00654396
internal_weight=343.23 341.185 118.54 16.9647 9.7198 101.576 96.3748 222.645 57.0849 6.15317 4.86219 165.56 99.8872 65.6727
internal_count=34257 33719 14994 568 363 14426 13387 18725 5758 101 72 12967 7488 5479
is_linear=0
shrinkage=0.05


Tree=193
num_leaves=15
num_cat=0
split_feature=3 4 3 8 5 4 7 2 8 2 7 7 2 2
split_gain=2.39613 2.01021 2.23207 2.04938 4.13737 6.25658 3.74517 3.64311 6.50111 9.17339 6.88783 5.34565 7.39293 5.65721
threshold=1.4284400939941408 1.5128308182275276 1.3139953613281252 100.15577384350694 0.75061712041497242 0.17499733410178073 0.62156902787236945 1.3210992505805428 12.646520065838963 0.30360405253889383 0.1644038563478068 0.8379704258690498 1.0413461526490357 0.65333829284685507
decision_type=2 2 2 2 2 2 2 2 2 2 2 2 2 2
left_child=1 2 3 4 7 6 -6 8 9 -1 -10 13 -13 -12
right_child=-2 -3 -4 -5 5 -7 -8 -9 10 -11 11 12 -14 -15
leaf_value=0.0033431163594020668 -0.051538275711646389 -0.050426475468701708 0.082189188251040629 0.01899172313871526 0.046022518340467278 -0.03453577115004814 -0.018641470801502896 0.0096808222411283174 -0.014636065516412555 -0.028289419609784344 0.025209264343397677 0.17262034093151826 -0.056449649471050127 -0.0024001719280154574
leaf_weight=47.981747558573261 2.1921903325564918 1.8968159228097636 0.84839834092417632 15.10060499285464 4.8355460920138302 18.958592915732879 4.1702728783129714 99.467814048897708 28.209417882928392 43.878848490654491 39.699322934960946 1.1576136713847507 0.50626505957916368 34.832693511387333
leaf_count=2601 565 700 64 2527 457 1516 350 8999 1425 10288 1809 83 69 2819
internal_value=0.00056884 0.000903288 0.00118995 0.000987114 0.000147194 -0.0182355 0.0160789 0.00188545 -0.00206525 -0.0117667 0.00647056 0.0142847 0.102922 0.0123059
internal_weight=343.736 341.544 339.647 338.799 323.698 27.9644 9.00582 295.734 196.266 91.8606 104.405 76.1959 1.66388 74.532
internal_count=34272 33707 33007 32943 30416 2323 807 28093 19094 12889 6205 4780 152 4628
is_linear=0
shrinkage=0.05


Tree=194
num_leaves=15
num_cat=0
split_feature=0 1 7 0 6 0 3 0 0 5 5 6 0 4
split_gain=2.95633 3.8766 17.4178 2.93993 2.79156 5.88595 6.77405 3.99548 3.67898 4.56391 3.73336 3.64714 3.21127 4.26579
threshold=137.78449249267581 -0.67636733793247883 0.70646283086187156 136.47164154052737 9.5000000000000018 106.53853225708009 0.034812927246093757 100.85143280029298 115.8661231994629 0.54955300688743602 0.23088824748992923 14.500000000000002 117.21588516235353 1.0297382742193013
decision_type=2 2 2 2 2 2 2 2 2 2 2 2 2 2
left_child=3 2 -2 4 -1 6 -6 -8 10 12 -7 -12 -10 -14
right_child=1 -3 -4 -5 5 8 7 -9 9 -11 11 -13 13 -15
leaf_value=-0.0033843707165555899 0.53258303309903121 -0.025044050096673875 -0.050150531534339682 0.054958785504204549 0.058579667785002135 -0.0054449342840727786 0.00062978408096032643 -0.033888780706521168 -0.044167332654336144 -0.023323957189876787 0.093807565203957832 0.031598817621954094 0.075636650211183543 -0.021949296679006008
leaf_weight=219.3465448035131 0.17138018790865572 17.574558403197443 0.50930851616431028 2.4304941421432877 4.5762435614597043 2.5945531450561274 59.547593983093975 9.7565970639116113 1.046699748840181 5.8652215391630307 4.6497892923653108 4.7762267532525584 4.4089935799129307 1.5011459042725617
leaf_count=22529 47 4877 260 257 412 150 4560 266 29 322 71 157 32 360
internal_value=-0.000938015 -0.0205095 0.096567 0.00017675 -0.000241861 0.00674028 -0.000339227 -0.00422972 0.0277943 0.00916407 0.0476667 0.062286 0.0365543 0.0508503
internal_weight=338.755 18.2552 0.680689 320.5 318.07 98.7231 73.8804 69.3042 24.8426 12.8221 12.0206 9.42602 6.95684 5.91014
internal_count=34329 5184 307 29145 28888 6359 5238 4826 1121 743 378 228 421 392
is_linear=0
shrinkage=0.05


Tree=195
num_leaves=15
num_cat=0
split_feature=0 0 2 1 2 2 2 2 0 7 3 0 0 3
split_gain=3.09369 4.36995 4.35205 15.5094 3.42828 4.3567 7.67032 5.70233 4.57107 5.17575 4.23476 4.09292 8.04687 9.93692
threshold=137.78449249267581 136.47164154052737 0.98684412772771579 -0.67636733793247883 1.4641134310242023 1.7691873304478558 1.9707727441949536 1.9957091434121181 120.4042205810547 0.86652853324365586 0.010856628417968752 130.71761322021487 131.692741394043 0.26821899414062506
decision_type=2 2 2 2 2 2 2 2 2 2 2 2 2 2
left_child=1 4 3 -2 -1 8 -7 10 -6 -10 -8 -9 13 -13
right_child=2 -3 -4 -5 5 6 7 11 9 -11 -12 12 -14 -15
leaf_value=-0.0025848773027300027 0.4485701396197504 0.058320573146824588 -0.035798223128076158 0.00080768541634754535 0.029885142300563879 -0.033004136311322055 0.19181352480933414 0.0017972173690794079 -0.041761353133608257 0.2482692200967816 0.045927260984511699 0.37701892574632184 -0.00015638888594151772 0.075396369961657494
leaf_weight=212.80245649252902 0.19975775689817954 3.3726763208687762 12.761167456352267 6.0696045397489824 29.69554332154803 13.166682022070743 0.61523828556528259 54.965677224157844 3.529294469102751 0.1608346253633498 2.5979988531325944 0.34965559921692957 2.6987570250639692 1.246584604232339
leaf_count=20862 48 270 4490 620 1308 844 45 4672 467 1 54 74 674 36
internal_value=0.000555612 0.00170226 -0.0190389 0.0150745 0.00110892 0.00831864 0.00167837 0.00898788 0.0233632 -0.0291203 0.0738601 0.00547037 0.052478 0.141467
internal_weight=344.232 325.201 19.0305 6.26936 321.829 109.026 75.6406 62.4739 33.3857 3.69013 3.21324 59.2607 4.295 1.59624
internal_count=34465 29307 5158 668 29037 8175 6399 5555 1776 468 99 5456 784 110
is_linear=0
shrinkage=0.05


Tree=196
num_leaves=15
num_cat=0
split_feature=3 6 2 4 2 8 0 3 7 2 2 4 7 0
split_gain=2.02288 2.12025 2.08501 2.04551 6.73807 8.60843 6.45929 7.22466 5.93642 5.87031 5.81346 5.29964 5.96959 5.1636
threshold=1.4284400939941408 85.500000000000014 2.486129589888034 0.19685131953716958 0.68962122920532132 34.135115611666954 103.82958221435548 0.076225280761718764 0.73164399655812928 0.93022615085686522 0.84562076354750859 0.24437328053083926 0.75617469799667714 144.46268463134768
decision_type=2 2 2 2 2 2 2 2 2 2 2 2 2 2
left_child=1 3 -3 10 8 -6 -7 11 -5 -9 -1 12 -8 -11
right_child=-2 2 -4 4 5 6 7 9 -10 13 -12 -13 -14 -15
leaf_value=-0.0074092293270555595 -0.051572966617633567 0.053579131482966273 -0.045350673179887974 0.0035256813570845587 -0.042366722256042884 -0.027415209982849603 0.13701103695290323 -0.033609294812144981 0.072605560875234426 0.030976032164999986 0.01077546659958741 -0.045673854088543901 -0.053484426846351685 -0.051457039811817151
leaf_weight=77.155718046473339 1.9332228229468444 3.154971120646223 0.640757038258016 66.161849900643574 20.580373894423246 22.27282156975707 0.91637674090452381 4.9575902015203601 3.2634106122422954 27.233356357202869 102.12295986351091 8.9705538218986458 0.74609845876693726 2.0421752157708388
leaf_count=10871 555 1901 187 2128 3763 1176 28 101 91 1214 9164 2322 18 614
internal_value=-0.000571344 -0.000281538 0.0368788 -0.000700803 -0.0048651 -0.0140759 -0.00540385 0.00552321 0.00677286 0.0167053 0.00294936 -0.0304777 0.051519 0.0252257
internal_weight=342.152 340.219 3.79573 336.423 157.145 87.7193 67.139 44.8662 69.4253 34.2331 179.279 10.633 1.66248 29.2755
internal_count=34133 33578 2088 31490 11455 9236 5473 4297 2219 1929 20035 2368 46 1828
is_linear=0
shrinkage=0.05


Tree=197
num_leaves=15
num_cat=0
split_feature=1 1 8 0 8 5 8 0 8 7 8 8 1 8
split_gain=2.34972 6.47162 3.50776 5.84046 7.61698 5.41648 4.92321 4.76898 4.45685 8.06895 5.13466 4.5167 5.36993 3.81527
threshold=0.41855684098848628 0.37794493587416933 9.5432315985212348 100.57105636596681 9.1140044080615983 0.009583175182342531 9.7503929265035563 100.21817016601564 3.2768177988407499 0.4967775705332374 3.125133988838841 6.9194208217021318 0.47296405108343309 5.8832732021597565
decision_type=2 2 2 2 2 2 2 2 2 2 2 2 2 2
left_child=1 -1 3 4 7 -6 -4 8 10 11 -2 12 13 -10
right_child=2 -3 6 -5 5 -7 -8 -9 9 -11 -12 -13 -14 -15
leaf_value=-0.00094823294648570559 0.002355969719149067 -0.04926230089240672 0.059502434570988742 -0.051096343940738725 0.25422031841921133 0.017898595761911374 0.0095738357615324631 0.078112772420363852 -0.048579969787927786 -0.034303290001673606 0.078409693886456452 -0.050478859100836743 0.20256624249230926 0.070001022179314087
leaf_weight=220.83166044404788 11.277249776641836 7.15575789847935 5.3557063980260855 5.8418797927442929 0.50488874665461381 0.46649172052275389 63.199118607750279 1.8152272572042409 0.92966907389927955 17.898267824377399 2.7630119945388278 1.1565147561486808 0.57872470852453251 2.5089336361270398
leaf_count=23508 770 670 95 922 35 34 5243 31 91 2689 82 90 40 64
internal_value=0.000468572 -0.00246465 0.00631951 -0.00440399 0.00243255 0.14073 0.0134744 -0.00101846 -0.0048889 -0.0184055 0.0173227 0.0365908 0.0616566 0.0379412
internal_weight=342.283 227.987 114.296 45.7409 39.899 0.97138 68.5548 38.9276 37.1124 23.0721 14.0403 5.17384 4.01733 3.4386
internal_count=34364 24178 10186 4848 3926 69 5338 3857 3826 2974 852 285 195 155
is_linear=0
shrinkage=0.05


Tree=198
num_leaves=15
num_cat=0
split_feature=8 8 2 8 5 2 7 1 7 5 3 2 1 8
split_gain=3.13143 5.51294 4.58599 3.62617 4.75354 7.80174 4.03133 5.86457 4.9609 3.97645 3.68845 3.50233 6.23165 3.38397
threshold=6.3079597006222246 6.4289122593568768 0.3392916555733711 3.2768177988407499 1.0000000180025095e-35 1.2913662468810931 0.65029063171518842 0.64774489331178919 0.92366396713575927 1.0000000180025095e-35 0.0048103332519531259 0.2183822643881779 -0.50663463049649249 1.4957984758491312
decision_type=2 2 2 2 2 2 2 2 2 2 2 2 2 2
left_child=3 2 -2 6 -5 -6 7 9 -8 11 -7 13 -13 -1
right_child=1 -3 -4 4 5 10 8 -9 -10 -11 -12 12 -14 -15
leaf_value=0.055244719440822647 0.093151368128205583 0.0010064827481862382 -0.026085894842354657 -0.050574868204394087 -0.026600949890078135 0.20350772708778397 -0.045936106869586407 0.11086189742330861 0.035169367638652471 0.053868926185445712 0.046388371002464929 0.16605240076901276 -0.051160297879624443 -0.051785938234904863
leaf_weight=0.8919025370851158 2.8992993000429115 291.88117631556815 1.1171036284649742 10.820921461738182 7.503077518718781 0.47772350511513684 6.5444346019066852 1.5959205180406577 2.6483455447014421 3.1102380289230496 1.7125991083448751 0.66269832151010633 0.65810328768566229 4.2937369598075747
leaf_count=28 18 29007 119 2751 907 6 851 7 211 55 77 14 44 168
internal_value=1.42338e-05 0.00180707 0.0599873 -0.0129501 -0.0277948 -0.0023649 0.00197391 0.0220969 -0.0225705 0.00736603 0.0806571 -0.0148635 0.0578239 -0.0333772
internal_weight=336.817 295.898 4.0164 40.9197 20.5143 9.6934 20.4054 11.2126 9.19278 9.61668 2.19032 6.50644 1.3208 5.18564
internal_count=34263 29144 137 5119 3741 990 1378 316 1062 309 83 254 58 196
is_linear=0
shrinkage=0.05


Tree=199
num_leaves=15
num_cat=0
split_feature=8 1 1 8 5 2 5 2 1 8 3 1 2 8
split_gain=2.3803 5.9288 7.76197 4.86018 3.94685 3.75195 6.06148 3.00314 6.75975 4.18169 4.12976 5.71009 8.36543 10.1285
threshold=3.2768177988407499 -0.51467027273495669 -0.50663463049649249 5.3919028810975158 0.67575478553771984 1.2913662468810931 0.12322646379470827 0.35783112159426828 0.58426973039206087 5.6781197879599015 0.53936767578125011 0.42461737274161154 0.30003901004445038 7.2703690096719429
decision_type=2 2 2 2 2 2 2 2 2 2 2 2 2 2
left_child=1 4 -3 5 -1 -2 -7 8 10 -10 11 12 -5 -14
right_child=3 2 -4 7 -6 6 -8 -9 9 -11 -12 -13 13 -15
leaf_value=-0.050816068995063857 -0.04232209724215874 0.17668248045258475 0.020591007668242161 -0.020622643998935545 0.17479888923377107 -0.052154813894975553 0.11400562668835645 -0.0022264643371837744 0.16374353665919153 -0.053078773251923617 0.049224042948572654 0.047819136685120327 0.12982041182339435 0.0099113896149127627
leaf_weight=3.8148138950346064 11.280736024607902 0.83466184651479736 17.392688797786828 18.27138959988952 0.20422241091728199 1.1223134524188929 1.0741910202777942 250.35246531767189 0.2329604784026732 4.8933068557525985 8.300043532275593 7.904973017575684 2.2338109276024616 8.3217475643614289
leaf_count=475 2407 6 923 845 1 94 32 27803 27 386 306 218 172 592
internal_value=-0.000186753 0.0156181 0.0277387 -0.00130655 -0.0393517 -0.030681 0.0291052 1.08311e-05 0.0111777 -0.0432254 0.0173708 0.0101731 -0.000150208 0.035287
internal_weight=336.234 22.2464 18.2274 313.988 4.01904 13.4772 2.1965 300.511 50.1582 5.12627 45.032 36.7319 28.8269 10.5556
internal_count=34287 1405 929 32882 476 2533 126 30349 2546 413 2133 1827 1609 764
is_linear=0
shrinkage=0.05


Tree=200
num_leaves=15
num_cat=0
split_feature=7 5 7 3 8 5 1 5 6 6 7 7 3 0
split_gain=2.76355 3.25714 4.53823 4.04619 5.49408 3.86237 3.61982 3.06046 3.67097 2.6994 6.07965 4.47217 6.676 4.59457
threshold=0.14574789607466038 0.1852887570858002 0.0052389700649142787 0.045820236206054694 47.878592466735782 0.79133212380111229 -0.13025046432591916 1.1608470007777216 6.5000000000000009 9.5000000000000018 0.15316735622871527 0.30403416069749889 0.35497760772705084 175.63847351074222
decision_type=2 2 2 2 2 2 2 2 2 2 2 2 2 2
left_child=1 2 -1 -3 6 -6 -5 -8 -9 10 -2 12 13 -12
right_child=9 3 -4 4 5 -7 7 8 -10 -11 11 -13 -14 -15
leaf_value=0.037999644305328636 0.066605633450345453 0.05366395582242859 -0.027679759729118854 0.13844196563197261 0.046772125413263484 -0.01906732327628035 -0.043309830131886606 -0.050630244593343178 -0.43903048199272449 0.0088811782060594716 -0.033792008494967336 -0.00015637911054732227 0.028940422425055137 0.21344686132552859
leaf_weight=2.893739600142001 3.1641528247273518 3.4318296764977303 28.865115807653638 0.26397395733511064 5.160202299943192 3.9194392232166138 5.683996155858039 0.13683221046812821 0.10953672131290659 75.093059703853214 24.754441603028688 174.97797792959318 5.5004349861846995 0.18934794078813766
leaf_count=173 164 246 3816 38 429 593 451 23 25 4910 3433 19665 335 86
internal_value=-0.0011656 -0.0119465 -0.0216953 0.004605 -0.00641779 0.018351 -0.0427238 -0.0507879 -0.223315 0.00075226 -0.00217423 -0.00323366 -0.0209203 -0.0319152
internal_weight=334.144 50.4647 31.7589 18.7058 15.274 9.07964 6.19434 5.93037 0.246369 283.679 208.586 205.422 30.4442 24.9438
internal_count=34387 5794 3989 1805 1559 1022 537 499 48 28593 23683 23519 3854 3519
is_linear=0
shrinkage=0.05


Tree=201
num_leaves=15
num_cat=0
split_feature=1 0 5 0 4 2 5 5 4 2 3 4 2 0
split_gain=2.96271 3.76729 2.91763 2.93 8.82781 4.24834 3.75635 3.18526 2.66137 2.62551 2.83244 2.39603 2.16518 4.93834
threshold=-0.52273327247767065 178.5647888183594 0.73741971701383602 75.043289184570327 0.080119197946667234 1.5282453033610219 0.28202165663242346 0.00082851946353912364 0.33669462237475672 1.0795846747990019 0.74956417083740245 1.4583551057799591 0.16755320791616987 41.769428253173835
decision_type=2 2 2 2 2 2 2 2 2 2 2 2 2 2
left_child=1 2 3 4 -1 -5 -7 -6 -8 10 -9 12 13 -2
right_child=11 -3 -4 5 7 6 8 9 -10 -11 -12 -13 -14 -15
leaf_value=-0.038193150468484538 0.084773774509797187 0.21320218970307359 -0.042376502186990614 -0.02940917652846442 0.18033974536789171 -0.014699617811861019 0.026652416078421018 0.057091072595233008 0.12687458994642647 -0.043059044460312529 -0.032870271471755891 -0.043869091805485226 0.0025586502208099363 -0.037218478307406704
leaf_weight=5.4983861290384075 2.3366030247416343 0.18771259265486051 6.5520747263653893 19.591784159827515 0.39845575660001387 6.5092933647101727 3.6255993233062327 6.7154158218181674 0.81046807509846974 0.94177029706770543 1.0060414594481697 2.7466669492132487 279.47698476872756 1.2862347718328235
leaf_count=822 72 24 738 3858 8 1117 201 190 32 41 62 985 26244 29
internal_value=0.000611195 -0.0103866 -0.0111992 -0.00666953 0.0117875 -0.0154698 0.00948115 0.0421144 0.044963 0.0357568 0.0453699 0.0026056 0.0030565 0.0414622
internal_weight=337.683 51.837 51.6493 45.0972 14.5601 30.5371 10.9454 9.06168 4.43607 8.66323 7.72146 285.846 283.1 3.62284
internal_count=34423 7093 7069 6331 1123 5208 1350 301 233 293 252 27330 26345 101
is_linear=0
shrinkage=0.05


Tree=202
num_leaves=15
num_cat=0
split_feature=6 5 0 4 4 3 0 0 1 4 3 4 3 4
split_gain=2.90027 5.61595 6.41561 5.64267 3.82368 3.94046 4.4803 4.6938 3.82037 3.53713 3.51669 3.45145 8.72983 14.3138
threshold=2.5000000000000004 0.00018437206745147708 102.55465316772462 0.14378331782468637 0.024469296484843143 0.085197448730468764 106.89250564575197 135.1773376464844 0.23715818628274279 0.034267233229784984 0.0079078674316406267 0.13694427797210265 0.034248352050781257 0.10874431361307575
decision_type=2 2 2 2 2 2 2 2 2 2 2 2 2 2
left_child=10 2 3 -2 5 6 -3 -8 -5 -6 -1 12 -11 -14
right_child=1 4 -4 8 9 -7 7 -9 -10 11 -12 -13 13 -15
leaf_value=-0.0042269856432171331 0.013006935825371985 0.026225533445512417 -0.0026416129340953044 0.077044156830524707 -0.043458075572384298 -0.050583010062452985 0.20852425313483952 0.038058210426889304 0.18751526403267832 0.044791116727572161 -0.043212469053620764 -0.0010059570669042599 -0.040688379963819007 0.050044498088758715
leaf_weight=92.529928170028143 2.2118702670559269 3.2446732542011878 4.9222673767362721 2.2621483902912591 4.4217858268530099 0.96267253998666991 0.85522240446880438 0.76507579628378153 1.1965893008746205 15.012297121633308 6.1702636777190483 181.31169300976035 11.541794013930486 6.9728153882315373
leaf_count=13973 51 110 1088 54 174 177 13 46 28 625 2036 14387 1194 384
internal_value=0.000531502 0.00354496 0.0391236 0.0753771 0.00187059 0.0418437 0.060133 0.128033 0.115263 0.000808161 -0.00666417 0.00171924 0.016457 -0.00651733
internal_weight=334.381 235.681 10.5929 5.67061 225.088 5.82764 4.86497 1.6203 3.45874 219.26 98.7002 214.839 33.5269 18.5146
internal_count=34340 18331 1221 133 17110 346 169 59 82 16764 16009 16590 2203 1578
is_linear=0
shrinkage=0.05


Tree=203
num_leaves=15
num_cat=0
split_feature=7 4 7 3 3 8 5 4 7 8 5 2 2 7
split_gain=2.16987 5.73554 3.67403 2.53354 1.99309 1.93036 3.93352 5.05667 4.71767 3.91675 9.66494 3.71177 3.76904 5.16307
threshold=0.91273867979266166 0.0026172659535164682 0.84376341230301055 0.12179088592529298 1.4284400939941408 100.15577384350694 0.80175916850566875 0.26878719238892596 0.62461557614892682 71.542444808196308 0.21972051262855533 2.5399266304568489 1.9707727441949536 0.79445994215076599
decision_type=2 2 2 2 2 2 2 2 2 2 2 2 2 2
left_child=2 -2 4 -3 5 6 9 8 -8 11 -11 12 -1 -14
right_child=1 3 -4 -5 -6 -7 7 -9 -10 10 -12 -13 13 -15
leaf_value=-0.0016120067150354048 -0.045851605435757836 0.087591518185877737 -0.030829797778033331 -0.036782964282555779 -0.051517953047465287 0.017389840244208317 0.03470423067884245 -0.045435940923235857 -0.032262189640936821 -0.035657852913673446 0.061228866255660964 -0.030539196222415483 0.0095352782143083639 0.072773438212068942
leaf_weight=224.69554040723597 1.5870948511874292 2.8446664457442243 10.101862539624561 0.47829869459383179 1.8809502692893136 15.366072328193694 5.5879951322567667 10.836365722876506 4.9683229689253494 3.844810444628818 7.7876983554160688 9.8596678721369226 29.840061432507355 3.6191383219556874
leaf_count=20193 319 103 2235 91 550 2706 648 975 415 727 350 1522 3402 123
internal_value=-0.000650221 0.0323427 -0.00114353 0.0696894 -0.00020134 0.000103724 -0.000778618 -0.021443 0.00318654 0.000802182 0.0292056 -0.000430599 0.000719335 0.0163755
internal_weight=333.299 4.91006 328.388 3.32297 318.287 316.406 301.04 21.3927 10.5563 279.647 11.6325 268.014 258.155 33.4592
internal_count=34359 513 33846 194 31611 31061 28355 2038 1063 26317 1077 25240 23718 3525
is_linear=0
shrinkage=0.05


Tree=204
num_leaves=15
num_cat=0
split_feature=2 0 2 8 0 0 1 7 6 8 2 5 8 7
split_gain=2.5051 3.61097 3.22005 9.85355 6.69231 7.11898 6.48365 6.43578 4.20916 3.88689 4.47446 3.4374 3.39853 4.44647
threshold=0.48266116378838136 178.5647888183594 0.83837680535064596 18.743066631804727 98.321727752685561 109.82558059692384 0.56914061684585737 0.1083478946987529 8.5000000000000018 40.322943835975146 0.82365956926165973 0.34344747662544256 11.086396794691336 0.3687563887296656
decision_type=2 2 2 2 2 2 2 2 2 2 2 2 2 2
left_child=1 -1 3 -2 6 -6 9 -7 -8 11 -11 -5 13 -4
right_child=2 -3 12 4 5 7 8 -9 -10 10 -12 -13 -14 -15
leaf_value=0.0049427644154847366 -0.045188833900397463 0.09676591789366 -0.018479620086919411 -0.040705418320114234 -0.051749313959434842 0.13250319054301674 0.22409984006106332 -0.0028041029432477917 0.066016506818289813 0.065005246072762077 -0.055518603008323779 0.039313129271242635 -0.0044572523195162686 0.019065293315025905
leaf_weight=106.36474746360909 17.237903125758749 1.0815657693892706 9.9836291039246117 4.3653817300219107 8.520345459168313 0.98530921016936091 0.51101265288889353 8.131249556783585 2.3926183351431973 4.1476279908674769 0.94565446366323147 1.9379113044706171 129.50819663591392 37.531707266083686
leaf_count=7879 4614 19 1092 107 332 61 5 481 149 628 22 108 15705 3129
internal_value=-0.000419149 0.00586707 -0.00340516 -0.0147239 0.00171934 -0.0188903 0.0271379 0.0118198 0.0938377 0.010144 0.0426279 -0.0161042 -0.000260934 0.0111766
internal_weight=333.645 107.446 226.199 49.175 31.9371 17.6369 14.3002 9.11656 2.90363 11.3966 5.09328 6.30329 177.024 47.5153
internal_count=34331 7898 26433 6507 1893 874 1019 542 154 865 650 215 19926 4221
is_linear=0
shrinkage=0.05


Tree=205
num_leaves=15
num_cat=0
split_feature=8 4 5 3 5 8 5 3 0 4 8 0 5 8
split_gain=2.86907 5.53079 5.62501 5.80188 8.47136 5.12733 5.37276 9.58527 5.67423 7.32357 5.00131 5.93454 4.63118 5.01581
threshold=26.838906819049658 0.15505063905318175 0.19484464824199679 0.046985626220703132 0.00091844797134399425 26.494283111481518 0.2245348393917084 0.026683807373046878 67.239303588867202 0.0076776677948313674 19.610287754062568 99.518527984619155 0.87442480772733699 178.9403846034796
decision_type=2 2 2 2 2 2 2 2 2 2 2 2 2 2
left_child=1 5 3 -3 -5 6 -1 10 -9 -10 -8 -12 -2 -14
right_child=12 2 -4 4 -6 -7 7 8 9 -11 11 -13 13 -15
leaf_value=-0.0026890284291920946 0.0084317493703777082 -0.036535600087797354 -0.041753405735150795 0.073241153814364787 -0.0063653509231532211 -0.084798313521842791 0.043257443572214886 0.039930870177083994 0.33488712427668715 -0.044894006434344991 0.058303281383104782 0.23249752310350155 -0.027018537292360763 0.036688161156091859
leaf_weight=115.36498915264383 107.35883873395505 13.338444489025276 17.388213155252743 3.7505090450285925 30.676150557846995 1.7473199032247055 7.2546836507972348 3.8594314835499954 0.12960847013164301 6.1638937860261649 1.1467321543605065 0.85238517681136716 18.769056123055638 3.6984877038921686
leaf_count=15711 7675 1579 2170 469 1619 33 413 277 37 1021 57 38 2481 796
internal_value=-0.00168586 -0.005418 -0.0174038 -0.00853973 0.00230714 0.000302214 0.00140555 0.0257461 -0.00780141 -0.0370728 0.0625532 0.132576 0.00411165 -0.0165315
internal_weight=331.499 201.672 65.1533 47.7651 34.4267 136.519 134.772 19.4067 10.1529 6.2935 9.2538 1.99912 129.826 22.4675
internal_count=34376 23424 5837 3667 2088 17587 17554 1843 1335 1058 508 95 10952 3277
is_linear=0
shrinkage=0.05


Tree=206
num_leaves=15
num_cat=0
split_feature=1 1 8 2 1 2 2 1 1 0 1 1 1 1
split_gain=2.7081 3.28924 3.1513 4.35913 6.13338 5.98056 5.14289 10.0148 4.99437 4.08015 3.93052 5.77554 4.40312 10.9561
threshold=-0.70811975769026769 -0.70217173271201228 16.572804173259069 1.3210992505805428 0.48095737562237739 0.31220139853749657 1.3677416321867824 -0.44404442825628393 0.91064254490871099 112.60453414916994 -0.16809003651197904 -0.145254839108588 -0.50663463049649249 -0.51467027273495669
decision_type=2 2 2 2 2 2 2 2 2 2 2 2 2 2
left_child=-1 -2 3 5 6 10 7 -5 -7 -6 12 -12 13 -3
right_child=1 2 -4 4 9 8 -8 -9 -10 -11 11 -13 -14 -15
leaf_value=-0.016690551241432833 0.055866904997394086 -0.027800989991253074 0.0050405159453337537 0.25717810731802815 -0.00084607724973140795 -0.029181035607994527 0.013052022907059908 0.039724652690600909 0.047126555389332407 -0.05181928112784237 0.083281665918927258 0.0033958290887452927 -0.054964117060512664 0.17363235496065074
leaf_weight=23.752894198187278 2.691949342377483 3.4066972120199353 162.81231483210286 0.63052706606686149 14.496433048276232 40.926096073584631 24.867547780595487 3.303845634218308 2.2628580969758323 5.3838576307753092 2.4374540117569259 31.525440459488891 5.76792518282309 0.84186045546084631
leaf_count=3890 136 321 14270 15 703 9715 2050 115 139 602 22 1701 397 16
internal_value=-0.000436219 0.000844953 0.000349022 -0.00527358 0.0067113 -0.011967 0.021456 0.074574 -0.0251829 -0.0146503 0.00101152 0.00912909 -0.0265127 0.0121134
internal_weight=325.108 301.355 298.663 135.851 48.6822 87.1683 28.8019 3.93437 43.189 19.8803 43.9794 33.9629 10.0165 4.24856
internal_count=34092 30202 30066 15796 3485 12311 2180 130 9854 1305 2457 1723 734 337
is_linear=0
shrinkage=0.05


Tree=207
num_leaves=15
num_cat=0
split_feature=5 3 6 0 7 5 2 2 0 6 5 2 2 3
split_gain=1.92796 3.09962 2.73988 2.97152 3.69463 2.80721 2.60445 2.31868 2.25653 5.01669 2.19617 5.33613 5.17721 5.1892
threshold=1.0302486419677737 0.73725605010986339 29.500000000000004 74.421722412109389 0.27157487534156705 1.6071004718542101 1.3864771406297163 1.4282884291777409 157.17142486572268 15.500000000000002 0.17872929573059085 2.3833954530675023 0.51339809196956099 0.046489715576171882
decision_type=2 2 2 2 2 2 2 2 2 2 2 2 2 2
left_child=10 2 3 4 -2 -4 -3 -6 -5 -10 11 -1 -12 -14
right_child=1 6 5 8 7 -7 -8 -9 9 -11 12 -13 13 -15
leaf_value=-0.0016792429830135595 0.24190003177715261 -0.25694214474718075 0.049112181441769959 -0.043962205950893118 -0.12264700182106594 -0.020168564906676678 -0.052043374284334393 0.038928910511957487 -0.050179819340769954 0.3391227745608783 0.054690307021208133 -0.043827913155901448 0.018974061895562302 -0.0045184903774265475
leaf_weight=190.04765637134551 0.1925010604318248 0.16399495676159803 3.3419864281313485 7.269742970529478 0.27263794839382161 2.5993919386528432 2.8554781340353657 1.196377837914042 0.24190139886923123 0.12578189850319177 5.0872120779822572 7.8182045321300384 34.722223099990515 72.768663101887796
leaf_count=20760 27 42 801 801 2 424 873 111 118 2 345 2522 1785 5691
internal_value=-0.0011012 -0.0168904 -0.00772092 -0.0246668 0.0359319 0.0188014 -0.0631719 0.00894167 -0.0378501 0.0829979 -0.000172506 -0.00334465 0.00540281 0.00307019
internal_weight=328.704 18.2598 15.2403 9.29894 1.66152 5.94138 3.01947 1.46902 7.63743 0.367683 310.444 197.866 112.578 107.491
internal_count=34304 3201 2286 1061 140 1225 915 113 921 120 31103 23282 7821 7476
is_linear=0
shrinkage=0.05


Tree=208
num_leaves=15
num_cat=0
split_feature=3 5 3 4 8 5 1 5 8 8 2 4 3 8
split_gain=2.15984 1.73072 4.80175 6.55691 4.35176 5.21257 4.94641 3.93034 13.9231 13.3885 8.6228 7.35663 3.81029 4.99531
threshold=1.4284400939941408 0.41638326272368437 0.050445556640625007 0.61266650995938854 30.453594547410276 0.51649054139852535 -0.60344498646362454 0.23088824748992923 40.322943835975146 42.364226745367148 2.3088398977467288 0.27594178291599447 0.026683807373046878 23.293766009121395
decision_type=2 2 2 2 2 2 2 2 2 2 2 2 2 2
left_child=1 7 4 -4 5 -3 -6 10 11 -10 -1 12 13 -9
right_child=-2 2 3 -5 6 -7 -8 8 9 -11 -12 -13 -14 -15
leaf_value=0.0024419424907708327 -0.051542094641895575 -0.040323929173086262 -0.02280749314439668 0.017353972599484735 -0.030341550007545143 0.02748570369616667 0.062792314616393258 0.065364604787310474 0.30253560050461403 0.051819734172467241 -0.042573430153559091 -0.040234250149515968 -0.003480962041948801 -0.045576269858798382
leaf_weight=203.72431249803049 1.9939200305670954 5.4240592788555677 43.20982040790841 13.288378466648281 1.820685652666725 5.9351831283420324 6.5708128852420469 5.6133770309679738 0.56075716007035126 10.562076785048701 11.224272818348252 8.6010377431230136 9.6175649067736213 1.2385286713251842
leaf_count=20902 558 395 3898 1986 120 498 214 245 16 495 3164 619 1050 73
internal_value=0.000338903 0.000654875 -0.00594282 -0.0133615 0.0152788 -0.00489352 0.0425853 0.002658 0.0179013 0.0644596 9.13114e-05 -0.00275487 0.0168184 0.0453113
internal_weight=329.385 327.391 76.2489 56.4982 19.7507 11.3592 8.3915 251.142 36.1933 11.1228 214.949 25.0705 16.4695 6.85191
internal_count=34233 33675 7111 5884 1227 893 334 26564 2498 511 24066 1987 1368 318
is_linear=0
shrinkage=0.05


Tree=209
num_leaves=15
num_cat=0
split_feature=0 0 2 3 8 5 2 8 3 2 1 1 5 3
split_gain=3.01734 4.77687 4.68 4.3638 4.31089 7.51921 3.67007 7.88791 6.48422 3.05986 3.0311 7.98134 2.98448 2.90653
threshold=64.911369323730483 61.501644134521491 0.19371974998922253 1.0000000180025095e-35 5.3047231818664136 0.14522809907794001 0.41371398353154126 7.6685488702625975 0.1342124938964844 1.2913662468810931 0.58426973039206087 0.60123476423559297 1.7439908087253573 0.11222457885742189
decision_type=2 2 2 2 2 2 2 2 2 2 2 2 2 2
left_child=1 2 3 10 5 -2 7 -4 13 -7 -1 -12 -3 -8
right_child=4 12 6 -5 -6 9 8 -9 -10 -11 11 -13 -14 -15
leaf_value=-0.052104188984207871 -0.05058195162150611 0.03083178552814991 -0.043168217344583898 0.070735138251301663 -0.0011769615180349385 -0.05011706069550971 0.039499031709267995 0.044873127848784194 -0.017709170516814848 0.24146754941705897 0.18871873034528008 -0.051406359053959343 0.14674670979517856 0.18254817518422745
leaf_weight=1.7092818350065493 7.4586370615870683 13.671726995438799 11.961809588479811 4.2077273449976929 270.60888538651488 0.12466509192017827 6.2338891834369852 3.2313089062517966 8.9107602248841413 0.32331777643412352 0.58424681425094582 0.84879620838910341 0.57881241818540807 0.37654354091500852
leaf_count=83 1974 485 1047 92 26927 70 812 305 2261 3 3 53 61 75
internal_value=-0.000170747 0.010847 0.00160242 0.0374417 -0.00224026 -0.0386321 -0.00697406 -0.0244434 0.010126 0.160325 -0.00713992 0.0464918 0.0355399 0.0476474
internal_weight=330.83 52.3149 38.0644 7.35005 278.516 7.90662 30.7143 15.1931 15.5212 0.447983 3.14232 1.43304 14.2505 6.61043
internal_count=34251 5277 4731 231 28974 2047 4500 1352 3148 73 139 56 546 887
is_linear=0
shrinkage=0.05


Tree=210
num_leaves=15
num_cat=0
split_feature=0 0 0 0 1 7 5 0 8 3 4 3 1 1
split_gain=1.92905 5.28931 8.03862 5.23092 5.50815 7.19948 4.68986 4.44441 3.01235 5.10716 4.56693 2.79409 3.27751 8.00306
threshold=126.9512405395508 130.71761322021487 131.10779571533206 125.70325851440431 0.83956657193573092 0.325718190556823 0.25045719370245939 123.11297988891603 25.569829984036414 0.033653259277343757 0.25411220317122141 0.10409736633300783 -0.69300068496240497 -0.70811975769026769
decision_type=2 2 2 2 2 2 2 2 2 2 2 2 2 2
left_child=3 -2 6 7 5 -5 -3 -1 -4 10 -10 -11 13 -13
right_child=1 2 8 4 -6 -7 -8 -9 9 11 -12 12 -14 -15
leaf_value=0.00011659784913696664 -0.052044715964282243 -0.050270744833218445 -0.03657905985344375 0.077254574004102183 0.16158169756481766 -0.051252903410661625 0.15394943795511074 -0.05112348809609514 0.064073901139688194 -0.043960860263822385 -0.042574059388676762 -0.050128048928366337 -0.0028563451840748649 0.60691253691064562
leaf_weight=273.73041824428947 6.7115177543018936 0.3655905479972742 7.3361979291366906 2.7536775276821563 0.90268798265606154 1.8038515744265167 1.2168277018936349 4.2983475939836344 4.5247472018236321 5.3027529355022116 1.2900239208538549 0.11977716319961473 9.1696382888330827 0.075597040355204537
leaf_count=25133 1078 105 2785 96 16 159 26 681 314 2035 604 69 1125 1
internal_value=-0.0011102 -0.0119939 -0.00285131 0.000276234 0.0487415 0.0263918 0.106768 -0.000675578 -0.0090868 0.000760063 0.0404137 -0.0149599 0.00146128 0.204104
internal_weight=319.602 36.1127 29.4012 283.489 5.46022 4.55753 1.58242 278.029 27.8187 20.4825 5.81477 14.6678 9.36501 0.195374
internal_count=34227 8142 7064 26085 271 255 131 25814 6933 4148 918 3230 1195 70
is_linear=0
shrinkage=0.05


Tree=211
num_leaves=15
num_cat=0
split_feature=3 6 5 1 1 5 1 0 4 7 3 5 7 6
split_gain=1.80718 1.86451 2.9777 1.71201 5.11153 4.28607 3.36508 4.07468 3.17291 4.65052 4.32864 4.01556 3.09028 3.26705
threshold=1.4284400939941408 46.500000000000007 1.8133262246847155 0.41855684098848628 0.32789367383655915 1.0110458955168726 0.30371643648849384 119.98633193969728 0.6508936173189489 0.54717424486898347 0.37795257568359381 1.3113567382097246 0.43574303564516781 3.5000000000000004
decision_type=2 2 2 2 2 2 2 2 2 2 2 2 2 2
left_child=1 3 -3 4 5 6 -1 -8 10 -10 12 -12 -5 -14
right_child=-2 2 -4 8 -6 -7 7 -9 9 -11 11 -13 13 -15
leaf_value=-0.00012545981950646946 -0.051389046269029098 0.044825061756523711 -0.05017567185639376 0.035774591401780652 -0.028728921689638254 -0.041229020393750988 -0.0034754033973839558 0.083007527179188675 -0.00082141464151532927 0.11288432983175707 -0.037613474295849235 0.049523731237594786 -0.0045983523943670659 0.015125303257482119
leaf_weight=182.11635464587016 1.6870542781180109 4.8173091126955105 0.99524528847541649 8.4980930658057314 17.24122225161409 6.1975360543583511 2.7247225590399458 2.72322833679209 1.9699394023627967 1.6544841224676927 9.7362361458362994 1.529901047470047 47.319782087084604 37.740045648650266
leaf_count=18745 574 2381 374 289 1353 1088 201 133 111 44 646 111 6696 1473
internal_value=0.00022678 0.000494497 0.0285587 -1.61435e-05 -0.00264029 -0.000318885 0.00103288 0.0397542 0.00508954 0.0510832 0.00349925 -0.0257806 0.00702509 0.0041528
internal_weight=326.951 325.264 5.81255 319.452 211.003 193.762 187.564 5.44795 108.448 3.62442 104.824 11.2661 93.5579 85.0598
internal_count=34219 33645 2755 30890 21520 20167 19079 334 9370 155 9215 757 8458 8169
is_linear=0
shrinkage=0.05


Tree=212
num_leaves=15
num_cat=0
split_feature=6 7 7 8 2 4 3 3 3 8 8 3 5 4
split_gain=2.60336 4.03366 5.25585 11.2985 17.3691 3.98903 3.2041 4.67386 4.20989 3.01677 3.86412 3.58249 12.28 6.67164
threshold=4.5000000000000009 0.089377648115067085 0.096341436636720304 10.525747822847055 1.1877801729508051 0.070827808270809159 0.013401031494140627 0.23117065429687503 0.012794494628906252 10.349055520824182 10.767581237503331 0.18356323242187503 0.0083237886428833025 0.6508936173189489
decision_type=2 2 2 2 2 2 2 2 2 2 2 2 2 2
left_child=1 -1 3 4 -3 6 8 -8 -2 -7 -11 13 -13 -12
right_child=5 2 -4 -5 -6 9 7 -9 -10 10 11 12 -14 -15
leaf_value=-0.047207994886712873 0.059123330029105331 0.88213650551293787 -0.0031576322348519804 -0.050286563878806124 -0.050391610859270686 -0.020810547069452384 0.079161240481114087 -0.053278323096038277 -0.084987821795124513 0.099024478473046018 0.0043787046147527389 0.054076972923952971 0.0028040076585459806 -0.033000512568552819
leaf_weight=5.2562990004662415 1.0097030503093256 0.10725311783607949 143.35854334491887 0.26270231802482158 0.093432923080399632 12.112253075407351 4.6974186305305921 0.77624498811201181 1.0174294710159302 1.0874961640220124 52.753221798309823 14.010431527392937 70.139837348542642 15.428857650142161
leaf_count=1380 48 36 20766 83 14 437 117 78 5 34 2896 210 5464 2788
internal_value=0.00065622 -0.00418652 -0.00261421 0.165505 0.447982 0.00482854 0.0404923 0.0603794 -0.0132069 0.0032125 0.00510908 0.00443862 0.0113406 -0.0040798
internal_weight=322.111 149.078 143.822 0.463388 0.200686 173.033 7.5008 5.47366 2.02713 165.532 153.42 152.332 84.1503 68.1821
internal_count=34356 22279 20899 133 50 12077 248 195 53 11829 11392 11358 5674 5684
is_linear=0
shrinkage=0.05


Tree=213
num_leaves=15
num_cat=0
split_feature=5 8 5 7 7 3 5 3 3 3 4 8 4 6
split_gain=2.3837 3.07184 2.85345 2.73294 2.89355 2.64788 3.16496 2.27301 2.25058 4.28968 2.37423 2.24885 3.08861 2.16888
threshold=1.1608470007777216 71.542444808196308 0.21972051262855533 0.71732811606383207 0.71132173835903734 0.73725605010986339 1.1806890890002253 1.0503387451171877 0.077672958374023451 0.053443908691406257 1.5399128625000815 188.56136466038348 0.22218760989859745 17.500000000000004
decision_type=2 2 2 2 2 2 2 2 2 2 2 2 2 2
left_child=1 7 -3 4 8 11 -7 13 9 -4 -10 12 -2 -1
right_child=5 2 3 -5 -6 6 -8 -9 10 -11 -12 -13 -14 -15
leaf_value=-0.00048442930811739182 0.023366881869664013 -0.021686572070119797 0.079948178085078439 -0.042256117268966012 0.13447224028094704 -0.29455456412378539 -0.05163050369102952 -0.034135482800486387 0.03939942393508028 -0.052405256204847331 -0.046602253417180668 0.042163333723026865 -0.041592721126131355 0.021620645250221001
leaf_weight=270.00569701429049 2.7524175883736426 3.7478751619783024 0.87069152941695493 1.3763649669708673 0.64889184944331546 0.14128764451015685 2.6286188256126479 4.83956749914796 14.586865673511053 2.062121576978825 0.849228491540999 1.7807264901057358 5.4592913308297284 11.572224008559713
leaf_count=27292 420 1112 45 47 5 5 840 428 1499 72 35 335 1041 1193
internal_value=0.000413512 0.00128382 0.0184119 0.0257809 0.0307049 -0.0207645 -0.0640216 -0.000159909 0.0270393 -0.0131123 0.034668 -0.00877364 -0.0198194 0.00042404
internal_weight=323.322 310.56 24.142 20.3942 19.0178 12.7623 2.76991 286.417 18.3689 2.93281 15.4361 9.99244 8.21171 281.578
internal_count=34369 31728 2815 1703 1656 2641 845 28913 1651 117 1534 1796 1461 28485
is_linear=0
shrinkage=0.05


Tree=214
num_leaves=15
num_cat=0
split_feature=4 3 5 6 2 3 5 4 4 5 2 5 5 4
split_gain=1.95655 5.86863 5.31489 4.69391 5.62281 5.06678 7.17299 4.98023 8.18656 4.65663 7.14931 4.54263 8.13335 7.6165
threshold=0.19685131953716958 0.077672958374023451 0.0025147795677185063 7.5000000000000009 0.36607828057708808 0.41878223419189459 0.014765381813049318 0.29627625582525025 0.51029026522338095 0.00018437206745147708 0.63195765266634985 0.17872929573059085 0.28990063071250921 0.6624198129211849
decision_type=2 2 2 2 2 2 2 2 2 2 2 2 2 2
left_child=-1 9 -3 5 -5 -4 7 -7 -9 10 -2 13 -13 -6
right_child=1 2 3 4 11 6 -8 8 -10 -11 -12 12 -14 -15
leaf_value=0.0040042270133745844 0.066508977894678953 0.037208638989918712 -0.045038832160998681 0.050950526292492762 0.017215148906800998 -0.067501733884120355 -0.051283700960428218 0.14604509725224421 0.0033419856641247686 -0.028921040213274546 -0.050256027846310031 0.041142440045209699 -0.0028605979522762074 -0.04559913798516755
leaf_weight=170.41806707790238 3.3623983185971147 9.6559819709364074 11.469097817753211 5.8125607207184649 8.0254249515710416 0.82083725463598778 3.2229735232176608 1.8266868139617143 2.2343064857996069 30.783232822519494 2.148635761346668 13.465496352728222 47.704999869252788 12.104912177484946
leaf_count=20240 68 1022 1242 349 102 39 774 43 85 4259 1056 366 4486 251
internal_value=0.000321669 -0.00378986 0.00168604 -0.00152901 0.00344237 -0.0236541 0.00660741 0.044827 0.0675317 -0.0213432 0.0209848 4.58037e-05 0.00682582 -0.0205568
internal_weight=323.056 152.638 116.343 106.687 87.1134 19.5739 8.1048 4.88183 4.06099 36.2943 5.51103 81.3008 61.1705 20.1303
internal_count=34382 14142 8759 7737 5554 2183 941 167 128 5383 1124 5205 4852 353
is_linear=0
shrinkage=0.05


Tree=215
num_leaves=15
num_cat=0
split_feature=6 4 0 4 3 4 1 2 3 8 1 2 0 8
split_gain=1.82336 4.33382 5.48227 6.94837 5.01417 4.76947 4.87261 4.60373 5.42065 4.79532 3.66862 4.61471 3.65648 3.59549
threshold=9.5000000000000018 0.3516718197997068 106.53853225708009 1.0173889721534193 0.1024141311645508 0.22928515361290666 0.031715952086768896 0.55206885944259676 0.12981414794921878 71.542444808196308 -0.13990839614604006 0.36607828057708808 127.65794754028322 54.564784865677915
decision_type=2 2 2 2 2 2 2 2 2 2 2 2 2 2
left_child=-1 4 7 13 12 -6 -7 8 -3 -9 -10 -12 -2 -4
right_child=1 2 3 -5 5 6 -8 9 10 -11 11 -13 -14 -15
leaf_value=-0.0030392041325666358 0.058333642424966727 -0.031593559456094759 -0.032484489806866294 -0.020592043523918073 -0.031899161026046077 -0.033261125265230562 0.05723209640685073 -0.037858475648792023 0.058708968600109004 0.0055368195167308891 0.054888108524687965 -0.016617048496071322 -0.054921145724183246 0.044356412498124553
leaf_weight=225.06646039180487 9.5874529535067268 6.3522757037426372 1.6921495829010442 7.734050789877073 5.5173133585922169 2.1245341836474836 4.961346396128647 19.019353393407076 4.9588608104386376 9.5689694841712463 3.327151782897996 7.0110009126947261 0.76990132161881852 15.170809357194228
leaf_count=27379 613 127 64 1093 190 149 268 935 261 2375 207 284 28 474
internal_value=-0.000562346 0.00513791 -0.000692332 0.0186484 0.0241403 0.00295847 0.0300998 -0.0101618 0.00723153 -0.0233334 0.0233541 0.00639562 0.049915 0.0366456
internal_weight=322.862 97.7952 74.8346 24.597 22.9605 12.6032 7.08588 50.2376 21.6493 28.5883 15.297 10.3382 10.3574 16.863
internal_count=34447 7068 5820 1631 1248 607 417 4189 879 3310 752 491 641 538
is_linear=0
shrinkage=0.05


Tree=216
num_leaves=15
num_cat=0
split_feature=1 0 8 5 8 8 8 7 7 1 1 3 0 7
split_gain=2.76042 3.58514 5.13189 5.22796 2.96739 5.5683 3.58315 7.86347 7.1849 26.1303 3.91997 3.39421 2.79313 2.97268
threshold=-0.55947840069571653 70.522514343261733 2.9641263536465767 0.73741971701383602 3.2768177988407499 6.9194208217021318 7.2703690096719429 0.22638125053739422 0.68589486925213239 0.71704271345542725 -0.30261313212373969 1.0503387451171877 178.5647888183594 0.8193499199508868
decision_type=2 2 2 2 2 2 2 2 2 2 2 2 2 2
left_child=1 2 -1 -4 -2 -6 7 -7 -9 -10 11 -8 13 -3
right_child=4 12 3 -5 5 6 10 8 9 -11 -12 -13 -14 -15
leaf_value=-0.051186460695919582 0.02030860658416133 -0.033064176681307809 0.0423506791148133 -0.041469663814568271 -0.022619307486867773 0.10305646030416973 0.017864976808879725 -0.047607812236475963 0.82351777476789279 -0.026851119191186754 -0.0021994748130799921 -0.055889240093729489 0.14089642835130614 0.0090706408106247978
leaf_weight=2.9006699627498156 18.23358219669899 22.00290918286192 8.3791688497876731 2.3911079312820211 25.757314400601899 2.7039378690533331 39.134906155843055 2.6091032133554113 0.11444023135118175 0.42893338936846703 185.5387628593744 1.6246926117310057 0.25596368545666237 5.169586429197806
leaf_count=370 961 4242 535 187 3794 67 3485 331 28 74 19012 126 22 1100
internal_value=-0.000984135 -0.0130737 0.00784364 0.0237417 0.000815187 -0.000562937 0.00188419 0.0404976 -0.0131603 0.152246 0.000884909 0.0149251 -0.0234994 -0.025048
internal_weight=317.245 41.0994 13.6709 10.7703 276.146 257.912 232.155 5.85641 3.15248 0.543374 226.298 40.7596 27.4285 27.1725
internal_count=34334 6456 1092 722 27878 26917 23123 500 433 102 22623 3611 5364 5342
is_linear=0
shrinkage=0.05


Tree=217
num_leaves=15
num_cat=0
split_feature=6 3 2 4 2 4 3 2 8 0 0 1 0 0
split_gain=3.28792 5.55592 4.63459 3.42956 4.37802 3.51856 2.85408 2.87805 4.93127 5.23048 4.97901 6.38434 6.08316 37.1694
threshold=2.5000000000000004 0.0048103332519531259 1.3864771406297163 0.067126532930932917 0.24231945597380367 0.14950535445932009 0.0079078674316406267 1.3441589127527138 7.2703690096719429 158.5063400268555 95.066478729248061 0.43216660077261831 92.676067352294936 93.313018798828139
decision_type=2 2 2 2 2 2 2 2 2 2 2 2 2 2
left_child=6 2 3 -2 -5 -6 7 8 10 -10 11 -1 -13 -14
right_child=1 -3 -4 4 5 -7 -8 -9 9 -11 -12 12 13 -15
leaf_value=-0.032061680569687279 0.1357014507237346 0.0011236372181937192 -0.0025373844925747468 0.14870808673440469 -0.051981190826039074 0.065175734806030117 -0.042621659408276863 0.004107432927190807 -0.039754431614759424 0.064333323228001213 0.071454495520097125 0.0080578925472918062 0.77595755658577426 -0.050298549127071136
leaf_weight=13.492549408285418 1.5344459023326615 217.45574625221343 3.3517146748199593 0.7909187555778775 1.1306393612176182 1.4794547487981615 5.730085534596582 38.508578466426115 19.00434435118223 1.2887787478975941 2.1775391811970612 14.682349940179844 0.1815079580992468 0.54421923973131925
leaf_count=2875 9 18148 130 13 34 72 2045 3330 5826 199 66 1602 24 129
internal_value=-0.000636493 0.00265493 0.0428361 0.0736497 0.0456536 0.0144258 -0.00840782 -0.00622659 -0.0139731 -0.033144 -0.00145507 -0.0069485 0.0150426 0.156352
internal_weight=321.353 225.743 8.28717 4.93546 3.40101 2.61009 95.61 89.8799 51.3713 20.2931 31.0782 28.9006 15.4081 0.725727
internal_count=34502 18406 258 128 119 106 16096 14051 10721 6025 4696 4630 1755 153
is_linear=0
shrinkage=0.05


Tree=218
num_leaves=15
num_cat=0
split_feature=0 2 0 2 2 8 8 8 7 4 7 5 2 8
split_gain=2.75816 4.23337 3.24311 2.68263 4.2192 3.00929 2.18931 4.78922 3.7713 3.77061 6.20763 3.41017 2.929 2.88804
threshold=137.78449249267581 0.98684412772771579 136.47164154052737 0.44037575077818514 0.48266116378838136 32.888658178307004 6.3079597006222246 6.4289122593568768 0.43218012032459513 0.27825422377983888 0.72323800865803134 0.2363062631338835 0.3392916555733711 3.2768177988407499
decision_type=2 2 2 2 2 2 2 2 2 2 2 2 2 2
left_child=2 3 6 -2 -5 -6 9 8 -8 11 -11 13 -10 -1
right_child=1 -3 -4 4 5 -7 7 -9 12 10 -12 -13 -14 -15
leaf_value=-0.0045381183039953036 -0.052062597589469142 -0.037682420413321566 0.049779464707981107 0.15264633313357301 -0.051128423157882109 0.037612254712862572 -0.048730529422090149 0.0011238355975564101 0.1095524077972999 0.01098775826899588 0.28024042661125698 0.038876757872365053 -0.01550207765241955 -0.033752198802737735
leaf_weight=18.235048773698509 1.2886119059985528 11.441716929068205 3.3467251248075618 0.60502248792909075 1.3354730456194372 3.3562868722365238 0.6548499774653459 256.65130187340401 2.3049946024548267 0.85016026406083145 0.28610437223687768 2.8467995513346969 0.58759400492999692 15.781064813083502
leaf_count=1335 108 4489 265 41 392 140 19 23659 17 90 10 292 106 3429
internal_value=-0.000302291 -0.0193003 0.000833458 0.0126375 0.0283779 0.0123529 0.000284129 0.00192134 0.0596198 -0.0109267 0.0787839 -0.0136919 0.0841491 -0.0180914
internal_weight=319.572 18.0271 301.545 6.58539 5.29678 4.69176 298.198 260.199 3.54744 37.9992 1.13626 36.8629 2.89259 34.0161
internal_count=34392 5170 29222 681 573 532 28957 23801 142 5156 100 5056 123 4764
is_linear=0
shrinkage=0.05


Tree=219
num_leaves=15
num_cat=0
split_feature=4 8 5 5 3 8 8 8 5 2 5 8 0 8
split_gain=1.88845 2.08462 3.04145 2.82791 3.94249 3.30354 6.52761 3.02838 5.43333 2.90287 5.13851 2.43421 2.34149 6.00622
threshold=1.4583551057799591 100.15577384350694 1.6071004718542101 1.0110458955168726 0.059900283813476569 19.882034873395167 19.610287754062568 71.542444808196308 0.1852887570858002 1.6542617490640388 0.80175916850566875 303.53868840795582 126.9512405395508 13.021282713125112
decision_type=2 2 2 2 2 2 2 2 2 2 2 2 2 2
left_child=1 3 -3 7 -5 6 -6 12 -9 10 -10 -4 -1 -14
right_child=-2 2 11 4 5 -7 -8 8 9 -11 -12 -13 13 -15
leaf_value=0.00092107446926232087 -0.043802821485717507 0.031600111972931694 -0.050675553568834124 0.039122282758274958 0.00081027982042194437 -0.051856335907898149 0.41415062460848467 -0.047270991396159374 0.048707443524660103 0.068118424761177618 -0.06092564671661449 0.056085311942692478 0.31419860262357369 -0.017593287439772246
leaf_weight=253.41617287808913 2.4189095093752249 10.965048815938642 2.263846703630406 1.9064258793368924 0.91376042680349001 7.5202471784868976 0.10666644442244433 2.1248474323365363 3.3543636879476235 4.9067354677245021 1.5685904843267051 0.69870182016165916 0.1372063279850434 23.168726186035201
leaf_count=21814 966 1940 666 269 188 1198 13 396 305 71 47 68 37 6210
internal_value=0.00020622 0.000546272 0.019455 -0.000334145 -0.0258897 -0.0404015 0.0440172 0.000590701 0.0252298 0.040902 0.0137753 -0.0254966 -0.00047372 -0.01564
internal_weight=315.47 313.051 13.9276 299.124 10.4471 8.54067 1.02043 288.677 11.9545 9.82969 4.92295 2.96255 276.722 23.3059
internal_count=34188 33222 2674 30548 1668 1399 201 28880 819 423 352 734 28061 6247
is_linear=0
shrinkage=0.05


Tree=220
num_leaves=15
num_cat=0
split_feature=0 2 2 8 7 7 0 0 1 1 6 0 0 7
split_gain=1.9653 3.51551 5.55022 4.28131 32.1884 3.11045 2.81736 5.31146 5.18774 3.60587 3.00398 2.70651 3.9471 2.65732
threshold=126.9512405395508 1.0413461526490357 0.93022615085686522 20.280278757287565 0.58111540721977217 0.51151568012397919 130.71761322021487 131.692741394043 0.05258712561024529 0.48095737562237739 15.500000000000002 125.70325851440431 123.11297988891603 0.80598237239367665
decision_type=2 2 2 2 2 2 2 2 2 2 2 2 2 2
left_child=11 2 5 4 -4 -2 -3 8 -8 -9 13 12 -1 -11
right_child=1 6 3 -5 -6 -7 7 9 -10 10 -12 -13 -14 -15
leaf_value=0.0014292367112563511 0.020030075597017489 -0.052181702593251646 1.0719528796702662 0.060008952167974285 -0.050176661829523864 -0.050752435974585022 0.13109865359760536 -0.033723186112970663 -0.050422502450238174 -0.0051406010964882504 0.13580706143740123 0.038975571204586619 -0.048458411768740536 0.17055970537651882
leaf_weight=271.44894362508057 4.9446611022285634 5.5573718817031503 0.089108931133523472 1.1960725218232253 0.22597063309513032 2.2621197788976133 1.1826937504520199 13.193581802930568 0.58994489567703556 4.350576925178756 0.47378235950600345 4.697452096064807 4.0236673757899544 0.22639709536451835
leaf_count=25428 491 897 34 85 86 536 109 4677 100 949 14 259 644 66
internal_value=-4.05959e-05 -0.0113389 0.0160808 0.103204 0.267177 -0.00218768 -0.0206858 -0.0119416 0.0706873 -0.0199699 0.0159565 0.00134229 0.000700557 0.0035503
internal_weight=314.462 34.2923 8.71793 1.51115 0.31508 7.20678 25.5743 20.017 1.77264 18.2443 5.05076 280.17 275.473 4.57697
internal_count=34375 8044 1232 205 120 1027 6812 5915 209 5706 1029 26331 26072 1015
is_linear=0
shrinkage=0.05


Tree=221
num_leaves=15
num_cat=0
split_feature=6 5 5 3 0 0 2 5 8 5 8 8 3 8
split_gain=2.46073 4.11598 7.50268 6.50451 4.893 4.16528 7.51387 6.47491 4.99134 4.03376 3.99931 3.98795 2.95852 2.81979
threshold=9.5000000000000018 0.17872929573059085 0.32215328514575964 0.042808532714843757 88.987895965576186 104.7907066345215 1.4282884291777409 1.1023454815149309 97.990279646459797 0.37300592660903936 29.492059683078121 25.569829984036414 0.071144104003906264 164.75756377138075
decision_type=2 2 2 2 2 2 2 2 2 2 2 2 2 2
left_child=-1 4 -3 -4 10 13 9 8 -8 -7 11 -2 -9 -5
right_child=1 2 3 5 -6 6 7 12 -10 -11 -12 -13 -14 -15
leaf_value=-0.0035448515271570796 0.023534163197454949 0.045490001465235741 0.059263991645538062 -0.017852926246986405 -0.031987487446835813 0.069598153162171106 0.085576009921511542 0.16672129083558798 0.014664783317965197 -0.040732012973020398 0.041949091972257081 -0.043787440465432252 -0.025815260951312487 0.051842346414045483
leaf_weight=218.31182687366527 4.2382604615122563 13.873023616877616 4.8991408559668335 26.194097746789343 13.353769853914853 0.95329654216766613 6.2086547620128822 0.20996066927909751 4.1338588509242982 6.3252840882632881 5.8389743951265691 4.5736632307525724 4.0126782907464076 1.5364004725124676
leaf_count=27293 186 465 459 2719 1233 5 65 1 109 118 222 92 523 914
internal_value=-0.00060741 0.00604823 0.0126633 0.00430318 -0.0100961 -0.00112829 0.0152015 0.0359317 0.0572331 -0.0262818 0.00985705 -0.0114078 -0.0162418 -0.0139915
internal_weight=314.663 96.3511 68.3464 54.4734 28.0047 49.5742 21.8437 14.5652 10.3425 7.27858 14.6509 8.81192 4.22264 27.7305
internal_count=34404 7111 5378 4913 1733 4454 821 698 174 123 500 278 524 3633
is_linear=0
shrinkage=0.05


Tree=222
num_leaves=15
num_cat=0
split_feature=2 8 0 2 4 0 0 0 2 2 2 2 8 3
split_gain=2.10639 3.77674 4.19844 3.45481 4.08492 3.1482 2.88071 4.41097 2.88774 3.67762 2.60887 4.07801 4.42104 7.03082
threshold=0.16755320791616987 6.3079597006222246 67.80661773681642 1.1281769407652995 0.2930094771792508 43.194660186767585 61.501644134521491 63.323648452758796 0.41826336648410739 0.46358939816653838 0.54032979905655842 0.28316103015990501 7.2703690096719429 0.068058013916015639
decision_type=2 2 2 2 2 2 2 2 2 2 2 2 2 2
left_child=5 2 3 4 6 -1 8 -8 -2 -10 11 -3 -13 -14
right_child=1 10 -4 -5 -6 -7 7 -9 9 -11 -12 12 13 -15
leaf_value=0.05733139674979959 -0.039447877961779121 -0.010774386716664738 -0.045809305078409246 0.047430514938975085 0.10396770212062319 -0.051181257451690068 0.042063139224040508 -0.050397922551101072 0.12237429991133592 -0.014782633475696234 -0.0023918101626702426 0.051202573828541743 -0.01595340639505374 0.023396389265770659
leaf_weight=3.2375990639557122 11.926699226489299 20.456767007097369 9.2338480236940068 2.6751445530389892 0.72282145346980442 0.84230269119143475 4.0266512373927972 1.8978623377624897 0.64137621730333139 2.0535622984170914 195.62672750509955 7.4314415173139414 17.284687627863605 33.071186775283422
leaf_count=110 1099 816 2993 109 33 24 88 424 41 256 23676 550 2714 1279
internal_value=-0.000761386 -0.00123562 -0.0171677 -0.00612231 -0.012858 0.0349288 -0.016968 0.0124441 -0.0288854 0.0178597 0.000694468 0.00841082 0.0152024 0.00988955
internal_weight=311.129 307.049 33.178 23.9441 21.269 4.0799 20.5462 5.92451 14.6216 2.69494 273.871 78.2441 57.7873 50.3559
internal_count=34212 34078 5043 2050 1941 134 1908 512 1396 297 29035 5359 4543 3993
is_linear=0
shrinkage=0.05


Tree=223
num_leaves=15
num_cat=0
split_feature=7 0 1 8 2 7 8 0 0 1 6 2 0 8
split_gain=2.56568 8.15648 5.91162 6.33027 13.566 5.27298 3.68847 3.30443 5.39701 4.27067 2.97651 5.35762 4.93324 4.24175
threshold=0.60910724388582616 41.769428253173835 0.59688710674544354 8.7645515660466859 0.37002037349725703 0.6038419151205292 41.217889650922139 126.9512405395508 126.34774017333986 0.83956657193573092 9.5000000000000018 0.89638488224897728 100.85143280029298 7.9219120855532834
decision_type=2 2 2 2 2 2 2 2 2 2 2 2 2 2
left_child=1 -1 -3 -4 -5 6 -6 8 10 -10 -2 13 -13 -12
right_child=7 2 3 4 5 -7 -8 -9 9 -11 11 12 -14 -15
leaf_value=0.060630513738043582 -0.011500771420219123 -0.00051566943246649335 -0.050981653083589984 0.56487890881636849 -0.05060695668763613 0.19322696692133845 0.17937136804016368 -0.038492672824959141 0.016082711474312179 0.19968214140870189 -0.047129310883688498 -0.025824082505858964 0.045395623167962668 0.066907134095489332
leaf_weight=5.7675382438465013 67.075405387833598 211.36624323198339 0.68183831265196149 0.16173903550952662 0.69189768302021526 0.64935125480405986 0.23307808105892036 8.0622935328574368 0.72201229096390196 0.5642657270655036 0.96626774413744243 9.4906505217077193 3.2689986884361124 5.2244842633081134
leaf_count=1530 8839 20288 89 7 90 40 19 2257 50 4 43 658 109 239
internal_value=-0.00101797 0.00195653 0.000373608 0.0781117 0.128813 0.0840136 0.00734365 -0.00786528 -0.00503718 0.0966243 -0.00655724 0.0109405 -0.00757772 0.049108
internal_weight=314.926 219.552 213.784 2.4179 1.73607 1.57433 0.924976 95.3744 87.3121 1.28628 86.0258 18.9504 12.7596 6.19075
internal_count=34262 22063 20533 245 156 149 109 12199 9942 54 9888 1049 767 282
is_linear=0
shrinkage=0.05


Tree=224
num_leaves=15
num_cat=0
split_feature=3 6 2 8 4 2 3 6 0 4 4 3 3 6
split_gain=2.06754 1.91901 3.19297 2.65581 2.24932 4.46089 5.26592 2.40714 2.36019 2.1948 2.17304 2.74803 2.51869 5.40813
threshold=1.4284400939941408 33.500000000000007 1.9305753936577277 178.9403846034796 0.87836268068522572 0.44037575077818514 0.76397705078125011 19.500000000000004 123.46797943115236 1.3067574351163584 0.76972427064681115 0.43585205078125006 0.10635375976562501 9.5000000000000018
decision_type=2 2 2 2 2 2 2 2 2 2 2 2 2 2
left_child=1 4 -3 -4 10 -6 7 -7 -9 -5 12 -12 13 -1
right_child=-2 2 3 9 5 6 -8 8 -10 -11 11 -13 -14 -15
leaf_value=0.0037887748500278723 -0.051550952303539933 0.051835027586448625 -0.036399733655805157 0.066161107880826978 0.021108802994500506 -0.0498110618629381 0.032222401636611213 0.042868170982243367 -0.058347460155459135 -0.033892278284979725 -0.0051769867501649516 0.059542442082201399 -0.0035870947320803879 0.034131713692036686
leaf_weight=161.35228451498551 1.7325742200046068 5.2490847326407657 2.8212070657173172 1.7165933754295113 7.0245186397805837 11.083316720163568 3.1142818689113474 1.535042249830439 0.92183826799737278 0.80522573820780952 2.8650978335645041 3.8363992006634362 93.569953502563294 16.155228926887503
leaf_count=21069 575 2620 542 23 150 2256 127 129 24 40 315 108 5675 623
internal_value=0.00291801 0.00322043 0.0241383 -0.00307137 0.00248545 -0.0123073 -0.0264016 -0.0398853 0.00489138 0.0342137 0.00374645 0.0318729 0.00305112 0.00655033
internal_weight=313.783 312.05 10.5921 5.34303 301.458 23.679 16.6545 13.5402 2.45688 2.52182 277.779 6.7015 271.077 177.508
internal_count=34276 33701 3225 605 30476 2686 2536 2409 153 63 27790 423 27367 21692
is_linear=0
shrinkage=0.05


Tree=225
num_leaves=15
num_cat=0
split_feature=6 5 2 4 6 2 0 4 5 4 4 2 7 7
split_gain=2.76209 5.24019 5.30634 2.74762 4.28843 3.24287 2.63933 2.57581 3.43306 2.30142 4.74635 5.50189 4.7298 9.74498
threshold=2.5000000000000004 2.5682151317596439e-05 0.3392916555733711 0.86957297275920087 19.500000000000004 0.35783112159426828 123.46797943115236 0.76972427064681115 0.0051622092723846444 0.19685131953716958 0.18994234496533166 0.73464764647829661 0.61298649951168771 0.4932665430646197
decision_type=2 2 2 2 2 2 2 2 2 2 2 2 2 2
left_child=-1 2 -2 7 5 -5 -6 9 -9 10 12 -12 13 -3
right_child=1 3 -4 4 6 -7 -8 8 -10 -11 11 -13 -14 -15
leaf_value=-0.0085169999744823376 0.10267438201122603 0.0024311085373613511 -0.050396933366954833 0.038116584071247288 0.027639481855743799 -0.034643886095206591 -0.036709403825022961 -0.023161704673141829 0.053839505991366901 -0.0026733639292092571 0.16767351506702149 0.03172001723412915 -0.01064830452385839 0.063761422582630234
leaf_weight=91.730582485120976 2.3748274344834495 27.756556604639627 0.74340120960550837 1.6871835649944902 7.3413740256510192 16.581322469952283 2.0352695145411417 2.0063618565909556 5.1969676330409129 108.50769182583463 0.85877370077650894 5.5762494233204052 27.910719178878935 8.4483669471810554
leaf_count=16082 26 1793 192 48 1721 2461 72 252 475 8331 27 136 2392 439
internal_value=-0.0012429 0.00183166 0.0661814 0.000893599 -0.0138156 -0.0279241 0.0136721 0.00307675 0.0323922 0.00189742 0.00892734 0.0498634 0.00481875 0.0167424
internal_weight=308.756 217.025 3.11823 213.907 27.6451 18.2685 9.37664 186.262 7.20333 179.058 70.5507 6.43502 64.1156 36.2049
internal_count=34447 18365 218 18147 4302 2509 1793 13845 727 13118 4787 163 4624 2232
is_linear=0
shrinkage=0.05


Tree=226
num_leaves=15
num_cat=0
split_feature=5 8 2 0 0 2 0 2 2 0 7 0 2 0
split_gain=2.75026 3.47736 2.06568 4.21823 4.23754 4.24586 3.70963 5.12544 4.4175 8.08426 7.62341 5.60465 5.80896 5.26276
threshold=0.75061712041497242 178.9403846034796 1.3210992505805428 137.78449249267581 137.03838348388675 2.0861375820332255 96.623603820800795 0.93022615085686522 1.0413461526490357 109.26585006713869 0.36508409212126414 109.82558059692384 1.0321657172225218 144.46268463134768
decision_type=2 2 2 2 2 2 2 2 2 2 2 2 2 2
left_child=2 -2 6 4 -4 -6 -1 -8 9 -9 -10 -11 13 -13
right_child=1 -3 3 -5 5 -7 7 8 10 11 -12 12 -14 -15
leaf_value=0.0042675252555951469 -0.019927409390016006 0.033141079199248198 0.0089316957541357486 -0.0324333423868658 0.12233064705430892 -0.051909560337546484 -0.019609812376653577 -0.035826400851490324 0.029511412662704545 0.4115358564341618 -0.044097102227973306 0.030235264843813177 0.23834036282230159 0.23835855907370071
leaf_weight=115.60192970838398 26.864268697696392 3.4875994286849155 90.111799952079309 6.0923573851177926 1.5371867001522321 0.45256548037286837 46.584943507012213 1.863093285937796 7.7434635501558642 0.13244827929884229 6.4452777054393664 2.6623453388747302 0.49808786390349258 0.34286432666704048
leaf_count=10549 3570 937 6419 3452 41 56 6519 356 682 9 1271 364 31 60
internal_value=0.000466675 -0.0138295 0.002016 0.00786004 0.0105254 0.0827 -0.00113919 -0.0105704 0.0108189 0.048864 -0.00392547 0.0922625 0.0801918 0.05398
internal_weight=310.42 30.3519 280.068 98.1939 92.1016 1.98975 181.874 66.2725 19.6876 5.49884 14.1887 3.63575 3.5033 3.00521
internal_count=34316 4507 29809 9968 6516 97 19841 9292 2773 820 1953 464 455 424
is_linear=0
shrinkage=0.05


Tree=227
num_leaves=15
num_cat=0
split_feature=3 7 5 3 2 0 0 7 7 0 7 2 0 0
split_gain=2.72734 2.09826 4.48343 6.83886 7.93482 3.72615 3.61967 4.86781 8.65248 4.79178 4.07121 9.12345 3.71113 3.6775
threshold=0.99798965454101574 0.71732811606383207 0.00091844797134399425 0.078516006469726576 1.0197411585145697 27.956548690795902 100.21817016601564 0.84376341230301055 0.79445994215076599 113.16934204101564 0.8097548434201387 1.9707727441949536 55.319606781005866 109.26585006713869
decision_type=2 2 2 2 2 2 2 2 2 2 2 2 2 2
left_child=1 -1 3 4 5 -3 12 8 9 13 11 -10 -6 -8
right_child=-2 2 -4 -5 6 -7 7 -9 10 -11 -12 -13 -14 -15
leaf_value=0.0025413986335662882 -0.030188980286343387 0.096207426010221836 -0.021103065417693405 0.18498861858759019 0.16600900792640358 -0.041800120107013228 -0.051501554796188981 -0.050844899525014524 -0.050481849755035502 -0.051085050983260605 0.086400558752940032 0.38753841381799825 -0.051305422488964386 0.064133387402772191
leaf_weight=244.67560111601779 7.3827048348684903 0.51996202021837845 30.253484601009404 0.53328385762870212 0.216981374425813 8.2392150576924887 0.85132708912715127 1.3724089856259514 0.18220168020343397 2.0175786439795047 3.6865375905181281 0.34206924994941801 2.0770034634624608 3.5743711476679891
leaf_count=25415 1165 3 3151 26 16 2894 70 220 54 556 216 35 371 48
internal_value=-0.000167802 0.000574598 -0.00835913 0.00796871 0.00387844 -0.0336077 0.026807 0.0377857 0.0492027 0.0127767 0.104941 0.235312 -0.0307503 0.0418899
internal_weight=305.925 298.542 53.8664 23.6129 23.0797 8.75918 14.3205 12.0265 10.6541 6.44328 4.21081 0.524271 2.29398 4.4257
internal_count=34240 33075 7660 4509 4483 2897 1586 1199 979 674 305 89 387 118
is_linear=0
shrinkage=0.05


Tree=228
num_leaves=15
num_cat=0
split_feature=4 4 4 1 2 5 8 4 0 5 0 8 5 1
split_gain=1.82228 1.52973 4.00338 3.9126 4.72138 5.34958 5.21531 4.51859 5.37089 7.71194 7.18545 6.87737 4.25005 5.11873
threshold=1.5399128625000815 0.1979121975128342 0.20878228184105921 0.54923223349697248 0.37415325588484821 0.00013427436351776126 50.139150357276741 0.6508936173189489 120.4042205810547 0.00042134523391723638 119.98633193969728 21.239420634404244 0.21198755502700808 0.097748504460807642
decision_type=2 2 2 2 2 2 2 2 2 2 2 2 2 2
left_child=1 -1 -3 4 5 -4 12 8 9 -5 11 -11 13 -6
right_child=-2 2 3 7 6 -7 -8 -9 -10 10 -12 -13 -14 -15
leaf_value=0.0024346969910740788 -0.05193665849448046 -0.048310291244239405 0.096696088847659539 0.17600618889299507 0.0085151380457896397 0.0063387421232549424 0.00073534969558264167 0.10169962226167757 -0.040313038598655287 -0.051024041846379146 0.2629215362122434 0.03621854661689667 -0.039097128920231788 -0.036096244455018613
leaf_weight=162.93845857695851 1.7575737258302968 5.0645157040562472 1.7518396187806526 0.81764959730208175 15.96827164955903 25.223700911097694 45.072666776468395 1.5147051508247376 3.820359527191612 3.212029282789441 0.28907292068470347 7.6129590455093421 22.063287091979873 10.764645049232056
leaf_count=20245 595 481 22 22 2142 711 5257 151 439 381 11 565 2213 1048
internal_value=-0.00117007 -0.00087859 -0.00464922 -0.00304817 -0.0062293 0.0122067 -0.0115273 0.0192155 0.0112839 0.0278044 0.0169014 0.0103316 -0.0228543 -0.0094487
internal_weight=307.872 306.114 143.176 138.111 120.844 26.9755 93.8689 17.2668 15.7521 11.9317 11.1141 10.825 48.7962 26.7329
internal_count=34283 33688 13443 12962 11393 733 10660 1569 1418 979 957 946 5403 3190
is_linear=0
shrinkage=0.05


Tree=229
num_leaves=15
num_cat=0
split_feature=8 3 4 3 6 5 4 4 3 4 5 8 4 8
split_gain=2.42546 4.13231 3.96562 4.25481 3.27809 3.22919 5.14206 4.97066 4.64621 4.51921 3.98585 9.66234 8.66871 8.58517
threshold=16.572804173259069 0.64322090148925792 0.51029026522338095 0.59744834899902355 10.500000000000002 0.46715562045574194 0.02893896311069 0.031007161802579179 0.033653259277343757 0.61266650995938854 0.23088824748992923 40.322943835975146 0.24826915408190428 42.364226745367148
decision_type=2 2 2 2 2 2 2 2 2 2 2 2 2 2
left_child=1 2 3 4 -1 10 -7 -8 -9 -10 -2 12 -12 -13
right_child=5 -3 -4 -5 -6 6 7 8 9 -11 11 13 -14 -15
leaf_value=-0.0043282621162009189 0.0023329671999607975 -0.048182331524355734 -0.048639174017498461 0.055222206242404842 0.055502742272856301 0.10610491319067827 -0.083481908750575415 0.034080451782691555 -0.019212473867305034 0.015363231580597736 0.025148660613926305 0.22735323592484297 -0.044233556915608159 0.046175055819770466
leaf_weight=132.98318803991424 72.946078098553699 5.3655033646500661 4.703440236800815 3.1789937794674179 2.329431189747992 1.0106550748459984 2.0835268096998325 6.7456494125362942 36.181795031232468 12.791839336168776 12.765725821256639 0.68806290102656831 6.9544609351141835 13.149009127489988
leaf_count=17680 7535 671 248 48 223 24 19 414 3413 2143 633 17 669 685
internal_value=-0.000466019 -0.00510256 -0.00348837 -0.00195496 -0.00329826 0.00370057 -0.00570319 -0.0076581 -0.0048228 -0.0101814 0.00889353 0.0231547 0.000680539 0.0551843
internal_weight=313.877 148.561 143.195 138.492 135.313 165.317 58.8135 57.8028 55.7193 48.9736 106.503 33.5573 19.7202 13.8371
internal_count=34422 18870 18199 17951 17903 15552 6013 5989 5970 5556 9539 2004 1302 702
is_linear=0
shrinkage=0.05


Tree=230
num_leaves=15
num_cat=0
split_feature=8 8 2 2 2 7 8 4 5 6 4 2 8 4
split_gain=2.28809 6.19116 6.82436 7.84124 6.54707 13.2387 5.92784 3.81828 6.31154 3.74877 3.9814 5.1537 8.96207 6.80247
threshold=12.646520065838963 11.373358557870288 1.2913662468810931 0.47041103223433661 0.46358939816653838 0.68589486925213239 13.021282713125112 0.24437328053083926 0.00042134523391723638 3.5000000000000004 0.1979121975128342 0.68962122920532132 48.736825768262257 0.45624868648485351
decision_type=2 2 2 2 2 2 2 2 2 2 2 2 2 2
left_child=1 2 3 4 7 -6 -2 -1 -9 -8 -11 13 -13 -12
right_child=6 -3 -4 -5 5 -7 9 8 -10 10 11 12 -14 -15
leaf_value=-0.0059426857131865476 0.054105869419789412 -0.04599357433900822 0.01660884546174601 -0.038969879151768708 -0.050692846620802513 0.53392792800796307 -0.020567848898765784 0.19970585252785317 0.020141475663257222 0.019207410366538252 0.03920984681678779 -0.029354898204649739 0.0065693887036820447 0.00077112124270975056
leaf_weight=49.557796815875918 6.0293397856585207 8.0081288933870365 38.249894793290878 17.207208074716618 0.22340624238131468 0.17092314851470292 14.618609425844623 0.55047736020060156 4.4081868593930267 41.772675172745949 17.15280182013521 28.063129863032373 45.523270802281331 34.986160036656656
leaf_count=5744 285 1251 2092 5960 61 32 4576 16 166 2273 588 3800 5914 1468
internal_value=0.00190281 -0.00354336 -0.000463234 -0.00951791 -0.000288649 0.202713 0.00532938 -0.001757 0.0400755 0.00371453 0.00583381 0.00139039 -0.0071308 0.0134168
internal_weight=306.522 118.376 110.368 72.118 54.9108 0.394329 188.146 54.5165 4.95866 182.117 167.498 125.725 73.5864 52.139
internal_count=34226 15322 14071 11979 6019 93 18904 5926 182 18619 14043 11770 9714 2056
is_linear=0
shrinkage=0.05


Tree=231
num_leaves=15
num_cat=0
split_feature=5 8 3 4 2 8 0 2 0 8 5 8 8 2
split_gain=3.00902 3.50251 3.69865 2.73499 2.2419 2.22787 2.03217 2.92078 4.12985 2.5217 6.39892 2.89824 2.82892 3.80622
threshold=0.87442480772733699 115.68186653500923 0.10635375976562501 0.46619548537406291 1.3864771406297163 178.9403846034796 145.32572937011722 1.3864771406297163 157.17142486572268 71.542444808196308 0.21972051262855533 63.112191726050717 60.114349591507853 1.9957091434121181
decision_type=2 2 2 2 2 2 2 2 2 2 2 2 2 2
left_child=6 2 -2 -3 -4 -5 9 8 -8 11 -11 12 -1 -14
right_child=1 3 4 5 -6 -7 7 -9 -10 10 -12 -13 13 -15
leaf_value=0.0023733776801428694 0.013343941580858469 0.086041076665225924 -0.099250425332710585 -0.029629692188557339 -0.035702325223912902 0.033658631539435671 -0.052940489136795166 -0.050715117355020156 0.036805511385702573 -0.042314912801791553 0.039177233599296576 -0.027299775419677076 0.091539961586023053 -0.059744507461911768
leaf_weight=255.2915726644278 3.5972314578539253 1.0727439558249887 1.6247654311591748 3.0832661623717286 9.5191136393041216 2.5328263702394906 2.0175699718529341 4.3392379473007168 3.5153701324015856 3.0078711506212121 12.096324991871368 8.2094153718935541 1.8336622780770988 0.53767310615512531
leaf_count=25007 549 91 132 589 1655 786 398 2515 476 597 1075 319 65 68
internal_value=0.000959827 -0.0171217 -0.030738 0.0128864 -0.0449676 -0.00108701 0.00229209 -0.0200048 0.0040799 0.00307549 0.0229488 0.00194649 0.00287831 0.0572379
internal_weight=312.279 21.4299 14.7411 6.68884 11.1439 5.61609 290.849 9.87218 5.53294 280.977 15.1042 265.872 257.663 2.37134
internal_count=34322 3802 2336 1466 1787 1375 30520 3389 874 27131 1672 25459 25140 133
is_linear=0
shrinkage=0.05


Tree=232
num_leaves=15
num_cat=0
split_feature=6 3 1 1 1 3 2 0 7 2 6 0 6 6
split_gain=1.9326 2.9893 2.65535 3.83972 3.42424 2.68433 3.8895 4.08084 4.16675 4.98832 4.25573 3.53665 3.35491 3.23876
threshold=9.5000000000000018 0.034812927246093757 0.50615085742125432 0.79083070077063422 0.33529918162101707 0.077672958374023451 0.37415325588484821 103.51881790161134 0.15678759701002401 0.89638488224897728 12.500000000000002 117.78212356567384 10.500000000000002 14.500000000000002
decision_type=2 2 2 2 2 2 2 2 2 2 2 2 2 2
left_child=-1 -2 4 -4 5 -3 -7 8 -8 10 -10 12 -9 -12
right_child=1 2 3 -5 -6 6 7 11 9 -11 13 -13 -14 -15
leaf_value=-0.0034400157202895223 0.045966735806857971 -0.023824743257894118 0.03299610237888536 -0.033935108571294566 -0.02677290924792813 0.041646793906389333 -0.031805188144459748 0.1240832426912003 0.090895369473575363 -0.022569971608234859 -0.032671553340015543 -0.0073177780011274831 0.031360968064774085 0.036547310503553948
leaf_weight=215.14295783035777 4.2987853932427234 7.6585954703186863 12.978493125512612 2.5665477676666333 10.813447081600314 7.3269210975849992 11.639889132922692 1.1048811161599577 2.2585862502455729 7.9872420803221749 2.5860772656742483 5.829384131502592 8.3347908287978481 4.8768059141584672
leaf_count=27260 583 972 825 163 642 320 929 10 19 1113 29 535 306 602
internal_value=-0.000863761 0.00527695 0.00324212 0.0219455 -0.000886797 0.00380957 0.00788391 0.00233951 -0.00856745 0.00670665 0.0307606 0.0233037 0.0422138 0.0125612
internal_weight=305.403 90.2604 85.9617 15.545 70.4166 59.6032 51.9446 44.6177 29.3486 17.7087 9.72147 15.2691 9.43967 7.46288
internal_count=34308 7048 6465 988 5477 4835 3863 3543 2692 1763 650 851 316 631
is_linear=0
shrinkage=0.05


Tree=233
num_leaves=15
num_cat=0
split_feature=1 0 0 1 8 3 3 3 0 4 2 1 4 2
split_gain=1.91579 3.49167 5.47165 7.31814 2.98264 4.80765 7.87654 7.19607 21.8794 3.74076 3.84163 6.8764 3.35006 4.58456
threshold=-0.52273327247767065 113.4473342895508 113.16934204101564 -0.79285971359135277 16.572804173259069 0.28489685058593756 0.2085075378417969 0.23709487915039065 76.085128784179702 0.13538395359537544 0.2567652771426101 0.23715818628274279 0.86957297275920087 0.71857499562879912
decision_type=2 2 2 2 2 2 2 2 2 2 2 2 2 2
left_child=1 2 -1 -4 5 6 9 8 -8 -2 11 -11 13 -6
right_child=4 -3 3 -5 12 -7 7 -9 -10 10 -12 -13 -14 -15
leaf_value=-0.0057109997816523293 0.00082609963891669142 -0.039681778151375378 0.35704964862103455 -0.015080952969905376 0.023749653395931571 -0.033381500098870365 0.037632504764160413 0.03489337122823849 0.6293184292210755 -0.048355671715208499 -0.037556415765699028 0.079919011346487559 -0.0099820858187079781 0.0026329649386596867
leaf_weight=35.603979553343379 85.305593462573597 8.0848942220618465 0.2443370595574379 0.28764569573104282 39.33333582621708 12.874283288867444 0.5371690677129658 2.638570926617831 0.22032370511442423 2.040024167828963 13.401616703224134 2.1415064085158519 25.887319165347435 74.172806879068958
leaf_count=4617 10635 2325 6 38 1639 1107 47 185 26 55 1951 33 4250 7281
internal_value=-0.000361286 -0.00997843 -0.00333274 0.155837 0.00128356 -0.0045248 -0.00102939 0.0738907 0.20973 -0.00350228 -0.0245017 0.0173382 0.00624877 0.00995054
internal_weight=302.773 44.2209 36.136 0.531983 258.553 119.159 106.285 3.39606 0.757493 102.889 17.5831 4.18153 139.393 113.506
internal_count=34195 6986 4661 44 27209 14039 12932 258 73 12674 2039 88 13170 8920
is_linear=0
shrinkage=0.05


Tree=234
num_leaves=15
num_cat=0
split_feature=4 2 8 2 4 1 8 8 8 1 4 1 3 6
split_gain=1.61862 1.68503 3.1294 4.63018 8.82289 5.3091 4.98433 3.77462 5.4055 3.95879 3.35931 6.50992 4.041 3.81863
threshold=1.4747630413363322 1.4141560078116353 13.708120306000803 0.71857499562879912 0.18019673540416506 -0.70811975769026769 45.083633024942777 7.2703690096719429 7.1658116338882838 -0.10823345190988694 0.46326401301992698 -0.18925456013718236 0.078516006469726576 20.500000000000004
decision_type=2 2 2 2 2 2 2 2 2 2 2 2 2 2
left_child=1 2 7 10 5 -5 -6 8 -1 -10 -4 12 -12 -13
right_child=-2 -3 3 4 6 -7 -8 -9 9 -11 11 13 -14 -15
leaf_value=-0.0052538982442630489 -0.046342551078349878 0.0041626364597833121 0.025559327596334298 -0.045247765219320002 -0.047960916317563169 0.039949330166073653 -0.0071616809660816965 -0.021557829005855719 0.093014411406338482 -0.052019342233639881 -0.032202005770760087 -0.016479502058136697 0.06236977939125813 0.05032930977115916
leaf_weight=43.564209483403829 1.9664410981567915 107.67687020842277 24.672196756320773 2.2161305143090422 13.052530023909641 10.455985509150194 17.552691931516165 41.384212193632266 2.3870981453219433 0.58600971545092662 1.4092284957296204 23.606188758218199 5.6915463534533046 2.3519498072419074
leaf_count=6355 905 11788 1541 335 1696 870 1699 7402 54 68 33 593 317 572
internal_value=-0.0011291 -0.000829346 -0.00367443 0.00232927 -0.0100349 0.0250499 -0.0245618 -0.0105718 -0.000802178 0.0644278 0.0115979 0.00117833 0.0436009 -0.0104263
internal_weight=298.573 296.607 188.93 101.008 43.2773 12.6721 30.6052 87.9215 46.5373 2.97311 57.7311 33.0589 7.10077 25.9581
internal_count=34228 33323 21535 7656 4600 1205 3395 13879 6477 122 3056 1515 350 1165
is_linear=0
shrinkage=0.05


Tree=235
num_leaves=15
num_cat=0
split_feature=1 6 5 3 5 5 3 2 7 8 1 2 6 6
split_gain=3.08853 1.79094 3.74944 3.53453 2.57187 5.40309 3.90593 3.61705 3.41071 6.18147 3.06805 3.04524 3.7113 3.36369
threshold=0.82580215771214249 9.5000000000000018 0.45580747723579412 0.012794494628906252 0.17872929573059085 0.39121910929679876 0.042808532714843757 0.35783112159426828 0.48712879113355262 47.878592466735782 -0.27048806205475157 1.5662949417110472 39.500000000000007 10.500000000000002
decision_type=2 2 2 2 2 2 2 2 2 2 2 2 2 2
left_child=1 2 -1 -4 7 8 -7 -3 9 -6 -9 12 -8 -13
right_child=-2 4 3 -5 5 6 11 10 -10 -11 -12 13 -14 -15
leaf_value=-0.00051690245604355868 -0.028629766508217986 0.019512297432563448 0.033073979699545321 -0.029953076416651344 -0.027244084197136548 0.055280439786096619 -0.023494965753554392 0.030281284364436764 0.068009388611037461 0.046652502062877563 -0.029938573087188364 0.070448651294637898 0.042248917518737258 0.0045284996174203562
leaf_weight=183.48346361314907 9.9216678062657575 8.1197005828726123 2.5193120103795108 19.004114219147596 4.4182001122680976 3.2000688206462646 18.264958502375524 2.4789999832282819 5.320462015020893 7.8725926177576184 14.406939687549308 2.1430804693081908 2.4325070706836405 19.947372912458377
leaf_count=22895 1953 373 75 2566 156 397 406 83 161 386 1209 123 1758 1877
internal_value=-0.00119273 -0.000265586 -0.00283284 -0.0225758 0.00567432 0.0110158 0.00199718 -0.00791109 0.0345658 0.0200887 -0.0210978 -0.00198783 -0.0157683 0.0109237
internal_weight=303.533 293.612 205.007 21.5234 88.6049 63.5992 45.988 25.0056 17.6113 12.2908 16.8859 42.7879 20.6975 22.0905
internal_count=34418 32465 25536 2641 6929 5264 4561 1665 703 542 1292 4164 2164 2000
is_linear=0
shrinkage=0.05


Tree=236
num_leaves=15
num_cat=0
split_feature=1 7 4 3 4 3 5 8 3 8 2 4 5 5
split_gain=2.99518 3.26439 2.25273 3.02216 1.6999 6.94735 7.85841 6.52408 6.44809 5.2775 4.85857 4.63251 6.90556 3.52857
threshold=0.82580215771214249 0.90240908825439281 0.037136663364067131 0.12981414794921878 0.34473167833247403 0.068058013916015639 0.0083237886428833025 36.521980790363109 0.31051445007324224 34.79928373620475 0.28316103015990501 0.61266650995938854 0.19484464824199679 1.1023454815149309
decision_type=2 2 2 2 2 2 2 2 2 2 2 2 2 2
left_child=4 -2 -3 -4 -1 13 8 -8 9 10 -7 -9 -13 -6
right_child=1 2 3 -5 5 6 7 11 -10 -11 -12 12 -14 -15
leaf_value=0.0039331457274426468 -0.047600800972714782 -0.0191525776708837 0.11614850901206611 -0.05160070036615147 -0.037987672413753393 -0.019256480433452506 -0.03236461365880549 -0.015314419261373528 0.059406441082260668 -0.043129045660336547 0.056557545526213698 -0.024465586865359872 0.033161796525710288 0.10022707365685196
leaf_weight=187.79067151738127 6.4926004432491009 2.0462829100433741 0.88983719621319302 0.38451811275444925 15.863151037025091 3.5298904223018344 18.422337866548332 19.71324301281129 9.1694064287585189 4.0018425337329964 5.265603181993356 7.2401038705429555 18.435815548436949 0.47561925757327195
leaf_count=22296 1561 269 23 63 3036 60 1543 1314 175 934 214 218 2635 38
internal_value=0.000190198 -0.0269771 0.0133469 0.0655326 0.0011098 -0.00408227 0.00160956 -0.00726981 0.0274034 0.00447286 0.0261311 0.00291555 0.016912 -0.0339643
internal_weight=299.721 9.81324 3.32064 1.27436 289.908 102.117 85.7782 63.8115 21.9667 12.7973 8.79549 45.3892 25.6759 16.3388
internal_count=34379 1916 355 86 32463 10167 7093 5710 1383 1208 274 4167 2853 3074
is_linear=0
shrinkage=0.05


Tree=237
num_leaves=15
num_cat=0
split_feature=5 4 6 4 5 5 6 7 1 2 2 3 3 5
split_gain=2.13254 1.90339 3.28063 4.67436 5.66706 5.99586 3.85438 3.03015 3.43045 2.99528 4.81654 3.20191 2.77462 4.42502
threshold=0.75061712041497242 0.88802145252098208 9.5000000000000018 0.36643837146398434 0.39121910929679876 0.0041579008102417001 22.500000000000004 0.053772845937766774 0.79083070077063422 0.93665716857608605 0.57310344419615944 0.40185928344726568 0.22476959228515628 0.0037009119987487797
decision_type=2 2 2 2 2 2 2 2 2 2 2 2 2 2
left_child=1 2 -1 7 5 -5 -6 -4 -9 10 -7 -12 -3 -14
right_child=-2 12 3 4 6 9 -8 8 -10 -11 11 -13 13 -15
leaf_value=-0.00052139411333194962 -0.01323295318386674 -0.048627768050893978 -0.044373544745830079 -0.025489761603356476 -0.041288649356696176 0.047335384051318034 0.050886575687867086 0.0574046911606821 -0.028930472177151112 0.071406394852106592 0.037946459406322054 -0.049591687743463703 0.068995127040247614 -0.013431540322631712
leaf_weight=203.17320673761424 29.570270034128043 4.4527677662699743 0.96996549225877871 5.7090082164504627 8.034315061522646 7.0631504872144415 1.3205484149220854 10.189655138616216 1.2970326495124016 4.0471950749633825 1.6182248115073887 2.9469609609222971 1.8375335372984434 14.295978523441589
leaf_count=24896 4491 2255 33 158 122 350 375 412 44 48 28 55 17 953
internal_value=-0.000492657 0.000918566 0.00213899 0.0146521 0.00418175 0.0183811 -0.028277 0.04049 0.0476561 0.0343589 0.0214646 -0.018562 -0.013687 -0.00404352
internal_weight=296.526 266.956 246.369 43.1961 30.7394 21.3845 9.35486 12.4567 11.4867 15.6755 11.6283 4.56519 20.5863 16.1335
internal_count=34237 29746 26521 1625 1136 639 497 489 456 481 433 83 3225 970
is_linear=0
shrinkage=0.05


Tree=238
num_leaves=15
num_cat=0
split_feature=4 3 5 6 5 6 0 6 3 8 1 4 6 1
split_gain=2.01395 5.34246 5.33872 4.68509 4.43877 3.79511 4.13179 3.6855 3.24663 5.91491 3.66807 3.02316 3.01062 2.83994
threshold=0.3516718197997068 0.068058013916015639 0.0083237886428833025 17.500000000000004 0.00012084841728210451 11.500000000000002 114.373348236084 9.5000000000000018 0.31051445007324224 34.79928373620475 -0.25631624314525958 1.1303590988525321 6.5000000000000009 0.79083070077063422
decision_type=2 2 2 2 2 2 2 2 2 2 2 2 2 2
left_child=7 3 8 4 -2 6 -4 -1 9 12 -10 -5 -3 -9
right_child=1 2 5 11 -6 -7 -8 13 10 -11 -12 -13 -14 -15
leaf_value=0.0015953033148097939 0.040901649704834647 -0.018169488884346423 -0.041394750404008744 0.097836144235925723 -0.05108785360521121 0.00034623636344329367 0.017720520362301991 0.03136516403358168 -0.0067595845360415713 -0.052164301702559084 0.065851754660259609 -0.039479307028823997 0.045560503692270271 -0.02563459586668836
leaf_weight=181.35282519928296 1.4663048593429255 2.638241367152661 12.730143452092308 1.0688386666588474 12.41112786704616 44.629540873153019 3.8496940644472479 17.461983460045307 2.4148567053489387 3.2606062890336025 6.2170248864567821 0.64134942085365754 6.2272432563477196 2.49784664317849
leaf_count=23001 340 197 1095 61 2499 4182 416 1132 40 907 126 77 76 136
internal_value=0.000982471 -0.00491365 0.00018888 -0.0317452 -0.0413681 -0.00724219 -0.0276687 0.0038397 0.022101 0.00541754 0.045538 0.0463405 0.0265954 0.024232
internal_weight=298.868 97.555 81.9674 15.5876 13.8774 61.2094 16.5798 201.313 20.758 12.1261 8.63188 1.71019 8.86548 19.9598
internal_count=34285 10016 7039 2977 2839 5693 1511 24269 1346 1180 166 138 273 1268
is_linear=0
shrinkage=0.05


Tree=239
num_leaves=15
num_cat=0
split_feature=1 3 6 4 2 7 4 4 2 1 5 3 3 4
split_gain=2.4247 2.45686 1.67056 3.73054 3.58742 5.25162 3.55629 16.0515 5.6388 8.63522 3.99187 8.86089 3.35049 5.45209
threshold=0.91064254490871099 0.11222457885742189 9.5000000000000018 0.13694427797210265 0.40814285452045251 0.032345670065281752 0.2930094771792508 0.33669462237475672 0.2731276451101306 0.31973341145300027 0.0057498812675476083 0.049926757812500007 0.033149719238281257 0.10874431361307575
decision_type=2 2 2 2 2 2 2 2 2 2 2 2 2 2
left_child=2 -2 3 12 6 -6 8 -8 9 -5 11 -9 -1 -14
right_child=1 -3 -4 4 5 -7 7 10 -10 -11 -12 -13 13 -15
leaf_value=0.0047783128339442676 0.027176785160247519 0.17408922160754295 0.0040860213827413859 -0.056598678776983706 0.046594532089207476 -0.023559032853301243 0.16601814591949304 -0.042019310380249558 -0.047578801230829255 0.072300861269088856 -0.034661424307737353 0.058953796066459042 -0.038173669214869407 0.020212064836252
leaf_weight=104.10912851424655 3.0774059121613386 0.313576454296708 85.973153013903357 2.1762497108429688 2.813166510386508 51.583720947877737 1.6352442535571743 3.5161198555724678 7.0297474208055064 3.2243866957724094 5.13185944140423 5.6868029423058033 11.93479916258366 6.0128906519385046
leaf_count=14582 222 21 7063 82 529 8683 26 85 451 33 130 86 1823 508
internal_value=-0.00127343 0.0407623 -0.00176356 -0.0042185 -0.0124108 -0.019931 0.00199302 0.0176027 -0.0180617 0.0203593 0.00067222 0.0203754 0.00133875 -0.0186131
internal_weight=294.218 3.39098 290.827 204.854 82.7973 54.3969 28.4004 15.97 12.4304 5.40064 14.3348 9.20292 122.057 17.9477
internal_count=34324 243 34081 27018 10105 9212 893 327 566 115 301 171 16913 2331
is_linear=0
shrinkage=0.05


Tree=240
num_leaves=15
num_cat=0
split_feature=2 4 1 1 1 6 2 7 6 5 5 6 4 4
split_gain=2.03591 3.30138 3.88061 7.47955 3.86266 5.00089 3.27473 2.9309 3.09133 2.89373 12.0577 3.74868 2.88666 3.92826
threshold=0.83837680535064596 0.1979121975128342 -0.37340963490018192 -0.39347153945573782 -0.4523019153151398 5.5000000000000009 0.71857499562879912 0.80185277344557104 8.5000000000000018 0.2363062631338835 0.28580918908119207 8.5000000000000018 0.20878228184105921 0.43973801318954703
decision_type=2 2 2 2 2 2 2 2 2 2 2 2 2 2
left_child=6 2 3 -2 -3 -6 12 8 -4 -7 11 -11 -1 -14
right_child=1 4 7 -5 5 9 -8 -9 -10 10 -12 -13 13 -15
leaf_value=-0.0091987687507718383 0.01784637990901743 -0.030844355606437619 -0.0038213414743063184 0.11677378631757085 -0.042017246277436283 -0.016606915445244858 -0.028952800686267235 0.03114161160865301 0.050280964309292075 0.16856344179526714 0.0035548473786314559 0.062056693472989082 0.022830446106688593 -0.0039830840261723772
leaf_weight=65.234580025949981 28.597752556263007 11.701506573452205 53.752385529573075 2.047448742290725 6.005273285569273 10.516256917668214 12.379534461389992 8.0164725946815434 2.7766936475381945 1.2827213241253042 32.391688663126843 2.3211263678967953 21.919020605564583 36.24873788660625
leaf_count=9710 3220 1706 5112 93 2571 2582 1937 633 379 19 3449 51 952 1837
internal_value=6.22113e-05 0.00389453 0.00980462 0.0244559 -0.00486595 0.00092239 -0.00443697 0.00284845 -0.00116385 0.00646645 0.0132074 0.0999658 -0.00197758 0.0061209
internal_weight=295.191 159.409 95.1908 30.6452 64.2186 52.5171 135.782 64.5456 56.5291 46.5118 35.9955 3.60385 123.402 58.1678
internal_count=34251 19815 9437 3313 10378 8672 14436 6124 5491 6101 3519 70 12499 2789
is_linear=0
shrinkage=0.05


Tree=241
num_leaves=15
num_cat=0
split_feature=7 7 2 1 3 7 8 7 0 3 3 8 4 8
split_gain=2.65327 3.39551 4.09639 4.98643 4.98807 3.10178 3.72083 2.92418 3.15812 3.61464 8.98389 19.6699 4.56318 8.95764
threshold=0.73164399655812928 0.80185277344557104 1.4282884291777409 0.81830359667481178 0.046489715576171882 0.8379704258690498 14.584425384664071 0.729293619132663 95.721939086914077 0.078516006469726576 0.081045150756835951 27.609944032743762 0.25411220317122141 32.888658178307004
decision_type=2 2 2 2 2 2 2 2 2 2 2 2 2 2
left_child=7 -2 -3 4 5 6 -4 8 -1 12 11 -11 13 -10
right_child=1 2 3 -5 -6 -7 -8 -9 9 10 -12 -13 -14 -15
leaf_value=0.008094671079406519 -0.026207678898902367 -0.014751348941219789 0.12267566392084919 -0.01863483618660626 -0.055134771341430633 -0.04948209733708947 0.036500604082802542 0.055814909443904853 -0.010737144169083579 0.76783411738656948 0.0039276156450097667 0.04633962965033963 -0.036241402373993335 0.057290271785386898
leaf_weight=111.85875077135279 19.875059570826124 15.941627061722103 2.6780078689334896 3.9492582990496885 0.91892654891125847 0.48944727738853533 2.3533843710902147 2.5399382313480592 54.104116372443968 0.12180584849556808 60.110578676038131 0.42087238556996454 14.156404946726978 5.3144384922343297
leaf_count=10153 2907 3503 63 394 201 81 80 124 8479 7 4170 111 3756 136
internal_value=0.000395989 -0.0106067 0.0011693 0.025599 0.0527259 0.070679 0.0823681 0.00244077 0.00188988 -0.00328087 0.00575601 0.208281 -0.0107306 -0.00465272
internal_weight=294.833 46.2057 26.3307 10.389 6.43977 5.52084 5.03139 248.627 246.087 134.228 60.6533 0.542678 73.575 59.4186
internal_count=34165 7229 4322 819 425 224 143 26936 26812 16659 4288 118 12371 8615
is_linear=0
shrinkage=0.05


Tree=242
num_leaves=15
num_cat=0
split_feature=6 5 4 3 3 1 6 3 5 3 1 3 4 0
split_gain=2.1323 4.96102 4.58201 2.95839 2.89607 3.38354 2.79184 8.83776 9.0197 6.20898 3.08436 3.24802 2.61671 2.43308
threshold=2.5000000000000004 0.00012084841728210451 0.024469296484843143 0.0079078674316406267 0.085197448730468764 0.72200544455176852 3.5000000000000004 0.011845588684082033 4.1730701923370368e-05 0.0011482238769531252 0.19687349363243897 0.0019493103027343752 0.3516718197997068 89.45114898681642
decision_type=2 2 2 2 2 2 2 2 2 2 2 2 2 2
left_child=3 6 4 13 5 -3 7 9 -9 -2 12 -12 -8 -1
right_child=1 2 -4 -5 -6 -7 10 8 -10 -11 11 -13 -14 -15
leaf_value=-0.018271893493512766 0.14679404524494288 0.077227200729429596 0.00029969632190708867 -0.04338501765369622 -0.050511675430538361 -0.014979727468938858 -0.045837690900275674 -0.050919571290309357 0.61410912511968541 -0.051103911586357943 0.21525609980363405 0.043738533994915549 0.046835145330142727 0.0011080429173874983
leaf_weight=21.557417784410063 0.84700207784771719 4.2866878462955347 188.28916042454512 4.9684635121520833 0.72323420544853423 1.2956123703625051 1.9374716722522864 0.0773136187926865 0.14972559397574514 0.74493724247440696 0.30337556567974422 3.0611477825732436 1.2551802373927783 65.112212339998223
leaf_count=3567 5 116 16997 2023 167 66 144 30 25 127 5 188 372 10370
internal_value=0.000467337 0.00332553 0.00170374 -0.00586333 0.0436298 0.0558266 0.041003 0.0958102 0.387647 0.054189 0.0257994 0.0592041 -0.00940368 -0.00371235
internal_weight=294.609 202.971 194.595 91.6381 6.30553 5.5823 8.37615 1.81898 0.227039 1.59194 6.55718 3.36452 3.19265 86.6696
internal_count=34202 18242 17346 15960 349 182 896 187 55 132 709 193 516 13937
is_linear=0
shrinkage=0.05


Tree=243
num_leaves=15
num_cat=0
split_feature=3 0 5 0 0 7 1 0 1 0 7 7 8 1
split_gain=1.84742 3.93978 10.5775 10.2972 5.80747 6.90704 9.17027 6.01737 25.2572 5.94844 4.69534 18.5897 9.55282 4.89381
threshold=0.014987945556640627 103.07922744750978 1.0000000180025095e-35 109.26585006713869 99.867256164550795 0.68899978885190749 0.64774489331178919 100.21817016601564 -0.20437041398969411 82.79477691650392 0.50030226148647317 0.47167535989545134 6.9730792151347272 -0.23082745316913097
decision_type=2 2 2 2 2 2 2 2 2 2 2 2 2 2
left_child=1 2 4 -3 5 6 9 8 -6 -1 11 13 -13 -11
right_child=-2 3 -4 -5 7 -7 -8 -9 -10 10 -12 12 -14 -15
leaf_value=-0.034454802498903432 -0.0024511502311087173 -0.042460009714753631 0.047157953978034371 0.0085560429047186887 0.88230004130050732 -0.051232641760026523 0.084727338813730901 0.032536896312564186 -0.050621687519163509 -0.050948903177047727 -0.036354633793899929 0.53785830495806197 0.1193146478850413 0.032063470450436164
leaf_weight=10.722407256369484 182.02618266880017 13.24334095220547 17.495483983220765 39.075574164860882 0.10717432864475995 7.0906241012271485 3.124783586128614 6.593877833976876 0.22456313821021368 2.2191621020901939 3.5258285599993533 0.2546272416366272 0.29343937826342881 8.8789307808037812
leaf_count=1507 18920 1920 656 6133 21 2102 191 701 40 389 749 20 52 903
internal_value=0.000664988 0.0056913 0.0143768 -0.00435751 0.0010501 -0.00699381 0.00381563 0.0429906 0.250777 -0.00594832 0.0141979 0.0295025 0.313767 0.0154644
internal_weight=294.876 112.85 60.5309 52.3189 43.0354 36.1098 29.0192 6.92562 0.331737 25.8944 15.172 11.6462 0.548067 11.0981
internal_count=34304 15384 7331 8053 6675 5913 3811 762 61 3620 2113 1364 72 1292
is_linear=0
shrinkage=0.05


Tree=244
num_leaves=15
num_cat=0
split_feature=2 1 1 1 1 2 5 8 4 5 1 1 1 5
split_gain=3.69986 5.05294 8.77619 5.1148 5.14543 10.3514 21.0683 6.64635 3.69513 6.26662 5.36375 4.94606 4.45841 5.03502
threshold=0.36188519508372285 0.65258362023985306 0.64774489331178919 0.62036794011117447 0.58426973039206087 0.28626934596289916 0.00040000677108764654 1.4957984758491312 0.10874431361307575 2.5682151317596439e-05 0.53514032078971452 -0.70217173271201228 0.30371643648849384 0.0016853213310241701
decision_type=2 2 2 2 2 2 2 2 2 2 2 2 2 2
left_child=1 2 3 4 8 7 -7 -6 -1 -10 11 -11 13 -13
right_child=-2 -3 -4 -5 5 6 -8 -9 9 10 -12 12 -14 -15
leaf_value=-0.0046204649743181517 -0.0026478893940921652 -0.028475124138949759 0.11966993975381111 -0.069267110216050976 0.15628295863274241 -0.019048433065691556 0.67663233814564849 -0.051215635436857476 0.13359479169213864 0.07257501867814313 0.13149373483623686 -0.030653352181475076 0.040510917168603923 0.017991423373729797
leaf_weight=21.523256665153895 223.07464891394193 7.4000176588306195 1.9485594448633481 1.88243029185105 0.65272709727287226 0.23130238393787284 0.20553820091299713 0.94410592829808593 1.2090343201125495 3.260955063917204 1.004657298355595 9.7160175361204981 7.6136733630846711 11.75562463069218
leaf_count=2476 29552 985 9 91 3 37 14 58 13 51 25 266 178 536
internal_value=0.000487914 0.010575 0.0152398 0.0118482 0.0144756 0.0926033 0.308277 0.0336022 0.0116426 0.0217708 0.017717 0.0141832 0.00763646 -0.00402056
internal_weight=292.423 69.3479 61.9479 59.9993 58.1169 2.03367 0.436841 1.59683 56.0832 34.56 33.3509 32.3463 29.0853 21.4716
internal_count=34294 4742 3757 3748 3657 112 51 61 3545 1069 1056 1031 980 802
is_linear=0
shrinkage=0.05


Tree=245
num_leaves=15
num_cat=0
split_feature=1 0 5 1 5 5 8 6 4 2 4 1 5 0
split_gain=2.37634 2.14189 3.4506 2.13603 2.7663 1.77055 2.04748 1.91362 3.91423 2.24227 1.94355 2.00086 2.37041 2.13172
threshold=0.91064254490871099 49.821462631225593 0.11345869302749635 0.8438765636221478 0.51090270280838024 1.4262779727578165 213.27957882364953 19.500000000000004 0.99505568852519166 0.42365129463763562 1.5236941884398585 -0.49772469870870995 0.41638326272368437 131.692741394043
decision_type=2 2 2 2 2 2 2 2 2 2 2 2 2 2
left_child=3 -2 -3 5 -5 7 -7 8 -1 -10 11 12 -9 -13
right_child=1 2 -4 4 -6 6 -8 10 9 -11 -12 13 -14 -15
leaf_value=0.00021175567578654702 -0.016544669847388324 0.20823032377072687 0.041707410856965256 -0.051820283783849598 0.044564111424634685 -0.043027748011728761 0.021151398214413985 0.079103170170535031 0.015369338653299697 -0.047240503872176084 -0.048128885077229372 0.034791026920302622 -0.024038666261107941 -0.033745031866048436
leaf_weight=249.85933666593337 1.0646287462441244 0.37391535920323837 1.851507843704894 3.9678245898103333 0.91635639138985414 4.7658802701917002 1.6810579289158338 0.64881834961125129 1.8108078427612762 6.8003459151368588 1.1386438542685926 12.637344982387729 3.9384664505778346 1.2464792318642146
leaf_count=25697 112 63 65 1200 109 1489 261 64 40 2158 135 2725 248 22
internal_value=-0.000471057 0.041783 0.0696866 -0.000951404 -0.0337369 -0.000388609 -0.0262928 0.000211948 -0.000930519 -0.0340745 0.0152705 0.0191787 -0.00945045 0.0286379
internal_weight=292.701 3.29005 2.22542 289.411 4.88418 284.527 6.44694 278.08 258.47 8.61115 19.6098 18.4711 4.58728 13.8838
internal_count=34388 240 128 34148 1309 32839 1750 31089 27895 2198 3194 3059 312 2747
is_linear=0
shrinkage=0.05


Tree=246
num_leaves=15
num_cat=0
split_feature=7 7 3 2 2 0 8 2 8 0 4 8 8 4
split_gain=1.79578 3.50155 3.30482 11.3345 6.30868 3.29167 3.80567 9.73215 4.28776 3.28681 2.1167 2.37426 2.082 2.16218
threshold=0.084932716641524172 0.096341436636720304 1.0000000180025095e-35 0.23600027252076672 1.1743433289130525 103.82958221435548 9.2466519005484198 1.5662949417110472 34.135115611666954 79.616172790527358 0.54411749956076683 42.364226745367148 19.610287754062568 0.9011867745145391
decision_type=2 2 2 2 2 2 2 2 2 2 2 2 2 2
left_child=5 2 3 -2 -5 9 7 -7 -8 -1 11 -10 -4 -14
right_child=1 -3 12 4 -6 6 8 -9 10 -11 -12 -13 13 -15
leaf_value=0.014234561843372358 0.84727864564857569 0.00022550528731163082 -0.060261726482704316 -0.050283418294728911 0.39819356896129171 -0.050204376145757956 -0.050349703547167106 0.7307870728550292 0.078277457577620432 -0.041526550052922433 -0.002870383945227593 -0.012870921185384965 0.081457261738586334 -0.028762384301416789
leaf_weight=3.4641549571533714 0.055660650134086054 264.53008970798692 0.49545272087561931 0.26432877685874701 0.1114885431015864 0.10591148852836241 2.5390860983898147 0.063989622984081507 2.5410154078854252 11.14489658543607 3.337639542085526 0.99389582630828943 1.7056072481645972 0.60200208328024007
leaf_count=566 3 30246 76 75 34 49 807 6 28 852 1139 131 70 156
internal_value=-0.00032089 0.000857761 0.0525654 0.181383 0.0827601 -0.0133673 0.00940714 0.243939 0.00517331 -0.0283043 0.0256865 0.0526497 0.0327364 0.0527035
internal_weight=291.955 267.765 3.23454 0.431478 0.375817 24.1906 9.58154 0.169901 9.41164 14.6091 6.87255 3.53491 2.80306 2.30761
internal_count=34238 30660 414 112 109 3578 2160 55 2105 1418 1298 159 302 226
is_linear=0
shrinkage=0.05


Tree=247
num_leaves=15
num_cat=0
split_feature=6 3 3 4 2 4 3 6 3 3 3 1 3 4
split_gain=1.96883 3.37668 3.90114 3.7316 3.30568 3.22586 2.6798 4.24742 2.2427 2.31335 2.19819 4.65945 3.68649 2.67353
threshold=12.500000000000002 0.58796119689941417 0.6079845428466798 0.64028392253300315 1.1281769407652995 0.92468124637319071 0.46395683288574224 15.500000000000002 0.75874710083007824 0.76397705078125011 0.53936767578125011 0.56914061684585737 0.63340187072753917 0.18994234496533166
decision_type=2 2 2 2 2 2 2 2 2 2 2 2 2 2
left_child=5 4 -3 -4 6 10 -2 -8 -5 -10 -1 12 -12 -14
right_child=1 2 3 8 -6 -7 7 -9 9 -11 11 -13 13 -15
leaf_value=-0.0022261260750453273 0.051337724068240366 -0.055309556251809049 -0.029733626885641712 0.058872583275463089 0.0055054844565894205 -0.043573224513539795 -0.041020870417897953 0.060185755935468148 -0.05588475182252 0.019685850046085078 0.049764268411923586 -0.05529244484513314 -0.051399807235337137 0.014611327456741137
leaf_weight=210.63848005370528 9.9070820731576514 3.5092403643357128 5.5248756472501546 2.8641349121171498 19.897049428444006 4.4585278350641593 2.3464311752468339 1.8572390727786112 1.2309094207012092 5.7122098517793347 7.4112604179827093 2.17854438748327 1.7782183588715259 11.162816719799592
leaf_count=25225 846 250 630 391 2200 1845 30 275 25 947 197 357 296 762
internal_value=0.000497352 0.00922601 -0.00775365 0.00313101 0.0186333 -0.00144393 0.0371443 0.0036936 0.0216452 0.00628833 -0.000638358 0.0142055 0.0216447 0.00554078
internal_weight=290.477 52.8492 18.8414 15.3321 34.0078 237.628 14.1108 4.20367 9.80725 6.94312 233.169 22.5308 20.3523 12.941
internal_count=34276 5594 2243 1993 3351 28682 1151 305 1363 972 26837 1612 1255 1058
is_linear=0
shrinkage=0.05


Tree=248
num_leaves=15
num_cat=0
split_feature=3 0 0 0 8 7 1 8 1 8 3 3 8 4
split_gain=1.79202 2.20715 2.45796 1.59713 3.41681 1.99595 3.15135 2.03305 6.50102 1.81616 3.09639 4.31492 2.3932 6.42922
threshold=1.0503387451171877 106.29524230957033 113.4473342895508 69.215770721435561 5.4793475927769455 0.84376341230301055 0.83956657193573092 5.5832523336166524 0.49501862045166151 12.311319255656796 0.11820983886718751 0.11222457885742189 6.6328671547541402 0.10874431361307575
decision_type=2 2 2 2 2 2 2 2 2 2 2 2 2 2
left_child=3 -2 -3 9 -5 6 7 8 -6 10 11 -1 13 -12
right_child=1 2 -4 4 5 -7 -8 -9 -10 -11 12 -13 -14 -15
leaf_value=0.01093847415729602 -0.048872640752469845 0.056121716199936528 -0.05052462519319411 -0.041077200533099628 -0.050291011032934242 -0.033472036115132345 0.090933689905221257 -5.6720814208571725e-05 0.46374276412428739 0.02461524448002186 -0.051645806732849013 0.20000054689033792 -0.040881778166373908 0.04180445071840988
leaf_weight=25.970939865626864 3.966057341611303 1.3411879219638652 0.9047568599708028 5.2180598566483232 0.16737166349775989 4.4097366744827005 0.95911887392867257 223.36414534702635 0.097247126454021782 13.205022572816231 3.2051086052670126 0.30533751659095187 5.722321251174435 4.3228830708540045
leaf_count=1901 682 70 283 1884 81 1283 51 24066 27 3176 429 7 193 132
internal_value=0.000124329 -0.0264447 0.0131603 0.000699511 -0.00107046 -0.000158847 0.00049525 0.00010737 0.138616 0.00856112 0.00319777 0.0131354 -0.0165093 0.00201718
internal_weight=293.159 6.212 2.24594 286.947 234.216 228.998 224.588 223.629 0.264619 52.7316 39.5266 26.2763 13.2503 7.52799
internal_count=34265 1035 353 33230 27392 25508 24225 24174 108 5838 2662 1908 754 561
is_linear=0
shrinkage=0.05


Tree=249
num_leaves=15
num_cat=0
split_feature=3 5 2 3 5 5 5 7 8 8 2 1 5 7
split_gain=1.7788 1.51405 5.6379 5.03652 8.33979 3.92607 4.29122 3.70903 4.42868 3.42426 2.79252 13.5437 2.74255 2.40658
threshold=1.4284400939941408 0.2363062631338835 2.2911722687442189 0.046489715576171882 0.28202165663242346 0.21198755502700808 0.20149908959865573 0.60910724388582616 27.132698040904483 66.700901428593724 2.2214049802389479 -0.64172584890326656 0.80175916850566875 0.15025983845301286
decision_type=2 2 2 2 2 2 2 2 2 2 2 2 2 2
left_child=1 2 5 -3 7 6 10 8 -5 -6 13 -12 -11 -1
right_child=-2 3 -4 4 9 -7 -8 -9 -10 12 11 -13 -14 -15
leaf_value=-0.013906735985906488 -0.05161368099872235 0.024889821058826513 -0.036869764519687244 -0.049200969531420335 -0.015680477901147693 -0.040555684822660837 0.058379135204884136 -0.013807568018290133 0.082178437803322402 0.030237999529307558 0.43535990699829069 0.021405910270706378 -0.0052016854217266581 0.0030551278964672602
leaf_weight=24.480880453338614 1.5515364443344868 28.346078210830456 10.098806351808888 0.727747801662188 37.947207884208183 5.3821850746753617 3.4052766414679345 1.8716886382608207 5.4089930068439571 9.0358923651947425 0.2057094572810455 5.0084263778480809 13.790583009540567 143.44235117216886
leaf_count=2935 568 1800 3241 106 4240 421 117 171 171 951 31 420 2080 17006
internal_value=0.00178015 0.00206665 -0.000506545 0.00715389 -0.000155332 0.00151201 0.00279451 0.0478063 0.0665983 -0.00647546 0.00170127 0.0377373 0.00882716 0.000582323
internal_weight=290.703 289.152 192.024 97.1282 68.7821 181.925 176.543 8.00843 6.13674 60.7737 173.137 5.21414 22.8265 167.923
internal_count=34258 33690 24171 9519 7719 20930 20509 448 277 7271 20392 451 3031 19941
is_linear=0
shrinkage=0.05


Tree=250
num_leaves=15
num_cat=0
split_feature=3 7 4 7 1 2 2 1 2 0 3 3 7 2
split_gain=1.61561 1.24854 2.24089 1.79653 2.01143 3.58959 3.12485 3.11319 2.43266 4.89134 3.79761 1.7755 1.60609 1.44949
threshold=1.4284400939941408 0.91273867979266166 0.080119197946667234 0.8751934046185611 -0.81627173453106316 1.5998041121868989 0.39359239586182998 -0.70811975769026769 0.34428932616252567 67.80661773681642 0.056961059570312507 0.11439132690429689 0.87102305421741166 0.41371398353154126
decision_type=2 2 2 2 2 2 2 2 2 2 2 2 2 2
left_child=1 3 13 4 5 6 11 8 9 -6 -11 -1 -8 -3
right_child=-2 2 -4 -5 7 -7 12 -9 -10 10 -12 -13 -14 -15
leaf_value=0.15088538738902749 -0.051512826210184853 -0.025236382452661799 0.12391467175729064 -0.0370017232739571 -0.051917964947401078 0.071543176746060755 -0.038904218352707139 0.0014938180638916958 -0.032957811061427783 -0.050282393005991403 0.22768191811206179 0.015624436877410917 0.084245317229731956 0.036551916061179891
leaf_weight=0.43406732357107003 1.4700284804421233 1.4819345193682227 0.52613481087610114 3.1386759300075928 0.66901526739820727 2.7834733556373976 2.7697009127587084 260.84692954784259 10.346816432953345 0.17441063123987988 0.41587056824937463 0.55005764425732195 0.2927378473104908 2.640167637669947
leaf_count=46 569 396 13 1167 100 154 617 29036 2045 74 3 27 38 101
internal_value=0.0007708 0.00103853 0.0267414 0.000615503 0.00103826 0.0278382 -0.00222473 0.000366419 -0.0249718 0.0406437 0.145552 0.0752839 -0.0271324 0.0143384
internal_weight=288.54 287.07 4.64824 282.422 279.283 6.83004 4.04656 272.453 11.6061 1.2593 0.590281 0.984125 3.06244 4.1221
internal_count=34386 33817 510 33307 32140 882 728 31258 2222 177 77 73 655 497
is_linear=0
shrinkage=0.05


Tree=251
num_leaves=15
num_cat=0
split_feature=1 1 8 7 1 2 5 2 8 0 0 8 1 1
split_gain=1.56448 3.36172 4.16148 2.40411 2.52223 7.82045 2.84621 4.94111 2.33882 2.28338 2.45339 2.82866 2.94517 2.24158
threshold=-0.52273327247767065 -0.49772469870870995 47.878592466735782 0.8193499199508868 -0.82172867648653358 2.2582483613498594 0.14183419942855838 0.93665716857608605 26.838906819049658 178.5647888183594 92.676067352294936 5.3919028810975158 -0.70811975769026769 -0.45989203752712893
decision_type=2 2 2 2 2 2 2 2 2 2 2 2 2 2
left_child=3 2 -2 9 6 -6 -5 -8 -9 10 11 -1 -13 -3
right_child=1 13 -4 4 5 -7 7 8 -10 -11 -12 12 -14 -15
leaf_value=-0.044218162779079973 0.064307314639212299 -0.028084835634356521 -0.049644822690932532 -0.032153869080403401 -0.050407201511394543 0.57697500182161587 0.10071052192988805 -0.039626488234856511 0.038454731424908711 0.12908377581291205 -0.030437734921303524 -0.024892258300318583 0.023818223785964078 0.00066035027582859746
leaf_weight=3.4071730731520828 3.9743249698076388 6.9863974460167801 1.0035038769274249 2.724316871550398 0.1327666932484125 0.079363490687683225 1.7180564259469973 1.954536223318428 1.8830117266188606 0.27026921743526955 16.713712689856038 4.7816515752201676 8.8402704417821916 231.94031949158671
leaf_count=612 332 681 61 1054 45 7 83 356 38 23 3714 490 609 26113
internal_value=-0.000875563 0.000667103 0.0413352 -0.00972774 0.0140704 0.184313 0.00970883 0.0302372 -0.00131352 -0.0156694 -0.0168289 -0.00347203 0.00671957 -0.000180181
internal_weight=286.41 243.905 4.97783 42.5051 8.49205 0.21213 8.27992 5.5556 3.83755 34.0131 33.7428 17.0291 13.6219 238.927
internal_count=34218 27187 393 7031 1583 52 1531 477 394 5448 5425 1711 1099 26794
is_linear=0
shrinkage=0.05


Tree=252
num_leaves=15
num_cat=0
split_feature=0 0 1 7 7 0 1 2 2 1 2 5 5 2
split_gain=1.70427 4.74973 4.10215 5.18905 4.37695 4.05906 4.18367 3.31555 3.08186 6.61445 3.59424 6.64529 5.513 5.13606
threshold=117.51461410522462 109.82558059692384 0.75502971369350647 0.75402157285259619 0.79837814162167831 110.14316940307619 0.60123476423559297 1.7541458776104035 2.5919538318852151 -0.35734538845144137 1.5830631155346329 0.47790108248591429 0.28202165663242346 0.31649120531715086
decision_type=2 2 2 2 2 2 2 2 2 2 2 2 2 2
left_child=1 -1 3 5 7 6 -3 -5 10 -10 11 13 -12 -7
right_child=-2 2 -4 4 -6 8 -8 -9 9 -11 12 -13 -14 -15
leaf_value=-0.0020198692386757039 -0.0092858420558702692 0.025640596013877616 -0.052054864429873053 0.082412306073287742 -0.050811450947904749 -0.052738353865523939 0.18354830006874298 0.2226240162019531 0.2786084584266893 0.027462206318208834 -0.039031860812419217 -0.052805358330258338 0.039694194184700604 0.049651035763397786
leaf_weight=199.84432358155027 49.9001266583291 1.0225194090162464 1.9474193896166969 1.8501490671187637 0.48168907506624226 1.3804524552542776 0.71121738385409106 0.54606654006056476 0.32849170808913175 1.2984899825096352 7.3255911292508227 2.4050512866815543 3.1930739686067682 10.86142152737011
leaf_count=20876 10704 95 207 80 96 81 26 34 31 105 439 81 184 1364
internal_value=-0.000899325 0.000895253 0.0183628 0.0227295 0.0867184 0.0162739 0.0904178 0.114365 0.0114761 0.0781693 0.00716429 0.0231775 -0.0151336 0.0381051
internal_weight=283.096 233.196 33.3516 31.4042 2.8779 28.5263 1.73374 2.39622 26.7926 1.62698 25.1656 14.6469 10.5187 12.2419
internal_count=34403 23699 2823 2616 210 2406 121 114 2285 136 2149 1526 623 1445
is_linear=0
shrinkage=0.05


Tree=253
num_leaves=15
num_cat=0
split_feature=3 5 8 5 3 3 7 7 8 2 5 6 2 2
split_gain=1.57819 3.08796 2.81165 2.74919 2.04876 2.75431 4.68589 9.80447 3.54489 2.80051 1.54727 1.72173 1.64281 5.73852
threshold=0.74956417083740245 0.010901212692260744 35.410488463590376 1.0110458955168726 0.6079845428466798 0.63340187072753917 0.20545735589082303 0.13547699873931346 26.057061387532098 1.6860250937568306 1.4262779727578165 40.500000000000007 0.93022615085686522 0.93665716857608605
decision_type=2 2 2 2 2 2 2 2 2 2 2 2 2 2
left_child=4 -2 -3 -4 10 6 7 -6 -7 -10 12 -12 -1 -14
right_child=1 2 3 -5 5 8 -8 -9 9 -11 11 -13 13 -15
leaf_value=-0.0031361974322173265 0.051899826102079605 -0.045048200468169319 0.00921301275040152 -0.055734909404368038 0.00066187132146488647 -0.033099777165408198 0.03530230930206113 0.49685810780909478 0.056983496448566553 -0.012827005235365299 -0.053719143114510218 0.0083820297228319584 0.12634764191748102 0.0039911059209030847
leaf_weight=124.779795544222 1.6380081543175062 6.7543655244116989 8.2900273828272457 2.0279262149197157 0.2152099326485758 3.0062359092116804 1.3418426539574282 0.18524650848121382 4.1490590799076017 2.1974626033043023 2.7222790409286963 1.8916712337813804 0.96546541963471 128.49697359155107
leaf_count=14517 79 877 777 799 45 231 158 21 356 116 561 441 117 15182
internal_value=0.000365452 -0.0136775 -0.0199693 -0.00355208 0.00133877 0.0223784 0.0800975 0.230196 0.011626 0.0328118 0.000436972 -0.0282583 0.000957729 0.00490358
internal_weight=288.662 18.7103 17.0723 10.318 269.951 11.0951 1.7423 0.400456 9.35276 6.34652 258.856 4.61395 254.242 129.462
internal_count=34277 2532 2453 1576 31745 927 224 66 703 472 30818 1002 29816 15299
is_linear=0
shrinkage=0.05


Tree=254
num_leaves=15
num_cat=0
split_feature=7 5 5 5 5 1 0 0 7 7 7 8 0 2
split_gain=1.63646 4.49178 3.85212 5.70634 3.72784 3.29924 3.66942 4.77011 2.82822 6.26783 2.35638 2.45925 2.34594 4.83559
threshold=0.30066974096048299 0.0018313229084014895 2.5682151317596439e-05 1.0000000180025095e-35 0.0045885443687438974 -0.21979145204873288 103.51881790161134 78.427822113037124 0.19729798929274214 0.19367531319232198 0.32057973482564905 12.504657915680509 95.066478729248061 0.2485127176967632
decision_type=2 2 2 2 2 2 2 2 2 2 2 2 2 2
left_child=1 2 3 8 5 -3 7 -7 9 12 11 -2 -1 -14
right_child=10 4 -4 -5 -6 6 -8 -9 -10 -11 -12 -13 13 -15
leaf_value=-0.050908851670208678 -0.030564127465466676 -0.082193313401847254 -0.042280816857895469 0.11643300188053336 -0.0028485336829106754 0.13629060234574564 0.062250443368270493 -0.019220233303959333 -0.041009459392283093 0.36405180897332068 0.002515316012854144 0.044287726655624957 0.30556918982711617 0.0084289304917412478
leaf_weight=1.7165220005554127 1.3334121948282689 0.62222178978845377 12.30723916464194 0.9191601979837295 50.817957157451019 0.56830188469029774 5.8330442639999092 3.727145123470109 5.2278501042164871 0.12056524667423207 188.95972535531837 6.1978105323796626 0.14009747933596362 6.0366368619725108
leaf_count=351 222 33 3370 60 4512 41 95 179 1171 17 22396 466 11 1332
internal_value=0.00107027 -0.00459473 -0.02182 -0.00403741 0.00281033 0.0295594 0.0364247 0.00135437 -0.0123998 0.00626389 0.00360844 0.0310351 0.000798872 0.0151685
internal_weight=284.528 88.0367 26.4681 14.1608 61.5687 10.7507 10.1285 4.29545 13.2417 8.01382 196.491 7.53122 7.89326 6.17673
internal_count=34256 11172 6312 2942 4860 348 315 220 2882 1711 23084 688 1694 1343
is_linear=0
shrinkage=0.05


Tree=255
num_leaves=15
num_cat=0
split_feature=8 4 8 8 2 5 4 8 0 0 0 8 8 2
split_gain=3.17255 2.15708 2.10422 3.21309 3.68471 4.60454 2.95291 5.70681 4.68888 11.2534 6.30994 5.68193 6.86135 4.89156
threshold=2.321228142633883 0.10079367609238653 3.2768177988407499 5.3919028810975158 1.2913662468810931 0.12322646379470827 0.15505063905318175 16.572804173259069 102.9342727661133 109.26585006713869 117.51461410522462 8.4002429345450729 8.4748484391846013 0.47041103223433661
decision_type=2 2 2 2 2 2 2 2 2 2 2 2 2 2
left_child=1 -1 -2 4 -4 -6 8 -8 11 -10 -11 13 -13 -5
right_child=2 -3 3 6 5 -7 7 -9 9 10 -12 12 -14 -15
leaf_value=-0.040435248322106931 0.025985845623805532 0.036902274314271989 -0.04137711673308949 0.024286975115209941 -0.051954294608421062 0.093957405431000063 -0.024767900831110731 0.0021521204751459829 -0.042117384477375314 0.032633921442938432 -0.0065894160154737202 0.14561287491620409 0.03164470779620867 -0.01514564909644185
leaf_weight=6.7601840027491553 9.0049657471536175 1.0403837964404372 8.1619128808379156 16.806389067729473 0.94613008282612954 1.2617299958656074 23.287020326621132 127.35280317457364 12.980337615997994 18.80464983987622 22.548712465242716 1.4124974202713954 20.306106079675374 14.781744429725221
leaf_count=833 555 24 2374 1795 95 36 2838 13100 2003 1797 4610 107 1312 2795
internal_value=0.00132761 -0.0301205 0.00221113 0.00141422 -0.0258755 0.0314301 0.00250988 -0.00200938 0.00883445 -0.00150204 0.0112466 0.0193701 0.0390568 0.00583438
internal_weight=285.456 7.80057 277.655 268.65 10.3698 2.20786 258.28 150.64 107.64 54.3337 41.3534 53.3067 21.7186 31.5881
internal_count=34274 857 33417 32862 2505 131 30357 15938 14419 8410 6407 6009 1419 4590
is_linear=0
shrinkage=0.05


Tree=256
num_leaves=15
num_cat=0
split_feature=0 2 2 7 1 2 0 2 0 0 3 3 5 2
split_gain=3.0709 5.63968 7.40517 4.80373 4.73893 4.6585 4.52051 6.34984 4.52001 4.05486 3.95187 3.80405 3.10064 5.0016
threshold=95.405593872070327 0.93022615085686522 0.93665716857608605 0.38995085982954403 -0.78772047078346541 1.5998041121868989 94.62720108032228 0.40373106410943954 178.5647888183594 93.313018798828139 0.74956417083740245 0.53264427185058605 0.2245348393917084 1.6192699882955111
decision_type=2 2 2 2 2 2 2 2 2 2 2 2 2 2
left_child=6 8 3 -3 5 -4 9 -8 -2 10 -1 -6 13 -13
right_child=1 2 4 -5 11 -7 7 -9 -10 -11 -12 12 -14 -15
leaf_value=0.007083245239153671 -0.023656881589983959 0.011622556047747494 -0.050370648529237554 0.25162935603526704 -0.0065988656843422658 0.083175685932363741 0.089267902002424127 -0.043127647033668337 0.069583254102502309 -0.051159338017090709 -0.026676422929332241 0.035783565049555835 0.038319766774174722 -0.061159408093947959
leaf_weight=111.74853814665403 42.694850321306149 0.36830937255581275 0.83609025194891673 0.48043649602914229 90.459169916604878 2.98223559759208 3.3502745265141121 1.2411466260091399 1.3406052353675466 3.3674543575543785 9.3975356025475758 2.8501796986674881 9.2962909780908358 2.4953884272254072
leaf_count=11367 6737 43 297 29 11864 260 77 196 34 541 1663 54 800 178
internal_value=-0.000929069 -0.00570181 0.000362442 0.14748 -0.000783956 0.0539333 0.00475673 0.0534789 -0.0208183 0.0029601 0.00446444 -0.00277184 0.020872 -0.00947082
internal_weight=282.909 153.804 109.768 0.848746 108.919 3.81833 129.105 4.59142 44.0355 124.514 121.146 105.101 14.6419 5.34557
internal_count=34140 20296 13525 72 13453 557 13844 273 6771 13571 13030 12896 1032 232
is_linear=0
shrinkage=0.05


Tree=257
num_leaves=15
num_cat=0
split_feature=7 7 0 0 7 0 6 4 4 3 0 0 3 2
split_gain=1.76979 2.6398 3.71694 3.54986 3.03657 3.22436 2.72885 2.32234 3.57602 2.83998 2.16679 3.86689 1.905 2.53926
threshold=0.73164399655812928 0.81323131255736103 100.21817016601564 63.323648452758796 0.84376341230301055 126.9512405395508 5.5000000000000009 0.11679679554183788 0.12918589013631274 0.025650024414062503 118.75304031372072 105.84159469604494 1.0000000180025095e-35 1.1281769407652995
decision_type=2 2 2 2 2 2 2 2 2 2 2 2 2 2
left_child=-1 -2 3 7 5 10 -6 9 -9 12 11 -4 13 -3
right_child=1 2 4 -5 6 -7 -8 8 -10 -11 -12 -13 -14 -15
leaf_value=0.0014847782782667534 -0.021163104720526408 -0.051805352497475123 0.063526122851637432 -0.040128955270804095 -0.050532349351229369 -0.051014603464514391 0.1250367848965441 0.19756062961153933 0.016909923184477465 -0.042522579080058853 0.1211802565869546 -0.050685497566953147 0.050668178855369034 0.11908933364773466
leaf_weight=240.87107959380955 23.081792944522022 1.2047243467532118 4.0535536642419157 6.5322270358665264 1.6604765494121236 0.78775110500282597 0.25535785319516424 0.38886126631405182 0.9269760909373872 2.6509571901988238 1.0672192659694699 0.90691860381048162 2.5168121565366164 0.26521811820566643
leaf_count=27120 3403 269 110 1673 618 231 6 15 86 536 56 174 106 6
internal_value=-0.000236116 -0.00918912 0.00271511 -0.0128169 0.0284837 0.0441172 -0.0271311 0.00961445 0.0702965 -0.00241495 0.0565498 0.0426449 0.0242543 -0.0209712
internal_weight=287.17 46.2988 23.2171 14.4858 8.73128 6.81544 1.91583 7.95355 1.31584 6.63771 6.02769 4.96047 3.98675 1.46994
internal_count=34409 7289 3886 2691 1195 571 624 1018 101 917 340 284 381 275
is_linear=0
shrinkage=0.05


Tree=258
num_leaves=15
num_cat=0
split_feature=2 5 0 0 5 2 2 2 8 1 0 8 5 1
split_gain=1.39588 5.19283 3.6953 5.36581 3.11695 2.0829 5.04831 3.45179 3.81062 4.73092 4.33244 3.35156 4.45914 3.18918
threshold=2.4224353893824975 0.23088824748992923 105.20701217651369 110.42059707641603 0.46715562045574194 1.9707727441949536 1.7691873304478558 1.5282453033610219 10.084511473614095 -0.61325440903696427 99.867256164550795 30.453594547410276 0.80175916850566875 -0.79285971359135277
decision_type=2 2 2 2 2 2 2 2 2 2 2 2 2 2
left_child=5 -2 4 -4 -3 6 7 -1 9 10 -9 -10 -13 -7
right_child=1 2 3 -5 -6 13 -8 8 11 -11 -12 12 -14 -15
leaf_value=-0.0022177237396160594 -0.049578189571726536 0.056803666503200546 0.074221010759222536 -0.0048666170637939521 -0.037733392180653781 0.061953902152080215 -0.032904779310919494 0.031952718997680103 -0.022889716912764521 0.030409238357125015 0.24905797219850984 0.061687791072690568 -0.019334738978878066 0.0069100891280208382
leaf_weight=187.72122561384458 6.796642376692037 1.0134609880624363 3.3092757826379948 6.0940933722740738 6.2419907457624504 2.8825771140545831 12.277518407507158 0.42606263444758852 7.1778772446705243 9.1928161762771214 0.49882176844403148 3.8483323903928977 3.0393386631330941 30.210604583829991
leaf_count=22557 2424 38 89 828 1134 141 1387 22 913 218 25 354 361 3808
internal_value=-0.00106935 -0.0127462 0.00228089 0.0229663 -0.0245282 -4.786e-06 -0.00173331 7.27349e-05 0.0178523 0.041254 0.149045 0.00101885 0.0259348 0.0117047
internal_weight=280.731 23.4555 16.6588 9.40337 7.25545 257.275 224.182 211.904 24.1832 10.1177 0.924884 14.0655 6.88767 33.0932
internal_count=34299 4513 2089 917 1172 29786 25837 24450 1893 265 47 1628 715 3949
is_linear=0
shrinkage=0.05


Tree=259
num_leaves=15
num_cat=0
split_feature=4 5 5 6 4 4 7 5 0 0 7 0 4 1
split_gain=1.37044 1.26867 3.04895 2.03562 1.29781 5.80084 3.24868 4.27098 3.89256 4.76366 5.9165 8.5736 5.67999 15.1969
threshold=1.4747630413363322 2.0186933130025868 1.9520129859447481 83.500000000000014 0.18019673540416506 0.17766688458526081 0.70646283086187156 0.49037187173962599 100.21817016601564 61.501644134521491 0.43218012032459513 99.518527984619155 0.1672922001119945 0.51241466759094867
decision_type=2 2 2 2 2 2 2 2 2 2 2 2 2 2
left_child=1 2 3 4 5 6 7 8 9 -1 -11 12 -12 -14
right_child=-2 -3 -4 -5 -6 -7 -8 -9 -10 10 11 -13 13 -15
leaf_value=-0.022337024089395766 -0.045781940915750476 -0.050146290634616078 0.19631603840308831 0.050749737048023762 -0.0044304760398857918 0.07251601477669653 -0.011615955918693383 0.036863301614222757 -0.0094161867291676984 -0.0028098832447185085 0.027758874280106895 0.29980148306615989 -0.049307107258316114 0.61002107822582419
leaf_weight=8.8725926935294392 1.6881274238767208 1.2858946585984075 0.19689940642274351 1.9236745370872075 132.77370060596513 2.8922736508538938 37.563577869033907 9.8517085454805038 40.577965983480681 19.576435086841229 24.362048872950261 0.29949702718295057 0.20762427267618377 0.15092500986065716
leaf_count=480 901 837 72 1960 11253 73 6889 832 6198 2335 2437 36 28 24
internal_value=-0.000866601 -0.000596322 -0.000368152 -0.000506933 -0.000862729 0.00241879 0.000985618 0.00554159 0.00226055 0.0111221 0.0177789 0.0338881 0.0306665 0.228225
internal_weight=282.223 280.535 279.249 279.052 277.128 144.355 141.462 103.899 94.0471 53.4691 44.5965 25.0201 24.7206 0.358549
internal_count=34355 33454 32617 32545 30585 19332 19259 12370 11538 5340 4860 2525 2489 52
is_linear=0
shrinkage=0.05


Tree=260
num_leaves=15
num_cat=0
split_feature=6 3 4 3 3 3 0 7 6 7 2 2 3 3
split_gain=1.46932 2.62468 2.24483 2.54947 2.22228 2.13189 2.87327 2.00896 3.81775 5.8878 3.02867 3.00143 1.93529 4.09311
threshold=9.5000000000000018 0.71153259277343761 0.54411749956076683 0.0079078674316406267 0.018434524536132816 0.30362319946289068 126.34774017333986 0.15316735622871527 4.5000000000000009 0.15025983845301286 2.3333621472497108 2.3216350245501207 0.22476959228515628 0.63340187072753917
decision_type=2 2 2 2 2 2 2 2 2 2 2 2 2 2
left_child=1 2 7 -4 -2 -5 -7 8 9 -1 11 -9 -10 -14
right_child=4 -3 3 5 -6 6 -8 10 12 -11 -12 -13 13 -15
leaf_value=-0.02511867071309273 0.061382020722031722 -0.037507632195965999 0.089133977760416525 -0.049172656707437958 0.0038652831692914391 -0.022197794179353868 0.07831567734229293 -0.0010506360560616835 0.027108719619201041 0.059592105449517256 -0.027939594392288394 0.11845819016330228 0.14001248780164446 -0.012356771919840942
leaf_weight=8.4252260252251308 1.7160097057349037 5.3324430173961437 0.47897389065474172 5.8302210737529077 78.684154716014746 4.0052876492845826 0.86445149293285783 156.00094538280973 6.3252648735069652 2.7113538379198863 10.871803992820785 0.52714957908028637 1.2119486155279444 0.69266066804993887
leaf_count=2162 178 987 10 1940 6852 208 57 19178 332 61 2249 64 56 15
internal_value=-0.000628907 -0.00289198 -0.00195947 -0.0237235 0.00509288 -0.0287754 -0.00435515 -0.000656785 0.0145893 -0.00449466 -0.0024206 -0.000648159 0.0404136 0.0845994
internal_weight=283.678 203.278 197.945 11.1789 80.4002 10.7 4.86974 186.766 19.3665 11.1366 167.4 156.528 8.22987 1.90461
internal_count=34349 27319 26332 2215 7030 2205 265 24117 2626 2223 21491 19242 403 71
is_linear=0
shrinkage=0.05


Tree=261
num_leaves=15
num_cat=0
split_feature=3 0 7 5 0 0 8 5 7 7 3 3 0 3
split_gain=1.62118 1.43644 9.44108 5.44575 3.41691 3.71702 3.32023 6.45846 2.64569 2.87369 3.70001 2.29808 2.14939 4.26439
threshold=1.4284400939941408 45.776021957397468 0.59173610163983814 0.1852887570858002 61.501644134521491 63.323648452758796 5.3047231818664136 0.14522809907794001 0.15678759701002401 0.65840436297452476 0.24607849121093753 0.0052909851074218759 100.85143280029298 0.031398773193359382
decision_type=2 2 2 2 2 2 2 2 2 2 2 2 2 2
left_child=1 2 -1 -4 -3 8 7 -7 -6 -10 -11 -9 13 -8
right_child=-2 4 3 -5 5 6 12 11 9 10 -12 -13 -14 -15
leaf_value=0.068227717110488154 -0.05149174826541493 -0.020889520552260139 -0.044739230236002979 0.046344302644634461 -0.045778367119808344 -0.050361659811046379 0.020311550176564643 0.19528472054625004 0.066351042269740465 -0.041029018935685835 0.10534500732465937 0.017403483477949618 -0.0018406307613624167 -0.00023535943119344733
leaf_weight=5.4915578882792015 1.425735292254102 16.482679400214693 5.4563591491314583 2.3468754355562851 0.8869376012007687 5.9682575579208779 41.308220396545948 0.36808554502204049 5.0864744232967496 1.6179550475790168 0.58886330004315812 0.35832693442353047 129.68151304512139 64.969516667406424
leaf_count=1782 574 1826 669 337 34 2113 4423 3 100 89 26 76 17753 4496
internal_value=0.00169032 0.00196053 0.0180016 -0.0173452 0.00116274 0.00261182 0.00149428 -0.0332285 0.035762 0.0456781 -0.00197085 0.107539 0.00247944 0.00775085
internal_weight=282.037 280.612 13.2948 7.80323 267.317 250.834 242.654 6.69467 8.18023 7.29329 2.20682 0.726412 235.959 106.278
internal_count=34301 33727 2788 1006 30939 29113 28864 2192 249 215 115 79 26672 8919
is_linear=0
shrinkage=0.05


Tree=262
num_leaves=15
num_cat=0
split_feature=4 5 5 6 4 8 8 8 1 5 8 4 1 1
split_gain=1.38758 1.22045 2.26255 2.22609 1.42295 3.79165 3.71899 3.25972 5.62944 3.82485 6.02189 3.73488 3.01979 6.08252
threshold=1.4747630413363322 2.0186933130025868 1.9520129859447481 76.500000000000014 0.15505063905318175 16.572804173259069 3.636623155263556 18.281919066376986 0.11673152120597104 0.16269722580909732 17.742616920302883 0.2930094771792508 0.63714914532540734 0.73173788039639265
decision_type=2 2 2 2 2 2 2 2 2 2 2 2 2 2
left_child=1 2 3 4 -1 6 -6 8 -7 10 11 -10 -9 -14
right_child=-2 -3 -4 -5 5 7 -8 12 9 -11 -12 -13 13 -15
leaf_value=0.0035918006193107394 -0.045722365290849214 -0.050139727044987814 0.15701539608677267 0.052270398239719185 0.053067636652825927 -0.021492338623343366 -0.026346245699868345 -0.0044972269419077861 0.23318852636056031 -0.051008013978865466 0.043930882148757691 0.039588338707689151 0.069912702659016571 -0.012137063145150458
leaf_weight=133.77237673057243 1.6564333498172334 1.2000897861726105 0.23038806857948557 2.0424272848176761 1.5738042510347465 3.0382324460224472 23.306848494365113 102.25092413655511 0.85749671398662008 0.60917976504424576 2.874978725973051 0.35112636440317146 4.1793435089348332 4.915206727644545
leaf_count=18140 915 834 73 2020 50 342 2897 8213 51 96 72 28 282 298
internal_value=-9.38508e-05 0.000174926 0.000390574 0.000261596 -0.000120878 -0.00357089 -0.021323 0.000138356 0.0315337 0.0658642 0.0832988 0.176944 -0.00204151 0.0255684
internal_weight=282.859 281.202 280.002 279.772 277.73 143.957 24.8807 119.076 7.73101 4.69278 4.0836 1.20862 111.345 9.09455
internal_count=34311 33396 32562 32489 30469 12329 2947 9382 589 247 151 79 8793 580
is_linear=0
shrinkage=0.05


Tree=263
num_leaves=15
num_cat=0
split_feature=2 2 0 2 0 6 2 1 5 6 6 1 4 0
split_gain=2.33957 3.83559 5.03875 2.89841 3.38844 2.44605 2.31664 4.0194 3.19197 3.88147 2.72444 2.50484 2.34041 3.01284
threshold=0.4759155552171484 0.83837680535064596 143.58866882324222 0.50013442551540477 145.32572937011722 22.500000000000004 1.7691873304478558 0.81209172894900028 0.81122995913028728 39.500000000000007 4.5000000000000009 0.75502971369350647 0.31218878815676437 92.289703369140639
decision_type=2 2 2 2 2 2 2 2 2 2 2 2 2 2
left_child=-1 2 5 -4 -5 -2 7 8 11 12 -8 -3 13 -10
right_child=1 6 3 4 -6 -7 10 -9 9 -11 -12 -13 -14 -15
leaf_value=0.0066723484175285099 -0.025089812217742848 0.008424795865590971 0.25705556424776355 0.089342556323679351 -0.034255289509047139 0.03305853785934014 -0.019286614373474783 0.050841877131201391 0.045963170422933519 0.050713301228872604 0.0014797089857246154 -0.049909895327040293 -0.071414464144248721 -0.047193375190569389
leaf_weight=92.491457757743774 33.731860311236233 68.976604879077058 0.16136486397590433 1.3292120555415752 0.95144736640213512 1.9110099374811387 25.419571818696568 4.7314330619119565 1.3541180018510188 1.3913419204618547 41.711048274075438 1.8906427870970208 3.29782724819961 2.417401541286381
leaf_count=7824 5549 7911 17 12 252 860 4536 357 95 1124 5201 257 211 150
internal_value=0.000154731 -0.00303018 -0.0172118 0.0522693 0.0377799 -0.0219722 0.000542171 0.00607319 0.003403 -0.0256243 -0.00638363 0.0068685 -0.0406485 -0.0137467
internal_weight=281.766 189.275 38.0849 2.44202 2.28066 35.6429 151.19 84.0594 79.3279 8.46069 67.1306 70.8672 7.06935 3.77152
internal_count=34356 26532 6690 281 264 6409 19842 10105 9748 1580 9737 8168 456 245
is_linear=0
shrinkage=0.05


Tree=264
num_leaves=15
num_cat=0
split_feature=5 5 2 0 2 0 8 7 0 0 7 5 8 7
split_gain=1.79536 2.58665 3.35036 7.40543 3.11 4.52186 6.88158 5.2299 4.14307 2.91744 5.95139 2.74654 3.34408 2.69764
threshold=0.00018437206745147708 1.0000000180025095e-35 0.61994085473480876 88.473133087158217 0.2183822643881779 63.323648452758796 5.7685341203823404 0.65029063171518842 85.055473327636733 41.769428253173835 0.61591659010208988 2.5682151317596439e-05 14.225893251225726 0.84376341230301055
decision_type=2 2 2 2 2 2 2 2 2 2 2 2 2 2
left_child=1 4 11 -4 9 7 -7 -6 -8 10 -1 -3 -13 -10
right_child=-2 2 3 -5 5 6 8 -9 13 -11 -12 12 -14 -15
leaf_value=0.13797781141313425 -0.0028405197731440693 0.1047782815165111 0.18078613007252475 -0.050380272175770936 0.085101061161400815 -0.050553992109089507 0.26123053915424382 -0.024692115585840377 0.0082061764905089693 -0.051752614219268779 -0.050654165072894199 -0.024656235674169497 0.062547655239874309 -0.050456955450153475
leaf_weight=0.69317981600761314 187.09897135620849 1.7109078458452112 0.40757730626501176 2.3100245338937384 3.517291333526372 5.6399947442114344 0.15987362072337319 1.5682303633657282 63.172890103887767 4.5801880767685361 1.0538710164837537 1.7254730574204584 3.029774920330965 2.022453658952144
leaf_count=3 18982 28 9 1239 49 2137 21 213 9897 420 131 130 72 866
internal_value=-3.26502e-05 0.00570312 0.0308732 -0.0157107 0.0028981 0.00569925 0.00243679 0.051244 0.00700977 -0.0307838 0.0241896 0.0504516 0.0309051 0.00638636
internal_weight=278.691 91.5917 9.18376 2.7176 82.408 76.0807 70.9952 5.08552 65.3552 6.32724 1.74705 6.46616 4.75525 65.1953
internal_count=34197 15215 1478 1248 13737 13183 12921 262 10784 554 134 230 202 10763
is_linear=0
shrinkage=0.05


Tree=265
num_leaves=15
num_cat=0
split_feature=2 2 6 4 2 8 2 8 4 7 2 8 0 5
split_gain=1.92365 2.86987 5.53618 4.74121 4.23311 2.82755 7.35984 4.44944 2.79688 3.52191 2.71019 5.99685 5.64654 2.86585
threshold=0.48266116378838136 0.93022615085686522 3.5000000000000004 0.2596613603224236 0.93665716857608605 18.743066631804727 0.82365956926165973 20.086430924444834 0.23318577553647865 0.19367531319232198 0.45906883550377631 3.2768177988407499 178.5647888183594 0.019786536693573002
decision_type=2 2 2 2 2 2 2 2 2 2 2 2 2 2
left_child=10 2 -2 5 -3 6 -4 -7 9 -9 13 -12 -13 -1
right_child=1 4 3 -5 -6 7 -8 8 -10 -11 11 12 -14 -15
leaf_value=0.010649490853862565 -0.043524216649337172 0.10047046906935471 -0.046782523362519673 -0.014353648020192449 0.0025797091294542298 0.13871827833509118 0.087857521920647524 0.11967659253831656 0.062883866827972631 -0.033417530547391446 0.41745926822768598 0.021288945157080276 0.23350230040528472 -0.014504559741791429
leaf_weight=72.980710192932747 10.195756404515121 1.1129607771290455 3.2429180244216678 23.80151813296834 143.15228647934418 1.0825084722600875 1.4773854080121962 0.44982807571068439 2.8115742757800035 2.2785829796630424 0.10627484007272769 4.1233929522713879 0.33924533054232586 13.402974031181655
leaf_count=6221 5049 136 399 2255 18245 30 62 17 50 208 21 529 3 1097
internal_value=0.00275387 -0.00011364 -0.0110864 -0.00167582 0.00333491 0.0249271 -0.00464217 0.0460032 0.0278867 -0.00817719 0.00873165 0.046261 0.0374212 0.00674668
internal_weight=280.558 189.605 45.3401 35.1443 144.265 11.3428 4.7203 6.62249 5.53999 2.72841 90.9526 4.56891 4.46264 86.3837
internal_count=34322 26451 8070 3021 18381 766 461 305 275 225 7871 553 532 7318
is_linear=0
shrinkage=0.05


Tree=266
num_leaves=15
num_cat=0
split_feature=7 7 1 0 2 6 6 3 7 2 7 1 3 2
split_gain=1.56182 2.61301 2.82438 1.8121 1.85896 1.97038 1.64391 2.99625 3.30463 5.10873 3.17749 5.66325 4.19262 4.92779
threshold=0.91273867979266166 0.84376341230301055 -0.83254836735677429 106.29524230957033 1.5282453033610219 9.5000000000000018 7.5000000000000009 0.012794494628906252 0.79445994215076599 1.0197411585145697 0.51415426397806996 -0.49772469870870995 0.010856628417968752 2.3216350245501207
decision_type=2 2 2 2 2 2 2 2 2 2 2 2 2 2
left_child=1 2 3 4 5 -1 7 8 10 -10 11 -4 -13 -14
right_child=-2 -3 6 -5 -6 -7 -8 -9 9 -11 -12 12 13 -15
leaf_value=-0.05062629139007202 0.028304735706515566 -0.031831854282013856 0.090612863495858176 -0.051760054540769332 0.087377866941983282 0.11696494026614042 0.0041913200439200144 -0.011399860051172724 -0.050381796375191058 0.06030841473450909 -0.011612515076215668 0.0016551080444131062 0.017342960272402726 0.20610811550036959
leaf_weight=0.59683788631809864 4.5505778609949621 6.8032510074117445 1.9717965201707546 0.41185221704654384 1.9533355511957777 0.24836688861250877 96.749622323655785 75.587363130223821 1.3203407878172573 4.9518711969139986 37.518332035659114 48.126587058242876 0.93766103754751273 0.54768347975914367
leaf_count=104 487 2226 120 87 19 2 8279 9949 530 341 5828 6191 60 14
internal_value=-0.00075045 -0.00122653 -0.00045798 0.0461611 0.0605719 -0.00137892 -0.00101704 -0.00396452 0.00192824 0.0370074 -0.000541105 0.00751145 0.00420864 0.0869454
internal_weight=282.275 277.725 270.922 3.21039 2.79854 0.845205 267.711 170.962 95.3743 6.27221 89.1021 51.5837 49.6119 1.48534
internal_count=34237 33750 31524 212 125 106 31312 23033 13084 871 12213 6385 6265 74
is_linear=0
shrinkage=0.05


Tree=267
num_leaves=15
num_cat=0
split_feature=5 0 2 2 8 8 8 8 7 0 2 4 8 1
split_gain=2.17139 2.31535 4.91958 2.65435 2.54654 2.14923 5.53575 5.36729 3.46118 2.57787 3.2826 2.40614 3.1026 2.19827
threshold=0.81122995913028728 74.421722412109389 2.2911722687442189 2.690423343475127 268.4068874899578 12.646520065838963 11.373358557870288 12.82770691463824 0.3413697812257675 72.898834228515639 0.92258731811617445 1.0753764184544095 82.12340950416683 0.45699597671518943
decision_type=2 2 2 2 2 2 2 2 2 2 2 2 2 2
left_child=5 2 -2 4 -3 6 -1 8 -7 10 -9 12 13 -11
right_child=1 3 -4 -5 -6 7 -8 9 -10 11 -12 -13 -14 -15
leaf_value=5.8909748272456144e-05 0.047318559232041056 -0.032432973428102939 -0.055166095359029221 0.045904154589310707 0.044563224232860583 0.11174441813310405 -0.046417591269461669 0.043902531898760283 0.012047526858641661 -0.00075611057403507766 -0.012994499982920319 -0.023601425038147991 0.042673893658157915 0.015882773413203814
leaf_weight=104.27089993086702 3.742700489965503 15.841957201420888 1.7041647248406659 1.3390306379951642 1.1519593796983816 1.9570327627006912 6.8263681327225632 8.5165237594701448 1.5681276123505083 89.700301654971554 3.6093603959016027 8.0584868749720027 5.1280669404368373 25.491859722678782
leaf_count=14095 1298 1974 601 148 107 28 1217 1449 94 8183 354 2107 265 2373
internal_value=0.00108152 -0.013369 0.0152541 -0.0218732 -0.0272137 0.00242842 -0.00279684 0.00645891 0.0673954 0.00493006 0.0269667 0.00284861 0.00462011 0.00292605
internal_weight=278.907 23.7798 5.44687 18.3329 16.9939 255.127 111.097 144.03 3.52516 140.505 12.1259 128.379 120.32 115.192
internal_count=34293 4128 1899 2229 2081 30165 15312 14853 122 14731 1803 12928 10821 10556
is_linear=0
shrinkage=0.05


Tree=268
num_leaves=15
num_cat=0
split_feature=7 7 4 6 4 1 4 4 8 6 5 1 8 4
split_gain=1.25469 2.1874 1.45481 1.32262 3.41106 3.47804 2.4882 3.44496 2.24686 2.23262 2.11393 5.1825 3.49635 3.26777
threshold=0.91273867979266166 0.8751934046185611 0.037136663364067131 9.5000000000000018 0.27189374381364662 0.54923223349697248 0.67370659655993781 0.62813445320404337 84.552459533096979 8.5000000000000018 0.51649054139852535 -0.50663463049649249 95.564097537272559 0.37983835708045405
decision_type=2 2 2 2 2 2 2 2 2 2 2 2 2 2
left_child=1 3 -2 6 -5 10 7 9 -7 -1 11 -6 -12 -14
right_child=2 -3 -4 4 5 8 -8 -9 -10 -11 12 -13 13 -15
leaf_value=-0.0016034048514831608 0.0073104084237518687 -0.047814526554708081 0.070542242006245148 0.029115723043401334 0.07571418005252635 0.052261779970268568 -0.036213926267185635 0.070680120021039461 -0.013397107643692344 -0.036590489979263861 -0.033299676953742079 -0.0011986992812319875 0.1319859038072918 0.00059716422662283179
leaf_weight=180.45697614150413 3.0818200171343042 2.4750572461343827 1.2905955124879254 12.257598074189444 2.3334820077579925 4.8634278577592331 5.4211052732534872 1.6228465023159504 1.7797663027304222 4.6779342447844092 12.334484732204148 35.666060718605877 0.50295393085252627 8.0082314382379973
leaf_count=23415 448 1161 54 808 101 295 1789 85 320 275 770 2536 48 2048
internal_value=-0.000597353 -0.00102387 0.0259744 -0.000594825 0.00490793 0.000376909 -0.00282097 -0.00185165 0.0346712 -0.00248745 -0.00349467 0.00352438 -0.0162897 0.00836136
internal_weight=276.772 272.4 4.37242 269.925 77.746 65.4884 192.179 186.758 6.64319 185.135 58.8452 37.9995 20.8457 8.51119
internal_count=34153 33651 502 32490 6926 6118 25564 23775 615 23690 5503 2637 2866 2096
is_linear=0
shrinkage=0.05


Tree=269
num_leaves=15
num_cat=0
split_feature=2 5 5 3 0 0 2 7 0 3 3 3 2 5
split_gain=2.05646 4.53687 2.78597 2.48002 2.64503 2.98841 2.37185 1.95789 2.22905 1.95744 3.27701 2.98766 3.02129 2.10057
threshold=2.3333621472497108 0.23088824748992923 0.27076175808906561 0.051574707031250007 100.57105636596681 110.42059707641603 2.397345846096004 0.021825880484869834 116.72862243652345 0.73725605010986339 0.61509132385253917 0.63340187072753917 0.3392916555733711 0.012760818004608156
decision_type=2 2 2 2 2 2 2 2 2 2 2 2 2 2
left_child=9 -2 6 7 -5 -6 -3 -4 -9 10 -1 12 -12 -11
right_child=1 2 3 4 5 -7 -8 8 -10 13 11 -13 -14 -15
leaf_value=0.00082206025208633586 -0.04537716999305106 0.16083015606985174 0.16200273611528271 -0.048351140205544707 0.039636947517692644 -0.025176631015899349 0.026973560970750446 0.037185158833509903 -0.052217232993815102 0.030550574483830036 0.32875485814045363 0.021506067398945006 0.078677525312804419 -0.023933622978498933
leaf_weight=223.96033498895122 7.9706045224957078 0.42847251892090099 0.24863656709203752 4.5771959982848767 2.8994804765534354 4.6000186588062206 1.4538400004385037 3.159437287831679 0.89462774660205457 2.0448069554986423 0.1394669316650814 7.1356661831814563 0.90125096686824691 13.117161053796734
leaf_count=26291 3037 2 17 1066 160 815 78 112 107 105 7 565 114 1701
internal_value=-0.000591708 -0.013903 -0.000165566 -0.00678597 -0.018399 -0.000118197 0.0574435 0.0258091 0.0174564 0.000820289 0.00195716 0.0330487 0.11219 -0.0165857
internal_weight=273.531 26.2323 18.2617 16.3794 12.0767 7.4995 1.88231 4.3027 4.05407 247.299 232.137 8.17638 1.04072 15.162
internal_count=34177 5394 2357 2277 2041 975 80 236 219 28783 26977 686 121 1806
is_linear=0
shrinkage=0.05


Tree=270
num_leaves=15
num_cat=0
split_feature=6 8 1 8 7 7 8 8 2 1 2 2 4 4
split_gain=1.62941 2.68851 3.72146 3.12632 4.3013 3.95115 5.24651 8.89465 12.1513 3.90696 4.00186 2.69206 3.60002 37.9252
threshold=4.5000000000000009 11.373358557870288 -0.8603219427983505 9.5432315985212348 0.38373088482872425 0.82237724565216552 10.767581237503331 10.888993089889388 2.2582483613498594 0.53514032078971452 1.7044835546135937 1.6860250937568306 0.29985700943723337 0.30654353380295163
decision_type=2 2 2 2 2 2 2 2 2 2 2 2 2 2
left_child=1 3 -3 11 -5 6 -6 -8 9 -9 -11 12 -1 -14
right_child=-2 2 -4 4 5 -7 7 8 -10 10 -12 -13 13 -15
leaf_value=-0.0018805804523778808 0.0038282874274065386 0.20765977693250451 -0.01519681779703567 -0.026407271615005713 0.026247651152701917 -0.050716356790019096 0.42242865524940776 -0.050348668311195756 0.43768584603273414 0.22293710334992808 -0.05060528596591797 -0.032791490492893038 1.073821570349428 -0.051412927330071745
leaf_weight=62.044607229268877 141.73372510832633 0.18815697910031204 42.521893924131291 4.3421125427121323 13.480159394908698 1.4065242244396348 0.21110239939298381 0.77995557477697708 0.20260240742936719 0.36086345778312534 0.21240740083158016 7.31387832891778 0.088772011687978103 0.4786105959356064
leaf_count=10178 12036 37 8592 937 914 350 34 231 9 43 18 677 3 157
internal_value=9.36457e-05 -0.00386743 -0.014215 0.000993319 0.0179136 0.0294694 0.0368664 0.117878 0.0765556 0.0224879 0.121585 -0.0040871 -0.000734066 0.12464
internal_weight=275.365 133.632 42.7101 90.9216 20.9957 16.6536 15.2471 1.76693 1.55583 1.35323 0.573271 69.9259 62.612 0.567383
internal_count=34216 22180 8629 13551 2536 1599 1249 335 301 292 61 11015 10338 160
is_linear=0
shrinkage=0.05


Tree=271
num_leaves=15
num_cat=0
split_feature=3 6 4 1 2 8 3 3 3 1 3 4 1 7
split_gain=1.27481 1.34795 2.82486 5.27683 4.33459 3.79532 2.93734 2.88627 3.98506 4.67278 4.16132 2.94483 2.83466 4.05942
threshold=1.4284400939941408 9.5000000000000018 0.34473167833247403 0.54923223349697248 1.0413461526490357 7.9219120855532834 0.1024141311645508 0.6079845428466798 0.58796119689941417 -0.052528363715076014 0.33122348785400396 0.38719355439316538 0.0729243479777721 0.71438342150781231
decision_type=2 2 2 2 2 2 2 2 2 2 2 2 2 2
left_child=1 -1 4 7 5 -3 -6 8 9 10 -4 -11 -8 -14
right_child=-2 2 3 -5 6 -7 12 -9 -10 11 -12 -13 13 -15
leaf_value=-0.0020449105481404827 -0.051185903361388355 -0.043833165577944623 -0.0057298248540152835 0.056660364589703471 0.0342887954152645 0.074172164989145153 -0.062232175161685069 0.014141750957677319 -0.059274146806155316 0.10772442107206981 0.049040368995775255 -0.023831350700916524 0.045945913545656691 -0.043546592795173054
leaf_weight=197.47703441404519 1.2147815702337528 0.78710005711764353 8.7142231916659494 3.8894091115507754 5.4001624312804761 5.0726091477699811 2.1715361138340086 16.175760095517035 3.850561871615354 0.43459944822825747 5.7605885297234627 20.059644259003107 2.8338303076452576 2.2920600284123793
leaf_count=27133 578 43 787 314 569 235 145 1605 251 16 565 1779 117 109
internal_value=-7.82626e-05 0.000147566 0.00573837 0.000377502 0.0227491 0.0583212 0.00633326 -0.00360296 -0.010997 -0.00568105 0.0160672 -0.0210416 -0.0143541 0.00592902
internal_weight=276.134 274.919 77.4421 58.8848 18.5573 5.85971 12.6976 54.9954 38.8196 34.9691 14.4748 20.4942 7.29743 5.12589
internal_count=34246 33668 6535 5317 1218 278 940 5003 3398 3147 1352 1795 371 226
is_linear=0
shrinkage=0.05


Tree=272
num_leaves=15
num_cat=0
split_feature=2 0 7 1 2 1 1 8 8 1 1 2 8 2
split_gain=1.85294 3.42436 2.81924 1.89703 1.79328 5.30998 4.33841 5.31714 3.77992 3.3896 9.13958 2.48718 4.13753 4.99489
threshold=0.2183822643881779 41.769428253173835 0.61591659010208988 0.89972788828873429 0.36188519508372285 0.65258362023985306 0.64774489331178919 5.4793475927769455 5.6781197879599015 0.62036794011117447 0.59688710674544354 0.83837680535064596 18.743066631804727 0.47041103223433661
decision_type=2 2 2 2 2 2 2 2 2 2 2 2 2 2
left_child=1 2 -1 -4 5 6 7 -2 -9 10 -10 12 13 -6
right_child=4 -3 3 -5 11 -7 -8 8 9 -11 -12 -13 -14 -15
leaf_value=0.065530546097567505 -0.034738900193460202 -0.035165047901396636 -0.050545350011801965 0.055582745360911026 0.0013306362321546393 -0.037944064117886131 0.07953387373278499 0.15813219233610759 0.015099385192935279 -0.11638320604499977 0.21486214812386467 0.0034007324238779324 0.0017839652688996556 -0.045388182678016926
leaf_weight=1.872003492113435 5.3938147699518586 8.6372565617202763 1.4392101239645856 0.59520738618448366 10.113491013820751 5.1648118593730024 2.4999453127384177 0.47628716810140659 38.977397282622405 0.47463380079716344 0.58111792011186381 153.50666888799969 37.149496913028997 13.173046703333965
leaf_count=73 1034 511 215 27 2453 801 10 45 2005 29 19 19982 2355 4877
internal_value=0.00118584 -0.017596 0.02125 -0.0194956 0.00206653 0.0102478 0.01539 0.0118967 0.0181062 0.0164403 0.0180339 1.80667e-05 -0.00857386 -0.0250979
internal_weight=280.054 12.5437 3.90642 2.03442 267.511 53.568 48.4032 45.9033 40.5094 40.0331 39.5585 213.943 60.436 23.2865
internal_count=34436 826 315 242 33610 3943 3142 3132 2098 2053 2024 29667 9685 7330
is_linear=0
shrinkage=0.05


Tree=273
num_leaves=15
num_cat=0
split_feature=7 0 0 4 7 2 0 7 8 8 8 7 8 0
split_gain=2.13459 3.9847 2.9913 4.30277 2.95855 2.58332 2.38175 2.32864 3.9643 3.75984 4.2894 3.57636 3.03478 2.65949
threshold=0.51868434868298441 45.776021957397468 114.95567703247072 0.6508936173189489 0.8379704258690498 1.5662949417110472 157.17142486572268 0.4932665430646197 6.004952047921928 6.004952047921928 4.556518323856884 0.48712879113355262 10.767581237503331 137.78449249267581
decision_type=2 2 2 2 2 2 2 2 2 2 2 2 2 2
left_child=1 -1 -2 4 6 -6 -4 8 -3 10 -9 13 -11 -10
right_child=2 7 3 -5 5 -7 -8 9 11 12 -12 -13 -14 -15
leaf_value=0.053446498777744961 -0.0014895892122785926 -0.037281413275923929 -0.037538040688990124 0.11646559375369603 0.095564346241567164 -0.0504148468992794 0.014158953042907136 0.054394647518315221 0.0052088435819049707 -0.04463006624262647 0.25240722664556031 -0.059560508454888396 0.027294186464209166 -0.022117610415529204
leaf_weight=3.8880792424461097 88.53202468051677 6.5812302799749878 17.072942161190451 0.54472859128145401 0.88848865454201476 0.45995831536129117 2.562325145234353 1.6199410347035144 133.50999189759386 1.9103696491802091 0.32904938148567442 2.2926427371567106 6.3138120176809025 9.5399477811515663
leaf_count=1660 10996 1187 3556 32 169 109 593 80 11571 239 37 214 478 3429
internal_value=-0.000154871 0.00342542 -0.0055544 -0.0222702 -0.0258718 0.0457705 -0.0307918 0.00222561 0.000674834 0.0253845 0.0878252 0.00239352 0.0105871 0.00338645
internal_weight=276.046 165.985 110.06 21.5284 20.9837 1.34845 19.6353 162.097 151.924 10.1732 1.94899 145.343 8.22418 143.05
internal_count=34350 18895 15455 4459 4427 278 4149 17235 16401 834 117 15214 717 15000
is_linear=0
shrinkage=0.05


Tree=274
num_leaves=15
num_cat=0
split_feature=2 8 4 0 2 1 0 0 2 0 0 1 1 0
split_gain=1.66646 2.45164 1.96837 1.92128 1.72408 3.73283 3.41243 3.98123 3.39308 6.41578 16.9555 6.77374 28.3485 4.06634
threshold=0.16755320791616987 2.321228142633883 0.10079367609238653 41.769428253173835 0.36188519508372285 0.65258362023985306 109.26585006713869 110.42059707641603 0.68962122920532132 116.20963287353517 115.8661231994629 0.71186739767913065 0.73173788039639265 143.58866882324222
decision_type=2 2 2 2 2 2 2 2 2 2 2 2 2 2
left_child=3 2 -2 -1 5 -3 -6 -8 9 10 11 -9 -13 -11
right_child=1 4 -4 -5 6 -7 7 8 -10 13 -12 12 -14 -15
leaf_value=0.053100005138062949 -0.049810777647436938 0.011585822907850353 0.046269034939443503 -0.036477941524890686 -0.0073541528533884824 -0.033472147976386778 0.033420682073952872 0.024799440252465145 -0.0027848620885967705 -0.0275473740362925 0.62499673281663704 0.99880035308779991 -0.050471079171573896 0.048139972661072283
leaf_weight=2.7908846482023359 3.9584739384008563 52.869940614837105 0.61602603894425545 0.76202737959101785 123.38684540897884 5.0342668474186203 11.259309487999415 1.4903649557381848 61.695310674960638 3.7716509700840106 0.14802747487556178 0.094894127105362602 0.20013043755898252 3.3514760495309019
leaf_count=109 716 3350 20 23 15950 710 518 358 11593 633 29 4 75 249
internal_value=-0.000131034 -0.000582228 -0.0368722 0.0338874 4.82581e-05 0.00766842 -0.00209996 0.00580504 0.00141034 0.0299891 0.110766 0.0681306 0.287025 0.008064
internal_weight=271.43 267.877 4.5745 3.55291 263.302 57.9042 205.398 82.0112 70.7519 9.05654 1.93342 1.78539 0.295025 7.12313
internal_count=34337 34205 736 132 33469 4060 29409 13459 12941 1348 466 437 79 882
is_linear=0
shrinkage=0.05


Tree=275
num_leaves=15
num_cat=0
split_feature=3 5 2 8 4 7 1 5 3 3 4 3 5 4
split_gain=1.73359 4.28445 5.47928 3.719 3.55596 8.68423 3.23913 4.66902 6.03379 10.4948 12.0989 3.45937 3.06606 4.11702
threshold=0.012794494628906252 0.00018437206745147708 0.40814285452045251 16.805830564662134 0.0026172659535164682 0.14574789607466038 0.54923223349697248 0.16269722580909732 0.059028625488281257 0.27490234375000006 0.22699189237876918 0.013807296752929689 0.00028337538242340093 0.062472461335653824
decision_type=2 2 2 2 2 2 2 2 2 2 2 2 2 2
left_child=12 2 -2 4 5 -3 11 8 -8 10 -10 -5 -1 -14
right_child=1 3 -4 6 -6 -7 7 -9 9 -11 -12 -13 13 -15
leaf_value=0.0025686627730234115 0.11275806996629011 0.62727646772224288 -0.0058371216390961716 -0.066071211401842952 -0.017575681666596975 -0.05024705821627682 -0.050633741264528867 0.0097872167720130451 0.37798173390032008 -0.040580815163153969 0.078450182552983652 -0.0011518804869503976 0.048862426768977313 -0.0051395221324454111
leaf_weight=88.086843473996851 1.8296833238564425 0.073356039822100594 2.0823696593579371 2.0917182011762625 40.278447006683564 0.13313130103051662 0.66173295123735743 15.718207309037096 0.56997095781844132 0.66480724749271747 0.82527605909854174 108.218599155829 8.812920574564485 5.8871246815979239
leaf_count=14378 24 1 895 31 5451 56 98 1268 13 70 53 11293 263 341
internal_value=0.000952644 -0.00210088 0.0496303 -0.0032967 -0.0165147 0.190448 0.000859629 0.0202568 0.080718 0.122911 0.200812 -0.00238289 0.00609639 0.0272355
internal_weight=275.934 173.147 3.91205 169.235 40.4849 0.206487 128.75 18.44 2.72179 2.06005 1.39525 110.31 102.787 14.7
internal_count=34235 19253 919 18334 5508 57 12826 1502 234 136 66 11324 14982 604
is_linear=0
shrinkage=0.05


Tree=276
num_leaves=15
num_cat=0
split_feature=7 3 5 5 0 0 5 0 0 3 4 8 0 5
split_gain=2.07829 8.72476 7.13331 4.41797 3.5779 7.32723 3.56665 4.80592 3.1944 3.06863 4.64633 3.14455 5.12299 8.30268
threshold=0.36116376832815927 0.18356323242187503 0.0083237886428833025 0.17872929573059085 95.405593872070327 94.62720108032228 0.12322646379470827 85.055473327636733 56.507947921752937 0.28489685058593756 0.62813445320404337 7.9219120855532834 100.57105636596681 0.14522809907794001
decision_type=2 2 2 2 2 2 2 2 2 2 2 2 2 2
left_child=1 4 -3 -4 5 6 8 -8 -1 11 -11 -2 13 -13
right_child=9 2 3 -5 -6 -7 7 -9 -10 10 -12 12 -14 -15
leaf_value=0.080353404381572666 -0.0061217645673787291 0.041385051802750927 -0.024904441842104531 0.01250795172430578 -0.03010038593215271 0.084275375937261879 0.049938261914285527 -0.032632059644268685 -0.035929724868200008 -0.019217201362825058 0.03103016097029155 0.058542445944715527 0.0024272227293400737 0.007721318351239498
leaf_weight=0.62226677691797405 39.336867038829951 12.830648017290512 13.230496317351934 19.552759306014195 33.267591744155652 2.121843507004086 4.0909910564660086 3.0958257293968927 11.606837821411316 27.978064879400335 5.5061157015443305 12.579315070004666 66.877730538879405 22.253920135248336
leaf_count=14 6241 354 609 2672 7520 62 484 163 1318 2539 876 570 9226 1657
internal_value=-0.000644749 -0.00637567 0.00977912 -0.00259075 -0.0198211 -0.0039436 -0.0135845 0.0143699 -0.0300128 0.00265261 -0.0109546 0.00588289 0.0105257 0.0260743
internal_weight=274.951 100.419 45.6139 32.7833 54.8054 21.5378 19.4159 7.18682 12.2291 174.532 33.4842 141.048 101.711 34.8332
internal_count=34305 13196 3635 3281 9561 2041 1979 647 1332 21109 3415 17694 11453 2227
is_linear=0
shrinkage=0.05


Tree=277
num_leaves=15
num_cat=0
split_feature=2 4 8 0 8 4 0 2 3 8 2 8 7 7
split_gain=2.35309 4.02726 6.92853 3.52612 4.72243 4.0809 3.7849 3.54369 5.18646 3.74912 3.74731 3.50218 21.1861 3.99257
threshold=0.83837680535064596 0.15505063905318175 25.569829984036414 100.21817016601564 16.805830564662134 0.52778520000302864 114.16517257690431 0.39834694864696801 0.078516006469726576 66.700901428593724 0.26777082357267629 10.644550714234194 0.71438342150781231 0.51151568012397919
decision_type=2 2 2 2 2 2 2 2 2 2 2 2 2 2
left_child=3 -2 -3 4 -1 -6 -5 8 -7 -9 -10 12 -8 -13
right_child=1 2 -4 6 5 7 11 9 10 -11 -12 13 -14 -15
leaf_value=-0.0086238819207227202 0.012047203638768187 -0.034028318824224267 0.0036670792411746689 -0.035086054151856907 0.037535975315494907 -0.036233348052688748 -0.050108961131944622 -0.031784937124361923 -0.015910727460437892 0.05592145995224547 0.066244374494223379 0.0182815709392521 1.2739128874910128 -0.041582062220545557
leaf_weight=61.064651987078832 77.322052476287354 15.473713326955474 57.442932563084469 17.557218051195381 12.3932677435223 2.7344870857195946 0.15114811551757057 8.7877275931896275 1.8815433148265581 1.4145856428804098 5.2915340233666939 8.0723689475416887 0.037761826999485493 4.2525426441861773
leaf_count=7825 8451 3069 8329 3135 543 77 84 349 86 531 243 839 15 789
internal_value=-0.000106737 0.0040976 -0.0043323 -0.0052156 -0.000428722 0.0149678 -0.0201102 0.0010595 0.0223585 -0.0196241 0.0446946 0.000901203 0.214554 -0.00237356
internal_weight=273.878 150.239 72.9166 123.639 93.5678 32.5031 30.071 20.1099 9.90756 10.2023 7.17308 12.5138 0.18891 12.3249
internal_count=34365 19849 11398 14516 9654 1829 4862 1286 406 880 329 1727 99 1628
is_linear=0
shrinkage=0.05


Tree=278
num_leaves=15
num_cat=0
split_feature=4 8 4 8 3 7 2 2 2 8 8 8 1 8
split_gain=1.4486 1.48117 1.73595 1.56441 1.3952 1.33769 1.23822 1.16759 1.75147 4.29505 1.66446 1.54218 1.15339 1.61489
threshold=1.4583551057799591 100.15577384350694 0.46619548537406291 127.41418200685946 0.26821899414062506 0.0367336619854845 2.6225075742024164 2.6127810358154138 2.5919538318852151 13.33290973752303 6.7760446300656545 64.997165944172565 0.91064254490871099 7.9219120855532834
decision_type=2 2 2 2 2 2 2 2 2 2 2 2 2 2
left_child=1 7 3 -3 5 -4 -6 8 12 -10 -9 -11 13 -1
right_child=-2 2 4 -5 6 -7 -8 10 9 11 -12 -13 -14 -15
leaf_value=-0.0082776924362813441 -0.045433407116814595 0.011576698313702977 0.062602040226007377 0.1086529754344326 0.042204620953442684 -0.023891910150442428 -0.015706141560944381 0.050051880193909576 0.32082333780533812 -0.038248486961758255 -0.033007349303853684 0.064560463946341837 0.030373065082680329 0.0018413807454895634
leaf_weight=49.005967994628008 1.7026824452113931 0.74322905341250478 0.51646080067439326 0.93979106284677982 3.7322259773136466 3.3244559611193836 1.2263301541388498 0.68910418343148094 0.13569564104545762 0.56828320244676422 4.8366753613227047 1.0185245698667129 3.1365088350139549 201.7269395457115
leaf_count=7818 980 214 71 38 1478 433 415 26 29 155 1240 22 250 21139
internal_value=0.000541457 0.000829677 0.0192583 0.0657837 0.0103597 -0.0122617 0.0278824 8.98639e-05 0.000581474 0.05083 -0.0226493 0.0277415 0.000240538 -0.000136401
internal_weight=273.303 271.6 10.4825 1.68302 8.79947 3.84092 4.95856 261.118 255.592 1.7225 5.52578 1.58681 253.869 250.733
internal_count=34308 33328 2649 252 2397 504 1893 30679 29413 206 1266 177 29207 28957
is_linear=0
shrinkage=0.05


Tree=279
num_leaves=15
num_cat=0
split_feature=5 0 6 0 0 3 6 4 6 4 3 0 5 3
split_gain=1.5203 2.34691 2.12881 1.9369 2.59696 2.10988 1.58959 2.66602 1.66769 1.59169 4.74573 4.54659 5.16913 3.65391
threshold=1.0302486419677737 92.676067352294936 35.500000000000007 61.501644134521491 62.491285324096687 0.49672126770019537 17.500000000000004 1.1663479363807636 18.500000000000004 0.3516718197997068 0.068058013916015639 106.73999404907228 0.0083237886428833025 0.40913772583007818
decision_type=2 2 2 2 2 2 2 2 2 2 2 2 2 2
left_child=6 3 -3 5 -5 -2 7 9 -8 -1 -11 12 13 -12
right_child=1 2 -4 4 -6 -7 8 -9 -10 10 11 -13 -14 -15
leaf_value=0.004345017558390364 0.038175693375992081 -0.053098043444152643 0.010421945951101177 0.10461856687374403 0.0065720897685364269 -0.071495649380474077 0.06034964341745655 -0.051632694249608951 0.011526935079489689 -0.035409610370265292 0.0007649657398145983 0.023958208046061746 -0.023207603696482226 0.062283046232624609
leaf_weight=178.33533281031123 0.65483892426709456 4.8441235097816389 1.81260157644283 0.81812531055766147 3.8705033485020977 1.3276896198731263 1.9632618310279237 2.3425234187925517 16.033113338344265 10.608629935028146 9.0081366074737144 15.440687723254085 22.031800568831386 3.2972634509787886
leaf_count=22835 542 1142 123 21 780 590 79 1694 2479 1890 186 914 1045 66
internal_value=0.00167124 -0.0147975 -0.0358018 0.00616134 0.0236804 -0.0352707 0.00251851 0.00144838 0.0168531 0.00196925 -0.00504694 0.00142393 -0.00870924 0.0172489
internal_weight=272.389 13.3279 6.65673 6.67116 4.68863 1.98253 259.061 241.064 17.9964 238.722 60.3865 49.7779 34.3372 12.3054
internal_count=34386 3198 1265 1933 801 1132 31188 28630 2558 26936 4101 2211 1297 252
is_linear=0
shrinkage=0.05


Tree=280
num_leaves=15
num_cat=0
split_feature=5 6 4 6 8 3 3 6 3 4 5 4 3 4
split_gain=1.45547 1.50975 1.37704 4.52339 3.04954 1.95055 3.24165 2.77039 4.04745 5.72585 3.58801 3.40112 2.35313 2.33726
threshold=1.8133262246847155 83.500000000000014 0.45624868648485351 6.5000000000000009 127.41418200685946 0.66872596740722667 0.59323120117187511 9.5000000000000018 0.28489685058593756 0.29985700943723337 0.58309912681579601 0.30654353380295163 0.27490234375000006 0.20080345218886592
decision_type=2 2 2 2 2 2 2 2 2 2 2 2 2 2
left_child=1 2 4 -4 5 6 7 8 12 -10 -9 -11 -1 -12
right_child=-2 -3 3 -5 -6 -7 -8 10 9 11 13 -13 -14 -15
leaf_value=0.00016792847675129176 -0.050354153774872283 0.045918712215830992 -0.046563244130811733 -0.002446622363427662 0.10967772954571141 -0.026630744576287918 0.03852604030355225 0.038923519090715231 -0.056873138226984248 0.1710868477147979 0.038717341103238323 0.0073073821587251869 0.13766807510141499 -0.010694278612163799
leaf_weight=158.68483533691324 1.453818903883074 1.7636472588928871 6.4581948465201995 57.918177992822166 0.64954644069075484 6.12138941771991 5.9018836410250506 10.383934799538112 6.696151215452117 0.39217933616600964 3.0645339746697564 1.6533283230673985 0.31176810432225366 10.925750268856062
leaf_count=22061 1107 1964 1952 4082 13 839 156 283 787 8 416 219 26 489
internal_value=-0.000459425 -0.000191684 -0.000493816 -0.00687237 0.00151135 0.00116717 0.00202651 0.00090521 -0.00138361 -0.0345075 0.0166564 0.0387084 0.000437545 0.000129203
internal_weight=272.379 270.925 269.162 64.3764 204.785 204.136 198.014 192.112 167.738 8.74166 24.3742 2.04551 158.997 13.9903
internal_count=34402 33295 31331 6034 25297 25284 24445 24289 23101 1014 1188 227 22087 905
is_linear=0
shrinkage=0.05


Tree=281
num_leaves=15
num_cat=0
split_feature=8 8 0 7 8 5 3 7 7 7 0 7 5 0
split_gain=2.07913 2.76767 3.51691 5.097 2.50829 2.47359 4.67368 1.82137 4.69318 2.85992 2.38965 1.75112 1.6778 1.41806
threshold=3.2768177988407499 2.321228142633883 44.418308258056648 0.59173610163983814 5.3919028810975158 0.00049176812171936046 0.0029563903808593754 0.65029063171518842 0.91749651648606945 0.4932665430646197 54.24882888793946 0.90240908825439281 0.00055372714996337901 80.021316528320327
decision_type=2 2 2 2 2 2 2 2 2 2 2 2 2 2
left_child=1 2 3 -1 5 -2 -7 9 -9 10 -3 -5 -8 -6
right_child=4 7 -4 11 13 6 12 8 -10 -11 -12 -13 -14 -15
leaf_value=0.079505713746229681 -0.050391257363272636 0.091607341636719547 -0.051063574396824275 -0.050639182368079232 0.0081696052565269767 0.13841583942300556 0.10514451584418966 -0.041209288139988434 0.06935489463111541 0.078165133434114506 -0.05143482736502239 0.025854909276209443 -0.02900265079864589 -0.0013777609030360015
leaf_weight=2.1237842355622005 4.8855280722927983 0.42602089067804427 2.637481956044212 1.9155985590186904 48.481534681497578 0.54750982834957573 0.25180351483868468 2.0489924484281805 1.8055588904535396 3.8127845296403393 0.92794475937262177 1.2276504710316656 3.1358545572147705 196.64386086878585
leaf_count=27 1977 11 276 351 5311 8 3 353 85 51 59 185 521 25083
internal_value=0.000698826 0.0176666 -0.00393317 0.0196675 -0.000432097 -0.0266279 0.00287451 0.0365925 0.0105815 0.0559974 -0.00642707 -0.0207631 -0.0190315 0.000510542
internal_weight=270.872 16.9258 7.90452 5.26703 253.946 8.8207 3.93517 9.0213 3.85455 5.16675 1.35397 3.14325 3.38766 245.125
internal_count=34301 1398 839 563 32903 2509 532 559 438 121 70 536 524 30394
is_linear=0
shrinkage=0.05


Tree=282
num_leaves=15
num_cat=0
split_feature=5 3 7 0 0 1 8 5 8 2 8 1 5 5
split_gain=1.29046 3.9973 2.82725 2.71179 3.59715 3.41705 2.81664 2.56174 6.00104 4.08656 4.0107 3.33168 3.32507 5.56314
threshold=0.37300592660903936 0.050445556640625007 0.67512553285863264 114.16517257690431 100.21817016601564 -0.47673248846111344 27.609944032743762 0.2363062631338835 40.322943835975146 2.2744725036165381 42.364226745367148 0.74463976284789468 0.21198755502700808 0.20149908959865573
decision_type=2 2 2 2 2 2 2 2 2 2 2 2 2 2
left_child=7 2 3 4 -2 -6 -7 9 11 12 -10 -9 13 -1
right_child=1 -3 -4 -5 5 6 -8 8 10 -11 -12 -13 -14 -15
leaf_value=0.0018724903434716635 0.044100883925964569 -0.013396673138723928 -0.018694391456177871 0.072131779392773251 0.088045274093786999 -0.062243058398866694 0.041453578975468586 -0.005791431089398091 0.17965593321278672 -0.031937292052344232 0.045303166372898329 0.067601090187693405 -0.040231676085840509 0.076321832533064182
leaf_weight=165.24293644557474 4.9386294789219409 47.293241456776741 4.4501789370842735 2.6950098532834081 0.63752211094833899 2.7472771567991008 0.85979513311758626 15.179342116985941 0.61078280647779948 9.4352741771435813 6.1346348261286039 1.7217138420528488 4.5681719709536983 2.5479080156510454
leaf_count=20353 535 6841 376 137 8 279 20 1382 12 3370 359 105 418 128
internal_value=0.000189863 -0.00603251 0.0152969 0.0280317 0.0150896 -0.0186653 -0.0375255 0.00211683 0.0175979 0.000103163 0.0574685 0.00168508 0.00185712 0.00300301
internal_weight=269.062 63.6217 16.3284 11.8782 9.18322 4.24459 3.60707 205.441 23.6465 181.794 6.74542 16.9011 172.359 167.791
internal_count=34323 8196 1355 979 842 307 299 26127 1858 24269 371 1487 20899 20481
is_linear=0
shrinkage=0.05


Tree=283
num_leaves=15
num_cat=0
split_feature=8 0 4 8 0 0 8 5 7 4 1 7 2 2
split_gain=1.86893 3.2066 2.03308 2.92101 2.80551 8.92459 2.84289 4.20945 2.81115 2.27498 6.81271 11.741 2.12126 3.15368
threshold=8.9451843369907014 102.9342727661133 0.25411220317122141 9.154668951679513 76.523883819580092 76.085128784179702 32.888658178307004 0.63232623040676128 0.092694996008817934 0.19685131953716958 0.69584878156845376 0.71438342150781231 0.33462591136618952 0.3392916555733711
decision_type=2 2 2 2 2 2 2 2 2 2 2 2 2 2
left_child=1 -1 4 -4 5 12 9 8 -8 -6 -11 -12 -2 -14
right_child=2 -3 3 -5 6 -7 7 -9 -10 10 11 -13 13 -15
leaf_value=-0.0046449020759041738 -0.034293472091482965 -0.051317138399340503 0.1816641280231496 -0.0032461366911714176 0.0035695980978586901 0.31851430308237566 0.15712322268076709 -0.0035424177156880808 0.043797531122333144 -0.04397092361286678 0.44848554026148674 -0.05028319719145178 0.25403107090588145 0.030491371247710654
leaf_weight=62.434225486817013 1.2822382515296302 3.9106843462795942 0.21404226295999151 97.942712796520937 73.775069499402889 0.26711130741750899 0.6015440057963114 6.0656199143559206 6.0604136884212494 5.581901646568439 0.19739114982075978 0.29332786821760237 0.1612369418144225 7.3559710592817282
leaf_count=9259 9 801 27 11945 9679 5 4 409 158 1340 5 76 3 689
internal_value=-0.000124873 -0.00739599 0.00228957 -0.00284292 0.00724607 0.03379 0.00464643 0.0265927 0.0540303 0.00114823 -0.0282685 0.150346 0.0251471 0.0352861
internal_weight=266.143 66.3449 199.799 98.1568 101.642 9.06656 92.5753 12.7276 6.66196 79.8477 6.07262 0.490719 8.79945 7.51721
internal_count=34409 10060 24349 11972 12377 706 11671 571 162 11100 1421 81 701 692
is_linear=0
shrinkage=0.05


Tree=284
num_leaves=15
num_cat=0
split_feature=7 4 1 5 2 1 8 8 2 2 5 4 1 1
split_gain=1.60381 2.66143 3.67276 3.85181 3.60217 3.26846 3.1936 3.67486 3.1546 7.03376 2.88842 2.79105 3.71765 2.6424
threshold=0.68353612758861249 0.15505063905318175 -0.63554915185948224 0.47790108248591429 0.4759155552171484 -0.58305093483292081 3.9040472102389914 16.805830564662134 0.36188519508372285 0.35255191843446981 0.45580747723579412 0.25135020826680415 -0.13990839614604006 -0.13025046432591916
decision_type=2 2 2 2 2 2 2 2 2 2 2 2 2 2
left_child=1 2 4 5 -1 -4 -3 8 9 11 13 -8 -13 -7
right_child=-2 6 3 -5 -6 10 7 -9 -10 -11 -12 12 -14 -15
leaf_value=-0.050786444050106544 -0.0064401329370694267 0.071041601043818139 -0.052532670011133334 0.045355213260949309 0.093543980747874164 0.020826722619377763 -0.045642913591869533 0.0010501131725186563 -0.046030976608222057 0.17066744606962789 -0.064058402558744718 -0.048154433840273202 0.035150085493758629 0.00094999517807112005
leaf_weight=0.53437478694831897 58.676060311565379 1.4838920145994041 2.418392452877014 6.2931822789396383 2.2632419919245876 25.686109701899106 4.1950229160138406 100.67323250494155 8.3086208220047393 0.54104492341866794 1.4219883510377247 2.006233566615264 4.0286372927948841 47.903490844386404
leaf_count=137 9282 33 548 693 335 3297 164 11511 2024 17 40 52 166 6039
internal_value=0.000859491 0.00292109 0.00962004 0.00773692 0.0659753 0.00467946 -0.00185962 -0.00276296 -0.0228826 -0.00502616 0.006524 -0.0143183 0.00745632 0.00788787
internal_weight=266.434 207.757 86.5208 83.7232 2.79762 77.43 121.237 119.753 19.0796 10.7709 75.0116 10.2299 6.03487 73.5896
internal_count=34338 25056 11089 10617 472 9924 13967 13934 2423 399 9376 382 218 9336
is_linear=0
shrinkage=0.05


Tree=285
num_leaves=15
num_cat=0
split_feature=2 0 2 4 0 1 4 6 4 4 6 7 1 1
split_gain=1.41536 2.06624 1.43225 2.38227 2.61676 2.36478 1.54478 3.43196 3.06029 3.46999 3.69369 2.95057 2.22443 3.05042
threshold=0.16755320791616987 41.769428253173835 0.2183822643881779 0.067126532930932917 53.060186386108406 0.11032311558499676 0.062472461335653824 2.5000000000000004 0.041568514312030687 0.02893896311069 2.5000000000000004 0.081158307964761991 -0.58305093483292081 -0.31117751964553197
decision_type=2 2 2 2 2 2 2 2 2 2 2 2 2 2
left_child=1 -1 3 -2 -5 -6 8 -8 9 10 -4 -10 -13 -14
right_child=2 -3 6 4 5 -7 7 -9 11 -11 -12 12 13 -15
leaf_value=0.053614889537600574 -0.051104355309808364 -0.034115956868050953 0.0021501638166814773 0.058587195150164639 -0.062473740611619838 0.019621858989930824 -0.051194064373000607 -0.001560818228432817 0.25191010572636036 -0.039619914800767549 0.039439769313705852 -0.01639869150207356 0.10970843468420324 0.019523303426227864
leaf_weight=2.6488262242492051 3.6525074920500611 0.89890440460294474 73.758769639447564 1.4508223553275454 1.746755113010295 1.7620432642288504 3.5607893112173761 159.14522939489689 0.16142448992468317 4.4960513148398595 7.2979375148715908 1.5186654134595299 1.5411256600928025 2.394365891173948
leaf_count=109 549 31 13452 61 32 28 1735 16885 3 426 410 287 45 247
internal_value=1.62396e-05 0.0313861 -0.000407751 -0.0204608 0.00210658 -0.0212471 0.000272505 -0.00264703 0.00548293 0.00313595 0.00550753 0.041239 0.0350038 0.0548395
internal_weight=266.034 3.54773 262.486 8.61213 4.95962 3.5088 253.874 162.706 91.1683 85.5528 81.0567 5.61558 5.45416 3.93549
internal_count=34300 140 34160 670 121 60 33490 18620 14870 14288 13862 582 579 292
is_linear=0
shrinkage=0.05


Tree=286
num_leaves=15
num_cat=0
split_feature=0 0 0 1 0 1 0 0 3 0 0 1 4 8
split_gain=1.62977 1.8724 2.18987 2.34589 1.73801 3.16221 2.92579 4.96648 1.72652 1.54148 1.98049 2.07177 1.30376 1.71374
threshold=145.32572937011722 157.17142486572268 159.37799072265628 0.57675812763879775 143.58866882324222 -0.48289269158319192 137.78449249267581 137.03838348388675 0.036106109619140632 178.5647888183594 181.85108184814456 0.23064364254090855 1.5399128625000815 164.75756377138075
decision_type=2 2 2 2 2 2 2 2 2 2 2 2 2 2
left_child=4 -2 3 -3 6 -6 7 12 -9 -4 11 -11 13 -1
right_child=1 2 9 -5 5 -7 -8 8 -10 10 -12 -13 -14 -15
leaf_value=0.00076711768311919738 -0.051139007889385683 -0.050211058322995661 -0.050316681099891437 0.099254096697772645 0.16255423991450255 0.018339098931333588 -0.048788470263553416 0.12164533898272606 0.033723373158061953 0.071635503059919822 -0.051893717255355125 -0.052202334474372475 -0.051724709969964339 0.044473966792502373
leaf_weight=245.835709529616 3.1574773382963013 0.37289339124981757 2.1667563288210658 0.88695275160716847 0.43886996209039386 2.8389552385306152 2.9161987708612278 1.0693798400461667 1.1684555373067267 1.2579957359266702 0.93919363712484472 0.46168118651257817 1.1706457463515096 2.2634227406379059
leaf_count=27306 1839 213 1271 43 40 228 1180 48 79 71 234 42 468 1031
internal_value=0.000732016 -0.0198969 -0.00368675 0.0550149 0.00147191 0.0376481 0.00100584 0.0015832 0.0757381 -0.0190122 0.00649828 0.0383888 0.000917468 0.00116586
internal_weight=266.945 9.24295 6.08547 1.25985 257.702 3.27783 254.424 251.508 2.23784 4.82563 2.65887 1.71968 249.27 248.099
internal_count=34093 3713 1874 256 30380 268 30112 28932 127 1618 347 113 28805 28337
is_linear=0
shrinkage=0.05


Tree=287
num_leaves=15
num_cat=0
split_feature=1 0 0 5 8 2 0 8 5 3 5 3 0 3
split_gain=1.79904 1.70853 3.14932 1.59145 2.47186 2.54744 2.24726 2.15954 5.05488 2.42139 3.98435 15.9007 7.4617 10.9194
threshold=0.91064254490871099 55.319606781005866 51.798835754394538 0.81122995913028728 178.9403846034796 2.7471609040054168 157.17142486572268 33.533892524313934 0.0016853213310241701 0.012794494628906252 0.00091844797134399425 0.046985626220703132 116.20963287353517 0.059900283813476569
decision_type=2 2 2 2 2 2 2 2 2 2 2 2 2 2
left_child=3 2 -2 7 5 6 -5 9 -9 -1 11 -11 13 -13
right_child=1 -3 -4 4 -6 -7 -8 8 -10 10 -12 12 -14 -15
leaf_value=0.0041239179966809283 -0.0067245481118280107 -0.03697627463044257 0.10867393710096317 -0.027133524679528537 0.032970559927246776 0.059904624924244101 0.064614921048568197 -0.040587171021002399 0.014155423306283832 -0.022679297444387448 -0.012002150265096432 0.24613536924003096 -0.052957839588072458 0.065967040609306152
leaf_weight=97.485679914811044 1.0556078360532406 0.59134442330105219 1.3439630758948624 17.087308590551412 2.5767814333594279 0.96398997290816524 0.69454153421975107 4.5831773673671696 52.775731341462233 9.3340919738038775 74.062543898849981 1.1235277663217846 0.81825542698788911 3.3440033633087296
leaf_count=14811 114 107 17 2929 867 141 154 2868 2949 1393 7437 118 379 126
internal_value=0.000587296 0.0391484 0.0579084 0.00015183 -0.0129466 -0.0192583 -0.0235499 0.0012987 0.0097813 -0.00131481 -0.00729344 0.0165603 0.085853 0.111277
internal_weight=267.841 2.99092 2.39957 264.85 21.3226 18.7458 17.7819 243.527 57.3589 186.168 88.6824 14.6199 5.28579 4.46753
internal_count=34410 238 131 34172 4091 3224 3083 30081 5817 24264 9453 2016 623 244
is_linear=0
shrinkage=0.05


Tree=288
num_leaves=15
num_cat=0
split_feature=5 1 6 6 5 3 2 1 6 4 6 2 5 3
split_gain=1.72401 2.16925 2.15561 1.70962 1.95185 2.73601 2.62351 1.64846 1.5256 2.32793 1.5782 1.47418 1.72413 1.41478
threshold=1.0302486419677737 0.060151065857750492 85.500000000000014 28.500000000000004 1.7439908087253573 0.088672637939453139 2.2744725036165381 0.91064254490871099 17.500000000000004 1.1663479363807636 18.500000000000004 0.41371398353154126 0.10161671042442323 1.0503387451171877
decision_type=2 2 2 2 2 2 2 2 2 2 2 2 2 2
left_child=7 2 -2 4 5 -3 -6 8 9 -1 -10 -9 -13 -12
right_child=1 3 -4 -5 6 -7 -8 11 10 -11 13 12 -14 -15
leaf_value=0.00055809511271297609 -0.058100756304290305 0.045676361453392461 0.026960466888547654 0.031061760906603505 0.13382522544157904 -0.052201750639241901 -0.051082788000629237 -0.015288513854251413 0.05886834752890914 -0.051502778765732164 0.016891134800114626 0.00052332076399330717 0.092917684200657352 -0.024485404016607492
leaf_weight=230.7709852088592 4.1310770965865213 0.90760646300623182 0.90863492804055557 2.7479390778025845 0.44753310075611796 3.3467600279254839 0.33573463171342155 0.92493041174020563 1.8712148218110112 2.1674400378942655 12.810055657813789 0.78510870493482832 1.4147819433128459 2.4632128685334456
leaf_count=26520 1007 103 524 908 14 433 183 187 79 1716 2296 38 24 105
internal_value=0.000678243 -0.0172063 -0.0427646 -0.000661966 -0.0179667 -0.0313209 0.0545675 0.00158412 0.00113315 7.36803e-05 0.015528 0.0376752 0.0599435 0.0102181
internal_weight=266.033 12.8253 5.03971 7.78557 5.03763 4.25437 0.783268 253.208 250.083 232.938 17.1445 3.12482 2.19989 15.2733
internal_count=34137 3172 1531 1641 733 536 197 30965 30716 28236 2480 249 62 2401
is_linear=0
shrinkage=0.05


Tree=289
num_leaves=15
num_cat=0
split_feature=8 8 7 7 2 0 8 2 2 2 0 3 0 0
split_gain=1.58474 2.63548 2.33246 2.95126 2.53414 5.72488 1.97059 1.8723 2.32525 1.74209 1.87548 1.73682 1.2749 2.11663
threshold=3.2768177988407499 5.3919028810975158 0.65029063171518842 0.90240908825439281 0.2183822643881779 44.418308258056648 3.125133988838841 1.5830631155346329 0.19371974998922253 0.83837680535064596 30.433474540710453 1.0000000180025095e-35 61.501644134521491 39.674551010131843
decision_type=2 2 2 2 2 2 2 2 2 2 2 2 2 2
left_child=2 7 4 -4 5 -1 9 8 -2 10 -5 -9 13 -6
right_child=1 -3 3 6 12 -7 -8 11 -10 -11 -12 -13 -14 -15
leaf_value=0.052807638961845753 0.059745397979575732 -0.0015610256076106345 -0.044274145129183248 0.058374156077623356 0.076326809751618638 -0.051114791601613453 0.16479166924508357 -0.05098010768741023 -0.049062550327298948 0.095588492064047681 -0.031921864866516922 0.058205555527390221 0.069536463187946776 -0.050808142151527604
leaf_weight=2.8438001920876577 0.53123505809344163 240.1262098589832 3.207044405717169 0.83335400046780828 0.64633984887041129 2.4816973065026104 0.22693474008701731 0.5658438738901167 6.4842080431335489 0.52566649066284288 1.8553782162489367 1.0221511562704106 3.6016687212977558 0.66341039387043566
leaf_count=67 35 30434 697 32 17 157 25 74 2389 18 314 27 31 54
internal_value=-0.00152897 -0.00253523 0.0132939 -0.00976559 0.0282699 0.00437948 0.0223936 -0.0297259 -0.0408232 0.0123404 -0.00393524 0.0192999 0.0541745 0.0119308
internal_weight=265.615 248.73 16.8853 6.64838 10.2369 5.3255 3.44133 8.60344 7.01544 3.2144 2.68873 1.588 4.91142 1.30975
internal_count=34371 32959 1412 1086 326 224 389 2525 2424 364 346 101 102 71
is_linear=0
shrinkage=0.05


Tree=290
num_leaves=15
num_cat=0
split_feature=3 8 5 5 3 5 1 3 8 0 7 5 0 0
split_gain=1.27908 2.306 3.27394 2.47047 2.02348 8.2074 2.96053 3.25941 4.31725 4.0152 2.70817 3.75015 5.6665 5.41732
threshold=0.74956417083740245 28.584292017283058 0.010901212692260744 1.0110458955168726 0.18356323242187503 0.0045885443687438974 -0.38133794409409988 0.25445556640625006 17.197493727935996 99.518527984619155 0.36508409212126414 0.12322646379470827 85.46933746337892 110.14316940307619
decision_type=2 2 2 2 2 2 2 2 2 2 2 2 2 2
left_child=4 2 -2 -3 10 6 -6 9 -9 -8 11 -1 -13 -14
right_child=1 3 -4 -5 5 -7 7 8 -10 -11 -12 12 13 -15
leaf_value=-0.020227250219376422 0.060826233109725437 0.012716153704018058 -0.049048678984183205 -0.053472841276514242 -0.019942565990176478 0.00039774559566409684 0.17453832741951414 -0.052048770186764994 0.050329990403825853 0.056780751970801624 0.0031009822371398702 0.058960897186790207 -0.033536965728005907 0.025409914526644012
leaf_weight=34.482619718321075 0.76998594461474823 8.7891103384317812 5.6736071630366496 1.679098796656034 1.6036588700953878 53.32531533567817 1.0648084046551933 1.1934047852409984 7.5085886714514345 2.2609093871433288 125.65331477191648 4.156374259946463 8.5572369455476274 7.1579500453517531
leaf_count=7854 65 866 808 818 68 5020 15 124 135 50 16546 483 668 684
internal_value=0.000916717 -0.012386 -0.035919 0.00209945 0.00182767 0.00924847 0.0438721 0.0523805 0.0362896 0.0944837 -0.000932612 -0.0102573 0.00704337 -0.00668785
internal_weight=263.876 16.9118 6.44359 10.4682 246.964 66.9567 13.6314 12.0277 8.70199 3.32572 180.007 54.3542 19.8716 15.7152
internal_count=34204 2557 873 1684 31647 5412 392 324 259 65 26235 9689 1835 1352
is_linear=0
shrinkage=0.05


Tree=291
num_leaves=15
num_cat=0
split_feature=1 1 4 2 0 8 7 5 4 2 8 8 7 1
split_gain=1.59093 2.11095 2.17999 1.88904 3.22002 2.46611 3.40437 2.21852 3.02005 2.17489 1.62963 1.573 1.58912 1.42516
threshold=-0.70811975769026769 -0.70217173271201228 0.10874431361307575 1.5662949417110472 75.043289184570327 4.2607120800778508 0.78051192504995759 0.6207253746688367 0.33669462237475672 1.0197411585145697 9.7503929265035563 9.9934172159918138 0.79445994215076599 -0.8603219427983505
decision_type=2 2 2 2 2 2 2 2 2 2 2 2 2 2
left_child=3 2 -2 4 5 -1 -7 8 10 -8 -5 -12 -13 -6
right_child=1 -3 -4 7 13 6 9 -9 -10 -11 11 12 -14 -15
leaf_value=-0.050829345883028211 -0.050524961838595922 0.0014100415999642175 0.070250469000210466 -0.050581732483622049 0.027768568926830425 0.20131234814357565 0.051850287828799718 -0.049249001519241518 0.14945629677539879 -0.03853409864747781 0.14623012854351566 -0.042951598610332348 0.035633575007197604 -0.051926610300452737
leaf_weight=1.2288153050176349 0.45874269760679398 247.22707705198263 2.0136671244399622 0.86077342194039275 0.61133679992053735 0.27362236159388009 1.7025325501745103 1.3289086305412636 0.43390380122582417 1.0927466130233368 0.25230196118354831 0.84272114449413527 2.7185562081285752 6.8090334847074692
leaf_count=532 93 30409 53 116 431 37 97 318 6 107 7 289 160 1790
internal_value=0.000830729 0.00186978 0.0478412 -0.01346 -0.0254138 0.0090263 0.032993 0.00830065 0.0232721 0.0165167 0.0115589 0.0255848 0.0170376 -0.0453608
internal_weight=267.855 249.699 2.47241 18.1553 11.7181 4.29772 3.0689 6.43717 5.10826 2.79528 4.67435 3.81358 3.56128 7.42037
internal_count=34445 30555 146 3890 2994 773 241 896 578 204 572 456 449 2221
is_linear=0
shrinkage=0.05


Tree=292
num_leaves=15
num_cat=0
split_feature=0 8 5 8 0 1 1 0 1 1 3 0 3 1
split_gain=1.6429 2.2741 4.76663 2.67453 14.5227 6.81181 6.12525 2.11619 1.60756 3.9658 1.87716 1.79109 1.95249 5.32241
threshold=64.911369323730483 5.4793475927769455 0.12322646379470827 5.6781197879599015 83.139644622802749 0.097748504460807642 0.49501862045166151 61.501644134521491 -0.72292245437821623 -0.83254836735677429 0.046489715576171882 105.84159469604494 0.0066480636596679696 -0.84032170338737944
decision_type=2 2 2 2 2 2 2 2 2 2 2 2 2 2
left_child=7 2 -2 4 5 -3 -7 -1 9 10 11 12 13 -5
right_child=1 3 -4 8 -6 6 -8 -9 -10 -11 -12 -13 -14 -15
leaf_value=0.0022207097572683634 -0.050432426933994239 0.97499725590736497 0.091896552190701961 0.068351197423528465 -0.05045672246881569 -0.050085167884677685 0.59930595344989301 0.02742227524191387 0.00065054383093656842 -0.041373193846032878 -0.050314049603977798 -0.05038977586860667 0.025707310134900498 0.46504582399187389
leaf_weight=25.677214276933228 4.7537156493926878 0.048765300540252521 0.67132769909221668 0.68499133212026264 0.46891771310765762 0.068877222249284387 0.076802155177574605 12.329748414151252 208.84894773030464 7.1826994017719681 0.79948412973317307 0.53054105714545574 2.2742566065280698 0.096461380831897481
leaf_count=4740 2186 31 129 193 149 43 13 541 23866 1845 277 249 80 15
internal_value=0.00077662 -0.00083753 -0.0328198 -5.27262e-05 0.100193 0.463496 0.292274 0.0103963 -0.000354423 -0.0184974 0.0189671 0.034412 0.0491356 0.117319
internal_weight=264.513 226.506 5.42504 221.081 0.663362 0.194445 0.145679 38.007 220.417 11.5684 4.38573 3.58625 3.05571 0.781453
internal_count=34357 29076 2315 26761 236 87 56 5281 26525 2659 814 537 288 208
is_linear=0
shrinkage=0.05


Tree=293
num_leaves=15
num_cat=0
split_feature=3 0 4 6 5 4 2 2 0 1 2 2 5 0
split_gain=1.38039 1.04869 0.99299 1.12355 2.42817 1.71493 2.3707 1.58722 4.12208 5.38336 5.91608 3.49831 3.11274 3.09175
threshold=1.4284400939941408 27.956548690795902 1.5128308182275276 21.500000000000004 1.5306082963943484 0.86957297275920087 0.35783112159426828 1.4282884291777409 120.4042205810547 -0.27048806205475157 1.4478904008661653 1.4933277863937802 0.75979457795619976 99.518527984619155
decision_type=2 2 2 2 2 2 2 2 2 2 2 2 2 2
left_child=1 -1 3 5 -5 7 -7 12 9 10 -9 -12 -3 -13
right_child=-2 2 -4 4 -6 6 -8 8 -10 -11 11 13 -14 -15
leaf_value=0.048060184965246014 -0.051416113064644324 0.00078325116764247748 -0.04783478993446761 0.025948432083083298 -0.024517658261178108 0.042752091301117331 -0.021567923791979221 0.20543933207841858 -0.012348506816123712 0.0038174352514349554 -0.045274937424662202 0.0019231085139060312 -0.047141931104658086 0.048184315404124184
leaf_weight=1.2542822799659905 1.1947458425493085 147.70777186706255 0.98662139486623246 11.839401799319601 2.9843380961247012 1.6031210124492634 13.468369397236527 0.49776321393437939 18.316315193718765 39.437949954561191 1.4012401682848601 4.8237259281886535 3.4676296285470007 14.373929450171998
leaf_count=793 572 18626 693 2335 662 57 1870 11 4940 2338 49 525 200 689
internal_value=0.00220629 0.00245066 0.0022314 0.00242144 0.0157885 0.00161299 -0.0147263 0.00268355 0.00843448 0.0147229 0.0351095 0.0309936 -0.000316047 0.0365604
internal_weight=263.357 262.162 260.908 259.922 14.8237 245.098 15.0715 230.026 78.8509 60.5346 21.0967 20.5989 151.175 19.1977
internal_count=34360 33788 32995 32302 2997 29305 1927 27378 8552 3612 1274 1263 18826 1214
is_linear=0
shrinkage=0.05


Tree=294
num_leaves=15
num_cat=0
split_feature=2 7 1 7 1 1 2 7 4 1 4 3 0 0
split_gain=1.70587 2.4582 2.97699 2.45134 2.87394 1.57578 1.54791 1.66042 1.54171 4.29144 1.44921 1.3649 1.22845 1.16996
threshold=2.3333621472497108 0.51868434868298441 -0.32960218188115048 0.064579484971425974 0.060151065857750492 0.51241466759094867 2.3216350245501207 0.21856288627796386 0.024469296484843143 -0.38646251253359848 0.64028392253300315 0.99798965454101574 27.956548690795902 113.4473342895508
decision_type=2 2 2 2 2 2 2 2 2 2 2 2 2 2
left_child=6 2 8 4 -4 13 11 -8 9 -2 -3 12 -1 -5
right_child=1 10 3 5 -6 -7 7 -9 -10 -11 -12 -13 -14 -15
leaf_value=0.053983353380243237 -0.04881676903237353 -0.043616980684970698 0.013336084458061101 -0.016018417735395172 0.21430041962910884 0.079077296056428284 0.19425355355892943 0.030741573426505703 0.019751571716115884 0.22731633267428025 0.044423576094608078 -0.026291336917450243 0.001095292686395052 -0.051840892829294064
leaf_weight=1.1031789768094302 0.24952576856594533 6.6605700804957442 2.1082334515995167 5.4879665466833067 0.19429705513175566 0.33744022413157004 0.19732928601297217 0.7282632022688631 4.4984598626251682 0.32263044768479332 0.50269634693540854 4.5547817578008098 231.70800285731093 3.898411292644596
leaf_count=762 62 1752 711 732 31 9 35 113 557 10 144 585 27504 1399
internal_value=-0.000218741 -0.0128499 -0.00254773 -0.0160953 0.0302943 -0.0270801 0.00106722 0.0656011 0.0295841 0.106891 -0.0374386 0.000815576 0.0013459 -0.0308964
internal_weight=262.552 24.2602 17.097 12.0263 2.30253 9.72382 238.292 0.925592 5.07062 0.572156 7.16327 237.366 232.811 9.38638
internal_count=34406 5407 3511 2882 742 2140 28999 148 629 72 1896 28851 28266 2131
is_linear=0
shrinkage=0.05


Tree=295
num_leaves=15
num_cat=0
split_feature=4 8 5 1 1 4 8 5 4 2 2 5 5 5
split_gain=1.11837 1.26684 2.91415 3.13606 3.05332 2.64143 1.71307 3.58959 4.25654 4.62872 2.16942 2.25928 2.6375 2.14622
threshold=1.4923802725398245 100.15577384350694 0.75061712041497242 0.52874844354095096 0.59230486916895642 0.24826915408190428 40.322943835975146 0.17872929573059085 0.61266650995938854 1.3563033297485361 2.0285136408607172 0.010901212692260744 0.0016853213310241701 0.47790108248591429
decision_type=2 2 2 2 2 2 2 2 2 2 2 2 2 2
left_child=1 2 6 5 -5 -4 -1 10 9 13 11 12 -8 -9
right_child=-2 -3 3 4 -6 -7 7 8 -10 -11 -12 -13 -14 -15
leaf_value=-0.001608315109221564 -0.048645844510901495 0.016823795140101874 -0.0056010388901422499 0.084425746806720839 -0.0079550947113401181 -0.055369695639857774 -0.034783625227934302 0.0093086413328844989 0.055161020807954222 0.041075315686145364 -0.062757802345641614 -0.031082213740465981 0.038290597658787937 -0.035990368260790259
leaf_weight=198.32292920482723 1.217608085968094 10.016369567038053 4.2641503613413096 1.0449390941648733 6.2099926294358738 7.1137019798079564 1.7507983073664926 5.4502977294032515 6.737394743722688 6.5839597221929571 1.794082965760025 4.2225417672889307 4.1899354992201552 5.0260549809026998
leaf_count=25196 828 2724 809 47 603 1022 644 190 447 228 1003 139 121 292
internal_value=-0.000837334 -0.000615766 -0.001307 -0.0203377 0.00535066 -0.0367176 0.000207865 0.0102817 0.0215115 0.0082228 -0.0120681 -0.00312005 0.0167548 -0.0124237
internal_weight=263.945 262.727 252.711 18.6328 7.25493 11.3779 234.078 35.7551 23.7977 17.0603 11.9574 10.1633 5.94073 10.4764
internal_count=34293 33465 30741 2481 650 1831 28260 3064 1157 710 1907 904 765 482
is_linear=0
shrinkage=0.05


Tree=296
num_leaves=15
num_cat=0
split_feature=2 2 0 7 0 0 5 5 1 0 3 0 5 0
split_gain=2.09573 2.64522 6.12243 4.63467 2.56211 3.15939 4.2636 3.84895 2.52935 2.64174 2.29496 4.91812 4.74397 3.87105
threshold=1.5097778431775311 1.5495308751358006 104.10817337036134 0.64710927644393235 105.20701217651369 137.78449249267581 0.27388186380267149 1.0302486419677737 -0.70811975769026769 75.043289184570327 0.065120697021484389 103.07922744750978 0.17872929573059085 102.55465316772462
decision_type=2 2 2 2 2 2 2 2 2 2 2 2 2 2
left_child=8 2 3 -2 10 6 -6 -8 9 -1 11 12 13 -3
right_child=1 4 -4 -5 5 -7 7 -9 -10 -11 -12 -13 -14 -15
leaf_value=0.003098072419166386 0.1297100894964329 -0.024099574519699827 -0.051770062274151409 -0.025713000433851448 0.0029483893971838475 -0.024736338501753802 0.042515212342627465 -0.023080859099481019 -0.0019095162298583615 -0.045884965707723345 -0.021935236342291053 -0.062422665356910684 0.048687256373764976 0.10559343966339403
leaf_weight=4.5988772193377354 1.8931917262816567 6.0340273344481847 1.0811896865052402 0.64241342642344523 29.448652662573295 5.6389933142017972 16.170421124668795 2.5951794487918951 162.23301304222696 6.8562571553629823 14.406773383932885 2.2463683546084203 6.3336458887642948 0.63599900090775907
leaf_count=791 61 545 162 29 3388 3638 702 609 19556 2178 2068 82 469 35
internal_value=-0.000338432 0.00598977 0.047853 0.0903326 0.00417669 0.0106758 0.0148175 0.0334436 -0.00351284 -0.0262198 -0.00762498 0.00589398 0.0176956 -0.0117331
internal_weight=260.815 87.1269 3.61679 2.53561 83.5101 53.8532 48.2143 18.7656 173.688 11.4551 29.6568 15.25 13.0037 6.67003
internal_count=34313 11788 252 90 11536 8337 4699 1311 22525 2969 3199 1131 1049 580
is_linear=0
shrinkage=0.05


Tree=297
num_leaves=15
num_cat=0
split_feature=3 3 0 1 1 1 0 0 0 0 0 6 1 7
split_gain=1.30114 1.458 1.27282 2.05214 1.22564 1.34159 2.85776 2.39218 1.25456 2.20675 1.15617 1.13956 3.42439 1.55641
threshold=0.95970344543457042 0.94610214233398449 106.29524230957033 0.23715818628274279 0.91064254490871099 0.81830359667481178 126.34774017333986 126.9512405395508 49.821462631225593 55.319606781005866 29.35390663146973 9.5000000000000018 0.56287024253828888 0.51868434868298441
decision_type=2 2 2 2 2 2 2 2 2 2 2 2 2 2
left_child=1 4 -2 -4 5 11 -7 -8 10 -10 -6 13 -13 -1
right_child=2 -3 3 -5 8 6 7 -9 9 -11 -12 12 -14 -15
leaf_value=0.0040661374715595276 -0.037679533408466442 0.056333305946134199 -0.043431614181836831 0.052690218259492883 0.079339517362826475 -0.036423985840981159 0.094821992317087544 -0.050248513502859152 0.093273467058960946 -0.0183239128188541 -0.050921499332909598 0.0032764034808276245 0.037236881172318957 -0.0052749428060248054
leaf_weight=103.78813705666107 4.0427810897726877 1.2334966710768629 1.0123348651432027 1.2298410263247204 0.23304720222949926 5.4311959187034509 0.85501793771982171 0.42562642454868183 1.3327588144456965 0.66352396900765587 0.63314557931153104 55.817325114323467 8.5614844056326529 78.186541354261863
leaf_count=13183 900 75 290 129 1 1593 5 144 28 96 108 5457 552 11723
internal_value=0.00155449 0.00210382 -0.0209225 0.00929153 0.00184245 0.00147445 -0.0205813 0.0466073 0.0343765 0.0561808 -0.0158751 0.00207535 0.00779267 5.26848e-05
internal_weight=263.446 257.161 6.28496 2.24218 255.928 253.065 6.71184 1.28064 2.86248 1.99628 0.866193 246.353 64.3788 181.975
internal_count=34284 32965 1319 419 32890 32657 1742 149 233 124 109 30915 6009 24906
is_linear=0
shrinkage=0.05


Tree=298
num_leaves=15
num_cat=0
split_feature=5 6 3 0 0 7 6 5 8 4 0 5 6 3
split_gain=1.21794 3.45941 4.68165 2.74067 3.81871 3.50294 2.68367 2.14754 4.55458 3.70868 3.37911 2.96515 2.58404 2.7655
threshold=0.39121910929679876 4.5000000000000009 0.040710449218750007 101.89670944213869 105.20701217651369 0.65410417864063508 9.5000000000000018 0.23088824748992923 40.322943835975146 0.26471432289497482 123.11297988891603 0.36758440732955938 3.5000000000000004 0.026973724365234378
decision_type=2 2 2 2 2 2 2 2 2 2 2 2 2 2
left_child=7 -2 3 -3 -5 -6 -4 -1 9 10 12 -12 -9 -14
right_child=1 2 6 4 5 -7 -8 8 -10 -11 11 -13 13 -15
leaf_value=0.00056499328693227022 -0.043505770254280186 0.049413388654523535 -0.034886514511172667 -0.053398445934720762 0.069573287326895258 -0.051571900706645801 -0.0031895434245965432 -0.024042329902244242 0.045939063133353289 -0.038844771057555946 -0.052186157467043831 0.11829859255967312 0.081664803136162312 0.019736746176139262
leaf_weight=176.70910029614606 5.467234743278822 6.1622535551723541 8.2446829786040308 2.0232479122933 2.134788255207241 0.8282004193169995 35.137677603041084 1.9080539843125794 8.5124344299183559 4.3247999406594309 2.4517349683446805 0.2846553919953293 2.723229568488021 5.3335615241085179
leaf_count=24180 1667 495 1431 30 37 66 4219 473 452 568 318 35 83 224
internal_value=0.000667786 -0.00558827 -0.00178669 0.0271133 -0.000446414 0.0357114 -0.00921345 0.00252369 0.0160765 0.0011463 0.0147634 -0.0344513 0.0282779 0.0406687
internal_weight=262.246 59.9981 54.5309 11.1485 4.98624 2.96299 43.3824 202.248 25.5385 17.026 12.7012 2.73639 9.96485 8.05679
internal_count=34278 7945 6278 628 133 103 5650 26333 2153 1701 1133 353 780 307
is_linear=0
shrinkage=0.05


Tree=299
num_leaves=15
num_cat=0
split_feature=6 3 4 4 4 1 7 4 3 8 3 2 8 4
split_gain=1.73574 2.53616 1.95252 2.22299 1.93116 2.55292 3.01965 2.76975 3.96558 2.61922 2.49141 2.90973 3.3357 2.32302
threshold=6.5000000000000009 0.017829895019531253 0.67370659655993781 0.6624198129211849 0.87836268068522572 0.11032311558499676 0.30876595457749123 0.62243138829520106 0.37795257568359381 152.79227525053952 0.12179088592529298 0.37415325588484821 60.114349591507853 0.36066382065471364
decision_type=2 2 2 2 2 2 2 2 2 2 2 2 2 2
left_child=2 -2 3 -1 5 -3 13 8 9 -8 -6 -12 -13 -7
right_child=1 4 -4 -5 10 6 7 -9 -10 -11 11 12 -14 -15
leaf_value=-0.0035396200231093983 0.051503183051092319 -0.0022904162106939831 -0.053927788011451386 0.15138913169306109 -0.051057156002518839 0.07997938094687497 0.011700768715417718 0.047502482046510058 -0.028922595466197205 0.12682752494755337 0.056867662187988222 -0.042145967010358311 0.0090902788716358766 0.024696096876259614
leaf_weight=159.127158852516 2.7948105625764574 38.281000920351289 1.9285283100198274 0.23187071591382746 3.2515611610833757 2.7077573300193745 15.797304133637233 3.8074759817536679 7.3556701672532645 0.50998588989023197 1.7992539395490883 5.2028759851818895 8.1570358840763202 6.3716638243568013
leaf_count=24295 252 2736 732 11 1797 186 906 364 531 10 140 219 1605 448
internal_value=-0.000750619 0.00457114 -0.00391939 -0.0033142 0.00316441 0.0067336 0.016185 0.00792271 0.00155415 0.0153012 -0.0113427 -0.00282411 -0.0108631 0.0411832
internal_weight=257.324 96.0364 161.288 159.359 93.2416 74.8309 36.5499 27.4704 23.663 16.3073 18.4107 15.1592 13.3599 9.07942
internal_count=34232 9194 25038 24306 8942 5181 2445 1811 1447 916 3761 1964 1824 634
is_linear=0
shrinkage=0.05


end of trees

feature_importances:
Column_2=579
Column_0=574
Column_3=537
Column_5=537
Column_4=459
Column_8=435
Column_6=397
Column_7=346
Column_1=336

parameters:
[boosting: gbdt]
[objective: binary]
[metric: binary_logloss]
[tree_learner: serial]
[device_type: cpu]
[data_sample_strategy: bagging]
[data: ]
[valid: ]
[num_iterations: 300]
[learning_rate: 0.05]
[num_leaves: 15]
[num_threads: 5]
[seed: 0]
[deterministic: 0]
[force_col_wise: 0]
[force_row_wise: 0]
[histogram_pool_size: -1]
[max_depth: -1]
[min_data_in_leaf: 20]
[min_sum_hessian_in_leaf: 0.001]
[bagging_fraction: 0.8]
[pos_bagging_fraction: 1]
[neg_bagging_fraction: 1]
[bagging_freq: 1]
[bagging_seed: 3]
[bagging_by_query: 0]
[feature_fraction: 0.8]
[feature_fraction_bynode: 1]
[feature_fraction_seed: 2]
[extra_trees: 0]
[extra_seed: 6]
[early_stopping_round: 0]
[early_stopping_min_delta: 0]
[first_metric_only: 0]
[max_delta_step: 0]
[lambda_l1: 0]
[lambda_l2: 0]
[linear_lambda: 0]
[min_gain_to_split: 0]
[drop_rate: 0.1]
[max_drop: 50]
[skip_drop: 0.5]
[xgboost_dart_mode: 0]
[uniform_drop: 0]
[drop_seed: 4]
[top_rate: 0.2]
[other_rate: 0.1]
[min_data_per_group: 100]
[max_cat_threshold: 32]
[cat_l2: 10]
[cat_smooth: 10]
[max_cat_to_onehot: 4]
[top_k: 20]
[monotone_constraints: ]
[monotone_constraints_method: basic]
[monotone_penalty: 0]
[feature_contri: ]
[forcedsplits_filename: ]
[refit_decay_rate: 0.9]
[cegb_tradeoff: 1]
[cegb_penalty_split: 0]
[cegb_penalty_feature_lazy: ]
[cegb_penalty_feature_coupled: ]
[path_smooth: 0]
[interaction_constraints: ]
[verbosity: -1]
[saved_feature_importance_type: 0]
[use_quantized_grad: 0]
[num_grad_quant_bins: 4]
[quant_train_renew_leaf: 0]
[stochastic_rounding: 1]
[linear_tree: 0]
[max_bin: 255]
[max_bin_by_feature: ]
[min_data_in_bin: 3]
[bin_construct_sample_cnt: 200000]
[data_random_seed: 1]
[is_enable_sparse: 1]
[enable_bundle: 1]
[use_missing: 1]
[zero_as_missing: 0]
[feature_pre_filter: 1]
[pre_partition: 0]
[two_round: 0]
[header: 0]
[label_column: ]
[weight_column: ]
[group_column: ]
[ignore_column: ]
[categorical_feature: ]
[forcedbins_filename: ]
[precise_float_parser: 0]
[parser_config_file: ]
[objective_seed: 5]
[num_class: 1]
[is_unbalance: 0]
[scale_pos_weight: 1]
[sigmoid: 1]
[boost_from_average: 1]
[reg_sqrt: 0]
[alpha: 0.9]
[fair_c: 1]
[poisson_max_delta_step: 0.7]
[tweedie_variance_power: 1.5]
[lambdarank_truncation_level: 30]
[lambdarank_norm: 1]
[label_gain: ]
[lambdarank_position_bias_regularization: 0]
[eval_at: ]
[multi_error_top_k: 1]
[auc_mu_weights: ]
[num_machines: 1]
[local_listen_port: 12400]
[time_out: 120]
[machine_list_filename: ]
[machines: ]
[gpu_platform_id: -1]
[gpu_device_id: -1]
[gpu_device_id_list: ]
[gpu_use_dp: 0]
[num_gpu: 1]

end of parameters

pandas_categorical:null
